issuer_id,issuer_name,country,gics_sector,line_type,yahoo_ticker,exchange,currency,adr_ratio,primary_line,adtv_usd_3m,market_cap_usd,last_close,last_date,notes,tier,below_5m,liq_bucket,adtv_usd_3m_median,adtv_usd_3m_yahoo_avgvol,issuer_adtv_usd_3m,n_sessions_3m,zero_volume_days_3m,volume_quality,implied_adr_ratio,adr_ratio_check,yahoo_sector,gics_yahoo_mapped,gics_matches_yahoo,us_short_pct_float,us_days_to_cover,us_short_date,mcap_source,data_source
AR_ADECOAGRO,Adecoagro,Argentina,Consumer Staples,US_LISTED,AGRO,NYSE,USD,,true,8204804,1457510528,10.1,2026-10-02,Luxemburgo; Argentina/Brasil/Uruguai; controle Tether (2025),US_LATAM,false,B_5-20M,7651186,7846508,8204804,64,0,OK,,,Consumer Defensive,Consumer Staples,true,0.0419,1.44,2026-09-15,yahoo (linha EUA),"REAL: Yahoo Finance via yfinance 1.7.0, janela 2026-07-03..2026-10-02, extraido 2026-10-05"
AR_BBVA,BBVA Argentina,Argentina,Financials,ADR,BBAR,NYSE,USD,3,true,10261453,2706187375,12.38,2026-10-02,"BBAR = 3 acoes | OK (implicito 2.831, desvio -5.6%, n=20)",CORE,false,B_5-20M,8302692,7898081,10261453,64,0,OK,2.8314,"OK (implicito 2.831, desvio -5.6%, n=20)",Financial Services,Financials,true,0.0132,0.55,2026-09-15,yahoo (linha local mais liquida),"REAL: Yahoo Finance via yfinance 1.7.0, janela 2026-07-03..2026-10-02, extraido 2026-10-05"
AR_CAAP,Corporacion America Airports,Argentina,Industrials,US_LISTED,CAAP,NYSE,USD,,true,5884180,3969925376,24.3,2026-10-02,Luxemburgo; ~ metade do EBITDA na Argentina,US_LATAM,false,B_5-20M,4923164,5799972,5884180,64,0,OK,,,Industrials,Industrials,true,0.0542,6.69,2026-09-15,yahoo (linha EUA),"REAL: Yahoo Finance via yfinance 1.7.0, janela 2026-07-03..2026-10-02, extraido 2026-10-05"
AR_CEPU,Central Puerto,Argentina,Utilities,ADR,CEPU,NYSE,USD,10,true,3218303,1865308824,11.68,2026-10-02,"CEPU = 10 acoes | OK (implicito 9.509, desvio -4.9%, n=20)",CORE,true,C_2-5M,2795977,2713860,3218303,64,0,OK,9.5089,"OK (implicito 9.509, desvio -4.9%, n=20)",Utilities,Utilities,true,0.0025,1.57,2026-09-15,yahoo (linha local mais liquida),"REAL: Yahoo Finance via yfinance 1.7.0, janela 2026-07-03..2026-10-02, extraido 2026-10-05"
AR_CRESUD,Cresud,Argentina,Real Estate,ADR,CRESY,NASDAQ,USD,10,true,3057357,850240856,11.34,2026-10-02,"CRESY = 10 acoes | OK (implicito 9.467, desvio -5.3%, n=20)",CORE,true,C_2-5M,2607469,3009772,3057357,64,0,OK,9.4665,"OK (implicito 9.467, desvio -5.3%, n=20)",Industrials,Industrials,false,0.0809,3.58,2026-09-15,yahoo (linha local mais liquida),"REAL: Yahoo Finance via yfinance 1.7.0, janela 2026-07-03..2026-10-02, extraido 2026-10-05"
AR_GALICIA,Grupo Financiero Galicia,Argentina,Financials,ADR,GGAL,NASDAQ,USD,10,true,39893965,6156925563,35.89,2026-10-02,"GGAL = 10 acoes B | OK (implicito 9.428, desvio -5.7%, n=20)",CORE,false,A_>=20M,34521230,31461281,50013407,64,0,OK,9.4276,"OK (implicito 9.428, desvio -5.7%, n=20)",Financial Services,Financials,true,0.1798,6.3,2026-09-15,yahoo (linha local mais liquida),"REAL: Yahoo Finance via yfinance 1.7.0, janela 2026-07-03..2026-10-02, extraido 2026-10-05"
AR_GALICIA,Grupo Financiero Galicia,Argentina,Financials,LOCAL,GGAL.BA,BYMA,ARS,,false,10119442,6156925563,5835.0,2026-10-02,GGAL = 10 acoes B,CORE,false,B_5-20M,9084796,8593667,50013407,66,2,OK,,,Financial Services,Financials,true,,,,yahoo (linha local mais liquida),"REAL: Yahoo Finance via yfinance 1.7.0, janela 2026-07-03..2026-10-02, extraido 2026-10-05"
AR_GLOBANT,Globant,Argentina,Information Technology,US_LISTED,GLOB,NYSE,USD,,true,55063129,1515602304,35.1,2026-10-02,"Luxemburgo; base operacional Argentina/LatAm, receita majoritaria EUA",US_LATAM,false,A_>=20M,44329402,53819740,55063129,64,0,OK,,,Technology,Information Technology,true,0.2639,8.92,2026-09-15,yahoo (linha EUA),"REAL: Yahoo Finance via yfinance 1.7.0, janela 2026-07-03..2026-10-02, extraido 2026-10-05"
AR_IRSA,IRSA,Argentina,Real Estate,ADR,IRS,NYSE,USD,10,true,2387887,1203906489,13.36,2026-10-02,"IRS = 10 acoes | OK (implicito 9.470, desvio -5.3%, n=20)",CORE,true,C_2-5M,1855748,2124240,2387887,64,0,OK,9.47,"OK (implicito 9.470, desvio -5.3%, n=20)",Real Estate,Real Estate,true,0.0178,8.81,2026-09-15,yahoo (linha local mais liquida),"REAL: Yahoo Finance via yfinance 1.7.0, janela 2026-07-03..2026-10-02, extraido 2026-10-05"
AR_LAR,Lithium Argentina,Argentina,Materials,US_LISTED,LAR,NYSE,USD,,true,11671408,900908992,5.49,2026-10-02,,US_LATAM,false,B_5-20M,11374455,10036702,11671408,64,0,OK,,,Basic Materials,Materials,true,0.0405,3.08,2026-09-15,yahoo (linha EUA),"REAL: Yahoo Finance via yfinance 1.7.0, janela 2026-07-03..2026-10-02, extraido 2026-10-05"
AR_LOMA,Loma Negra,Argentina,Materials,ADR,LOMA,NYSE,USD,5,true,4064786,1136449069,9.16,2026-10-02,"LOMA = 5 acoes | OK (implicito 4.729, desvio -5.4%, n=20)",CORE,true,C_2-5M,3688713,3630566,4064786,64,0,OK,4.7288,"OK (implicito 4.729, desvio -5.4%, n=20)",Basic Materials,Materials,true,0.0173,2.62,2026-09-15,yahoo (linha local mais liquida),"REAL: Yahoo Finance via yfinance 1.7.0, janela 2026-07-03..2026-10-02, extraido 2026-10-05"
AR_MACRO,Banco Macro,Argentina,Financials,ADR,BMA,NYSE,USD,10,true,22847472,4402714948,64.55,2026-10-02,"BMA = 10 acoes B | OK (implicito 9.439, desvio -5.6%, n=20)",CORE,false,A_>=20M,21548442,18403787,24866991,64,0,OK,9.4391,"OK (implicito 9.439, desvio -5.6%, n=20)",Financial Services,Financials,true,0.0208,1.4,2026-09-15,yahoo (linha local mais liquida),"REAL: Yahoo Finance via yfinance 1.7.0, janela 2026-07-03..2026-10-02, extraido 2026-10-05"
AR_MACRO,Banco Macro,Argentina,Financials,LOCAL,BMA.BA,BYMA,ARS,,false,2019519,4402714948,10500.0,2026-10-02,BMA = 10 acoes B,CORE,true,C_2-5M,1766121,1699684,24866991,66,2,OK,,,Financial Services,Financials,true,,,,yahoo (linha local mais liquida),"REAL: Yahoo Finance via yfinance 1.7.0, janela 2026-07-03..2026-10-02, extraido 2026-10-05"
AR_PAMPA,Pampa Energia,Argentina,Utilities,ADR,PAM,NYSE,USD,25,true,14030073,4374333032,76.39,2026-10-02,"PAM = 25 acoes | OK (implicito 23.613, desvio -5.5%, n=20)",CORE,false,B_5-20M,13356917,12927098,17225858,64,0,OK,23.613,"OK (implicito 23.613, desvio -5.5%, n=20)",Industrials,Industrials,false,0.0126,1.94,2026-09-15,yahoo (linha local mais liquida),"REAL: Yahoo Finance via yfinance 1.7.0, janela 2026-07-03..2026-10-02, extraido 2026-10-05"
AR_PAMPA,Pampa Energia,Argentina,Utilities,LOCAL,PAMP.BA,BYMA,ARS,,false,3195785,4374333032,4972.5,2026-10-02,PAM = 25 acoes,CORE,true,C_2-5M,3168564,3089339,17225858,66,2,OK,,,Industrials,Industrials,false,,,,yahoo (linha local mais liquida),"REAL: Yahoo Finance via yfinance 1.7.0, janela 2026-07-03..2026-10-02, extraido 2026-10-05"
AR_SUPERVIELLE,Grupo Supervielle,Argentina,Financials,ADR,SUPV,NYSE,USD,5,true,4634677,648755616,6.86,2026-10-02,"SUPV = 5 acoes B | OK (implicito 4.698, desvio -6.0%, n=20)",CORE,true,C_2-5M,4171895,3738535,4634677,64,0,OK,4.6977,"OK (implicito 4.698, desvio -6.0%, n=20)",Financial Services,Financials,true,0.0447,4.24,2026-09-15,yahoo (linha local mais liquida),"REAL: Yahoo Finance via yfinance 1.7.0, janela 2026-07-03..2026-10-02, extraido 2026-10-05"
AR_TEO,Telecom Argentina,Argentina,Communication Services,ADR,TEO,NYSE,USD,5,true,3513832,5367000405,11.72,2026-10-02,"TEO = 5 acoes B | OK (implicito 4.713, desvio -5.7%, n=20)",CORE,true,C_2-5M,3147342,3089076,3513832,64,0,OK,4.7129,"OK (implicito 4.713, desvio -5.7%, n=20)",Communication Services,Communication Services,true,0.0031,0.74,2026-09-15,yahoo (linha local mais liquida),"REAL: Yahoo Finance via yfinance 1.7.0, janela 2026-07-03..2026-10-02, extraido 2026-10-05"
AR_TGS,Transportadora de Gas del Sur,Argentina,Energy,ADR,TGS,NYSE,USD,5,true,6295861,3998594810,25.01,2026-10-02,"TGS = 5 acoes B | OK (implicito 4.726, desvio -5.5%, n=20)",CORE,false,B_5-20M,5809443,5444152,6295861,64,0,OK,4.7257,"OK (implicito 4.726, desvio -5.5%, n=20)",Energy,Energy,true,0.0078,1.06,2026-09-15,yahoo (linha local mais liquida),"REAL: Yahoo Finance via yfinance 1.7.0, janela 2026-07-03..2026-10-02, extraido 2026-10-05"
AR_YPF,YPF,Argentina,Energy,ADR,YPF,NYSE,USD,10,true,63026899,20736660836,49.67,2026-10-02,"Desdobramento 10:1 das acoes locais em 03/08/2026 (Yahoo splits) sem ajuste do ADS => 1 ADS = 10 acoes D (inferido por preco) | OK (implicito 9.454, desvio -5.5%, n=20) | short interest Yahoo inconsistente (shortPercentOfFloat=72,36, provavel erro de unidade pos-desdobramento) - descartado; sharesPercentSharesOut=1,47% (15/09/2026)",CORE,false,A_>=20M,52518847,60891842,74720588,64,0,OK,9.4541,"OK (implicito 9.454, desvio -5.5%, n=20)",Energy,Energy,true,,4.5,2026-09-15,yahoo (linha local mais liquida),"REAL: Yahoo Finance via yfinance 1.7.0, janela 2026-07-03..2026-10-02, extraido 2026-10-05"
AR_YPF,YPF,Argentina,Energy,LOCAL,YPFD.BA,BYMA,ARS,,false,11693689,20736660836,8050.0,2026-10-02,Desdobramento 10:1 das acoes locais em 03/08/2026 (Yahoo splits) sem ajuste do ADS => 1 ADS = 10 acoes D (inferido por preco),CORE,false,B_5-20M,11051250,11822404,74720588,66,2,OK,,,Energy,Energy,true,,,,yahoo (linha local mais liquida),"REAL: Yahoo Finance via yfinance 1.7.0, janela 2026-07-03..2026-10-02, extraido 2026-10-05"
MX_VISTA,Vista Energy,Argentina,Energy,ADR,VIST,NYSE,USD,1,true,72872114,7060018701,64.25,2026-10-02,"Domicilio Mexico (BMV), operacao Vaca Muerta; VIST = 1 serie A | OK (implicito 0.996, desvio -0.4%, n=20)",CORE,false,A_>=20M,63373642,67287612,72872114,64,0,OK,0.9957,"OK (implicito 0.996, desvio -0.4%, n=20)",Energy,Energy,true,0.0325,2.15,2026-09-15,yahoo (linha local mais liquida),"REAL: Yahoo Finance via yfinance 1.7.0, janela 2026-07-03..2026-10-02, extraido 2026-10-05"
BR_3TENTOS,3tentos,Brazil,Consumer Staples,LOCAL,TTEN3.SA,B3,BRL,,true,4326658,1035800532,10.82,2026-10-02,,CORE,true,C_2-5M,3346015,4063239,4326658,65,0,OK,,,Basic Materials,Materials,false,,,,yahoo (linha local mais liquida),"REAL: Yahoo Finance via yfinance 1.7.0, janela 2026-07-03..2026-10-02, extraido 2026-10-05"
BR_ABC,Banco ABC Brasil,Brazil,Financials,LOCAL,ABCB4.SA,B3,BRL,,true,2431653,1291149577,26.15,2026-10-02,,CORE,true,C_2-5M,2204696,2619056,2431653,65,0,OK,,,Financial Services,Financials,true,,,,yahoo (linha local mais liquida),"REAL: Yahoo Finance via yfinance 1.7.0, janela 2026-07-03..2026-10-02, extraido 2026-10-05"
BR_AFYA,Afya,Brazil,Consumer Discretionary,US_LISTED,AFYA,NASDAQ,USD,,true,2821109,1081203840,12.22,2026-10-02,Educacao medica,US_LATAM,true,C_2-5M,1873496,2525214,2821109,64,0,OK,,,Consumer Defensive,Consumer Staples,false,0.2896,6.24,2026-09-15,yahoo (linha EUA),"REAL: Yahoo Finance via yfinance 1.7.0, janela 2026-07-03..2026-10-02, extraido 2026-10-05"
BR_ALLOS,Allos,Brazil,Real Estate,LOCAL,ALOS3.SA,B3,BRL,,true,24127652,2921783409,30.51,2026-10-02,,CORE,false,A_>=20M,20664752,26256412,24127652,65,0,OK,,,Real Estate,Real Estate,true,,,,yahoo (linha local mais liquida),"REAL: Yahoo Finance via yfinance 1.7.0, janela 2026-07-03..2026-10-02, extraido 2026-10-05"
BR_ALPARGATAS,Alpargatas,Brazil,Consumer Discretionary,LOCAL,ALPA4.SA,B3,BRL,,true,4762296,1973243065,15.17,2026-10-02,,CORE,true,C_2-5M,3737093,5460767,4762296,65,0,OK,,,Consumer Cyclical,Consumer Discretionary,true,,,,yahoo (linha local mais liquida),"REAL: Yahoo Finance via yfinance 1.7.0, janela 2026-07-03..2026-10-02, extraido 2026-10-05"
BR_ALUPAR,Alupar,Brazil,Utilities,LOCAL,ALUP11.SA,B3,BRL,,true,6174868,2139614440,33.51,2026-10-02,,CORE,false,B_5-20M,5395886,6306990,6174868,65,0,OK,,,Utilities,Utilities,true,,,,mediana classes ON/PN (Yahoo superestima units),"REAL: Yahoo Finance via yfinance 1.7.0, janela 2026-07-03..2026-10-02, extraido 2026-10-05"
BR_AMBEV,Ambev,Brazil,Consumer Staples,LOCAL,ABEV3.SA,B3,BRL,,true,82805578,46757776547,15.84,2026-10-02,,CORE,false,A_>=20M,74524215,84133433,162943316,65,0,OK,,,Consumer Defensive,Consumer Staples,true,,,,yahoo (linha local mais liquida),"REAL: Yahoo Finance via yfinance 1.7.0, janela 2026-07-03..2026-10-02, extraido 2026-10-05"
BR_AMBEV,Ambev,Brazil,Consumer Staples,ADR,ABEV,NYSE,USD,1,false,80137739,46757776547,2.99,2026-10-02,"OK (implicito 0.985, desvio -1.5%, n=20)",CORE,false,A_>=20M,68897163,80571435,162943316,64,0,OK,0.9851,"OK (implicito 0.985, desvio -1.5%, n=20)",Consumer Defensive,Consumer Staples,true,,4.53,2026-09-15,yahoo (linha local mais liquida),"REAL: Yahoo Finance via yfinance 1.7.0, janela 2026-07-03..2026-10-02, extraido 2026-10-05"
BR_ANIMA,Anima Educacao,Brazil,Consumer Discretionary,LOCAL,ANIM3.SA,B3,BRL,,true,4694378,241652241,3.34,2026-10-02,,CORE,true,C_2-5M,3598870,6538535,4694378,65,0,OK,,,Consumer Defensive,Consumer Staples,false,,,,yahoo (linha local mais liquida),"REAL: Yahoo Finance via yfinance 1.7.0, janela 2026-07-03..2026-10-02, extraido 2026-10-05"
BR_ASSAI,Assai Atacadista,Brazil,Consumer Staples,LOCAL,ASAI3.SA,B3,BRL,,true,19806362,2851584921,11.15,2026-10-02,,CORE,false,B_5-20M,15395835,24059025,19806362,65,0,OK,,,Consumer Defensive,Consumer Staples,true,,,,yahoo (linha local mais liquida),"REAL: Yahoo Finance via yfinance 1.7.0, janela 2026-07-03..2026-10-02, extraido 2026-10-05"
BR_AURA,Aura Minerals,Brazil,Materials,US_LISTED,AUGO,NASDAQ,USD,,true,72606250,6870428672,81.95,2026-10-02,Listada na Nasdaq (AUGO) em 07/2025; BDR AURA33 na B3,US_LATAM,false,A_>=20M,61121396,79229093,95097938,64,0,OK,,,Basic Materials,Materials,true,0.1669,5.66,2026-09-15,yahoo (linha EUA),"REAL: Yahoo Finance via yfinance 1.7.0, janela 2026-07-03..2026-10-02, extraido 2026-10-05"
BR_AURA,Aura Minerals,Brazil,Materials,LOCAL,AURA33.SA,B3,BRL,,false,22491688,6870428672,141.41,2026-10-02,"Listada na Nasdaq (AUGO) em 07/2025; BDR AURA33 na B3 | BDR: 1 acao US = 3.003 BDR (implicito, n=20)",US_LATAM,false,A_>=20M,22329773,25060108,95097938,65,0,OK,,"BDR: 1 acao US = 3.003 BDR (implicito, n=20)",Basic Materials,Materials,true,,,,yahoo (linha EUA),"REAL: Yahoo Finance via yfinance 1.7.0, janela 2026-07-03..2026-10-02, extraido 2026-10-05"
BR_AUREN,Auren Energia,Brazil,Utilities,LOCAL,AURE3.SA,B3,BRL,,true,7058050,2764304538,13.82,2026-10-02,,CORE,false,B_5-20M,6496777,8324368,7058050,65,0,OK,,,Utilities,Utilities,true,,,,yahoo (linha local mais liquida),"REAL: Yahoo Finance via yfinance 1.7.0, janela 2026-07-03..2026-10-02, extraido 2026-10-05"
BR_AXIA,Axia Energia (ex-Eletrobras),Brazil,Utilities,LOCAL,AXIA3.SA,B3,BRL,,true,130971241,24996605149,56.9,2026-10-02,"Renomeada em 10/11/2025: ELET3->AXIA3, ELET6->AXIA6, EBR->AXIA, EBR-B->AXIA PR",CORE,false,A_>=20M,119928445,138571126,130971241,65,0,OK,,,Utilities,Utilities,true,,,,yahoo (linha local mais liquida),"REAL: Yahoo Finance via yfinance 1.7.0, janela 2026-07-03..2026-10-02, extraido 2026-10-05"
BR_AZZAS,Azzas 2154,Brazil,Consumer Discretionary,LOCAL,AZZA3.SA,B3,BRL,,true,9661434,756427259,19.54,2026-10-02,Fusao Arezzo+Soma,CORE,false,B_5-20M,7399018,11456436,9661434,65,0,OK,,,Consumer Cyclical,Consumer Discretionary,true,,,,yahoo (linha local mais liquida),"REAL: Yahoo Finance via yfinance 1.7.0, janela 2026-07-03..2026-10-02, extraido 2026-10-05"
BR_B3,B3 SA,Brazil,Financials,LOCAL,B3SA3.SA,B3,BRL,,true,116636928,18119781427,19.0,2026-10-02,,CORE,false,A_>=20M,108838181,135118035,116636928,65,0,OK,,,Financial Services,Financials,true,,,,yahoo (linha local mais liquida),"REAL: Yahoo Finance via yfinance 1.7.0, janela 2026-07-03..2026-10-02, extraido 2026-10-05"
BR_BANRISUL,Banrisul,Brazil,Financials,LOCAL,BRSR6.SA,B3,BRL,,true,5035705,1246672849,15.92,2026-10-02,,CORE,false,B_5-20M,2838047,5437787,5035705,65,0,OK,,,Financial Services,Financials,true,,,,yahoo (linha local mais liquida),"REAL: Yahoo Finance via yfinance 1.7.0, janela 2026-07-03..2026-10-02, extraido 2026-10-05"
BR_BB,Banco do Brasil,Brazil,Financials,LOCAL,BBAS3.SA,B3,BRL,,true,119624773,25928555344,23.72,2026-10-02,ADR apenas OTC (BDORY) - excluida,CORE,false,A_>=20M,103638734,135064654,119624773,65,0,OK,,,Financial Services,Financials,true,,,,yahoo (linha local mais liquida),"REAL: Yahoo Finance via yfinance 1.7.0, janela 2026-07-03..2026-10-02, extraido 2026-10-05"
BR_BBSEG,BB Seguridade,Brazil,Financials,LOCAL,BBSE3.SA,B3,BRL,,true,45827162,15035328561,40.45,2026-10-02,,CORE,false,A_>=20M,42722955,46189918,45827162,65,0,OK,,,Financial Services,Financials,true,,,,yahoo (linha local mais liquida),"REAL: Yahoo Finance via yfinance 1.7.0, janela 2026-07-03..2026-10-02, extraido 2026-10-05"
BR_BEMOBI,Bemobi,Brazil,Information Technology,LOCAL,BMOB3.SA,B3,BRL,,true,2440889,452713154,28.34,2026-10-02,,CORE,true,C_2-5M,1862124,2698275,2440889,65,0,OK,,,Communication Services,Communication Services,false,,,,yahoo (linha local mais liquida),"REAL: Yahoo Finance via yfinance 1.7.0, janela 2026-07-03..2026-10-02, extraido 2026-10-05"
BR_BRADESCO,Banco Bradesco,Brazil,Financials,LOCAL,BBDC4.SA,B3,BRL,,true,131660215,38990133604,19.23,2026-10-02,BBD = 1 PN; BBDO = 1 ON,CORE,false,A_>=20M,121330884,141343531,259444206,65,0,OK,,,Financial Services,Financials,true,,,,yahoo (linha local mais liquida),"REAL: Yahoo Finance via yfinance 1.7.0, janela 2026-07-03..2026-10-02, extraido 2026-10-05"
BR_BRADESCO,Banco Bradesco,Brazil,Financials,ADR,BBD,NYSE,USD,1,false,102849218,38990133604,3.65,2026-10-02,"BBD = 1 PN; BBDO = 1 ON | OK (implicito 0.988, desvio -1.2%, n=20)",CORE,false,A_>=20M,99533882,109143168,259444206,64,0,OK,0.9881,"OK (implicito 0.988, desvio -1.2%, n=20)",Financial Services,Financials,true,0.0030,0.55,2026-09-15,yahoo (linha local mais liquida),"REAL: Yahoo Finance via yfinance 1.7.0, janela 2026-07-03..2026-10-02, extraido 2026-10-05"
BR_BRADESCO,Banco Bradesco,Brazil,Financials,LOCAL,BBDC3.SA,B3,BRL,,false,24934773,38990133604,16.83,2026-10-02,BBD = 1 PN; BBDO = 1 ON,CORE,false,A_>=20M,17725772,26442803,259444206,65,0,OK,,,Financial Services,Financials,true,,,,yahoo (linha local mais liquida),"REAL: Yahoo Finance via yfinance 1.7.0, janela 2026-07-03..2026-10-02, extraido 2026-10-05"
BR_BRADESPAR,Bradespar,Brazil,Materials,LOCAL,BRAP4.SA,B3,BRL,,true,8434248,1562571438,20.76,2026-10-02,Holding (Vale),CORE,false,B_5-20M,7535873,8147185,8434248,65,0,OK,,,Financial Services,Financials,false,,,,yahoo (linha local mais liquida),"REAL: Yahoo Finance via yfinance 1.7.0, janela 2026-07-03..2026-10-02, extraido 2026-10-05"
BR_BRADSAUDE,Bradesco Saude,Brazil,Health Care,LOCAL,SAUD3.SA,B3,BRL,,true,15118901,7848010062,14.02,2026-10-02,Nova listagem (SAUD3) - verificar estrutura (Odontoprev),CORE,false,B_5-20M,11759442,14406067,15118901,65,0,OK,,,Healthcare,Health Care,true,,,,yahoo (linha local mais liquida),"REAL: Yahoo Finance via yfinance 1.7.0, janela 2026-07-03..2026-10-02, extraido 2026-10-05"
BR_BRASKEM,Braskem,Brazil,Materials,LOCAL,BRKM5.SA,B3,BRL,,true,6917016,614977725,4.03,2026-10-02,BAK = 2 PNA; disputa de controle (Novonor),CORE,false,B_5-20M,6202131,5382854,11012669,65,0,OK,,,Basic Materials,Materials,true,,,,yahoo (linha local mais liquida),"REAL: Yahoo Finance via yfinance 1.7.0, janela 2026-07-03..2026-10-02, extraido 2026-10-05"
BR_BRASKEM,Braskem,Brazil,Materials,ADR,BAK,NYSE,USD,2,false,4095653,614977725,1.55,2026-10-02,"BAK = 2 PNA; disputa de controle (Novonor) | OK (implicito 1.996, desvio -0.2%, n=20)",CORE,true,C_2-5M,3272551,3209766,11012669,64,0,OK,1.9961,"OK (implicito 1.996, desvio -0.2%, n=20)",Basic Materials,Materials,true,0.0478,1.62,2026-09-15,yahoo (linha local mais liquida),"REAL: Yahoo Finance via yfinance 1.7.0, janela 2026-07-03..2026-10-02, extraido 2026-10-05"
BR_BRAVA,Brava Energia,Brazil,Energy,LOCAL,BRAV3.SA,B3,BRL,,true,21212793,1681128957,18.9,2026-10-02,ex-3R/Enauta,CORE,false,A_>=20M,17687184,20886059,21212793,65,0,OK,,,Energy,Energy,true,,,,yahoo (linha local mais liquida),"REAL: Yahoo Finance via yfinance 1.7.0, janela 2026-07-03..2026-10-02, extraido 2026-10-05"
BR_BTG,BTG Pactual,Brazil,Financials,LOCAL,BPAC11.SA,B3,BRL,,true,114582599,50986922834,66.02,2026-10-02,Unit BPAC11,CORE,false,A_>=20M,106256746,131568135,114582599,65,0,OK,,,Financial Services,Financials,true,,,,mediana classes ON/PN (Yahoo superestima units),"REAL: Yahoo Finance via yfinance 1.7.0, janela 2026-07-03..2026-10-02, extraido 2026-10-05"
BR_CBA,Companhia Brasileira de Aluminio,Brazil,Materials,LOCAL,CBAV3.SA,B3,BRL,,true,4874469,1401228695,11.24,2026-10-02,,CORE,true,C_2-5M,4299813,4884958,4874469,65,0,OK,,,Basic Materials,Materials,true,,,,yahoo (linha local mais liquida),"REAL: Yahoo Finance via yfinance 1.7.0, janela 2026-07-03..2026-10-02, extraido 2026-10-05"
BR_CEA,C&A Modas,Brazil,Consumer Discretionary,LOCAL,CEAB3.SA,B3,BRL,,true,15277525,583895043,10.3,2026-10-02,,CORE,false,B_5-20M,13528010,17311992,15277525,65,0,OK,,,Consumer Cyclical,Consumer Discretionary,true,,,,yahoo (linha local mais liquida),"REAL: Yahoo Finance via yfinance 1.7.0, janela 2026-07-03..2026-10-02, extraido 2026-10-05"
BR_CEMIG,Cemig,Brazil,Utilities,LOCAL,CMIG4.SA,B3,BRL,,true,29726832,6249833614,11.41,2026-10-02,CIG = 1 PN,CORE,false,A_>=20M,26697253,30641471,40114929,65,0,OK,,,Utilities,Utilities,true,,,,yahoo (linha local mais liquida),"REAL: Yahoo Finance via yfinance 1.7.0, janela 2026-07-03..2026-10-02, extraido 2026-10-05"
BR_CEMIG,Cemig,Brazil,Utilities,ADR,CIG,NYSE,USD,1,false,10388097,6249833614,2.15,2026-10-02,"CIG = 1 PN | OK (implicito 0.979, desvio -2.1%, n=20)",CORE,false,B_5-20M,9344998,10630828,40114929,64,0,OK,0.9792,"OK (implicito 0.979, desvio -2.1%, n=20)",Utilities,Utilities,true,0.0020,0.69,2026-09-15,yahoo (linha local mais liquida),"REAL: Yahoo Finance via yfinance 1.7.0, janela 2026-07-03..2026-10-02, extraido 2026-10-05"
BR_CMIN,CSN Mineracao,Brazil,Materials,LOCAL,CMIN3.SA,B3,BRL,,true,9713950,5111690139,4.97,2026-10-02,,CORE,false,B_5-20M,9086932,8513788,9713950,65,0,OK,,,Basic Materials,Materials,true,,,,yahoo (linha local mais liquida),"REAL: Yahoo Finance via yfinance 1.7.0, janela 2026-07-03..2026-10-02, extraido 2026-10-05"
BR_COGNA,Cogna,Brazil,Consumer Discretionary,LOCAL,COGN3.SA,B3,BRL,,true,12803513,932535270,2.43,2026-10-02,,CORE,false,B_5-20M,12715074,13768548,12803513,65,0,OK,,,Consumer Defensive,Consumer Staples,false,,,,yahoo (linha local mais liquida),"REAL: Yahoo Finance via yfinance 1.7.0, janela 2026-07-03..2026-10-02, extraido 2026-10-05"
BR_COMPASS,Compass Gas e Energia,Brazil,Utilities,LOCAL,PASS3.SA,B3,BRL,,true,5080356,3110808132,23.83,2026-10-02,IPO na B3 em 11/05/2026 (PASS3),CORE,false,B_5-20M,3994058,5170347,5080356,65,0,OK,,,Utilities,Utilities,true,,,,yahoo (linha local mais liquida),"REAL: Yahoo Finance via yfinance 1.7.0, janela 2026-07-03..2026-10-02, extraido 2026-10-05"
BR_COPASA,Copasa,Brazil,Utilities,LOCAL,CSMG3.SA,B3,BRL,,true,45753192,4083972631,56.25,2026-10-02,,CORE,false,A_>=20M,41494594,43257463,45753192,65,0,OK,,,Utilities,Utilities,true,,,,yahoo (linha local mais liquida),"REAL: Yahoo Finance via yfinance 1.7.0, janela 2026-07-03..2026-10-02, extraido 2026-10-05"
BR_COPEL,Copel,Brazil,Utilities,LOCAL,CPLE3.SA,B3,BRL,,true,49109504,9444574022,16.61,2026-10-02,Novo Mercado 22/12/2025 (so ON CPLE3); ADS ELP (PNB) trocado por ELPC (4 ON) em 26/12/2025,CORE,false,A_>=20M,44194450,53611097,54668350,65,0,OK,,,Utilities,Utilities,true,,,,yahoo (linha local mais liquida),"REAL: Yahoo Finance via yfinance 1.7.0, janela 2026-07-03..2026-10-02, extraido 2026-10-05"
BR_COPEL,Copel,Brazil,Utilities,ADR,ELPC,NYSE,USD,4,false,5558846,9444574022,12.86,2026-10-02,"Novo Mercado 22/12/2025 (so ON CPLE3); ADS ELP (PNB) trocado por ELPC (4 ON) em 26/12/2025 | OK (implicito 4.004, desvio +0.1%, n=20)",CORE,false,B_5-20M,4886605,6083217,54668350,64,0,OK,4.0039,"OK (implicito 4.004, desvio +0.1%, n=20)",Utilities,Utilities,true,0.0013,1.34,2026-09-15,yahoo (linha local mais liquida),"REAL: Yahoo Finance via yfinance 1.7.0, janela 2026-07-03..2026-10-02, extraido 2026-10-05"
BR_COSAN,Cosan,Brazil,Energy,LOCAL,CSAN3.SA,B3,BRL,,true,20562259,3112019850,4.12,2026-10-02,CSAN ADR = 4 ON,CORE,false,A_>=20M,18388567,22635115,20562259,65,0,OK,,,Energy,Energy,true,,,,yahoo (linha local mais liquida),"REAL: Yahoo Finance via yfinance 1.7.0, janela 2026-07-03..2026-10-02, extraido 2026-10-05"
BR_CPFL,CPFL Energia,Brazil,Utilities,LOCAL,CPFE3.SA,B3,BRL,,true,13637935,10610025079,48.09,2026-10-02,,CORE,false,B_5-20M,11619845,14488381,13637935,65,0,OK,,,Utilities,Utilities,true,,,,yahoo (linha local mais liquida),"REAL: Yahoo Finance via yfinance 1.7.0, janela 2026-07-03..2026-10-02, extraido 2026-10-05"
BR_CSN,CSN Siderurgica Nacional,Brazil,Materials,LOCAL,CSNA3.SA,B3,BRL,,true,19784100,1566652557,6.17,2026-10-02,,CORE,false,B_5-20M,16221606,21699637,25617982,65,0,OK,,,Basic Materials,Materials,true,,,,yahoo (linha local mais liquida),"REAL: Yahoo Finance via yfinance 1.7.0, janela 2026-07-03..2026-10-02, extraido 2026-10-05"
BR_CSN,CSN Siderurgica Nacional,Brazil,Materials,ADR,SID,NYSE,USD,1,false,5833882,1566652557,1.16,2026-10-02,"OK (implicito 0.963, desvio -3.7%, n=20)",CORE,false,B_5-20M,3899438,6137319,25617982,64,0,OK,0.9634,"OK (implicito 0.963, desvio -3.7%, n=20)",Basic Materials,Materials,true,0.0054,0.76,2026-09-15,yahoo (linha local mais liquida),"REAL: Yahoo Finance via yfinance 1.7.0, janela 2026-07-03..2026-10-02, extraido 2026-10-05"
BR_CURY,Cury,Brazil,Consumer Discretionary,LOCAL,CURY3.SA,B3,BRL,,true,23220908,1659207640,28.13,2026-10-02,,CORE,false,A_>=20M,21608184,21145383,23220908,65,0,OK,,,Real Estate,Real Estate,false,,,,yahoo (linha local mais liquida),"REAL: Yahoo Finance via yfinance 1.7.0, janela 2026-07-03..2026-10-02, extraido 2026-10-05"
BR_CVC,CVC Brasil,Brazil,Consumer Discretionary,LOCAL,CVCB3.SA,B3,BRL,,true,4165829,137613848,1.38,2026-10-02,,CORE,true,C_2-5M,3731281,3928473,4165829,65,0,OK,,,Consumer Cyclical,Consumer Discretionary,true,,,,yahoo (linha local mais liquida),"REAL: Yahoo Finance via yfinance 1.7.0, janela 2026-07-03..2026-10-02, extraido 2026-10-05"
BR_CXSEG,Caixa Seguridade,Brazil,Financials,LOCAL,CXSE3.SA,B3,BRL,,true,24161875,11724045165,20.41,2026-10-02,,CORE,false,A_>=20M,19642638,24011431,24161875,65,0,OK,,,Financial Services,Financials,true,,,,yahoo (linha local mais liquida),"REAL: Yahoo Finance via yfinance 1.7.0, janela 2026-07-03..2026-10-02, extraido 2026-10-05"
BR_CYRELA,Cyrela,Brazil,Consumer Discretionary,LOCAL,CYRE3.SA,B3,BRL,,true,34189796,1934061625,27.99,2026-10-02,,CORE,false,A_>=20M,34556930,40055386,34189796,65,0,OK,,,Consumer Cyclical,Consumer Discretionary,true,,,,yahoo (linha local mais liquida),"REAL: Yahoo Finance via yfinance 1.7.0, janela 2026-07-03..2026-10-02, extraido 2026-10-05"
BR_DIRECIONAL,Direcional,Brazil,Consumer Discretionary,LOCAL,DIRR3.SA,B3,BRL,,true,20674623,1044235699,10.51,2026-10-02,,CORE,false,A_>=20M,18570447,19528394,20674623,65,0,OK,,,Real Estate,Real Estate,false,,,,yahoo (linha local mais liquida),"REAL: Yahoo Finance via yfinance 1.7.0, janela 2026-07-03..2026-10-02, extraido 2026-10-05"
BR_ECORODOVIAS,EcoRodovias,Brazil,Industrials,LOCAL,ECOR3.SA,B3,BRL,,true,10275291,1317292988,9.89,2026-10-02,,CORE,false,B_5-20M,7714401,13031317,10275291,65,0,OK,,,Industrials,Industrials,true,,,,yahoo (linha local mais liquida),"REAL: Yahoo Finance via yfinance 1.7.0, janela 2026-07-03..2026-10-02, extraido 2026-10-05"
BR_EMBRAER,Embraer,Brazil,Industrials,LOCAL,EMBJ3.SA,B3,BRL,,true,89981779,13391339750,98.25,2026-10-02,"Ticker mudou 03/11/2025: EMBR3->EMBJ3, ERJ->EMBJ (1 ADS = 4 ON)",CORE,false,A_>=20M,89678536,93911074,176201548,65,0,OK,,,Industrials,Industrials,true,,,,yahoo (linha local mais liquida),"REAL: Yahoo Finance via yfinance 1.7.0, janela 2026-07-03..2026-10-02, extraido 2026-10-05"
BR_EMBRAER,Embraer,Brazil,Industrials,ADR,EMBJ,NYSE,USD,4,false,86219770,13391339750,75.21,2026-10-02,"Ticker mudou 03/11/2025: EMBR3->EMBJ3, ERJ->EMBJ (1 ADS = 4 ON) | OK (implicito 3.981, desvio -0.5%, n=20)",CORE,false,A_>=20M,88764037,89566234,176201548,64,0,OK,3.9813,"OK (implicito 3.981, desvio -0.5%, n=20)",Industrials,Industrials,true,0.0096,1.29,2026-09-15,yahoo (linha local mais liquida),"REAL: Yahoo Finance via yfinance 1.7.0, janela 2026-07-03..2026-10-02, extraido 2026-10-05"
BR_ENERGISA,Energisa,Brazil,Utilities,LOCAL,ENGI11.SA,B3,BRL,,true,32559002,5663902522,55.15,2026-10-02,Unit ENGI11,CORE,false,A_>=20M,27903894,36171605,32559002,65,0,OK,,,Utilities,Utilities,true,,,,mediana classes ON/PN (Yahoo superestima units),"REAL: Yahoo Finance via yfinance 1.7.0, janela 2026-07-03..2026-10-02, extraido 2026-10-05"
BR_ENEVA,Eneva,Brazil,Utilities,LOCAL,ENEV3.SA,B3,BRL,,true,48618714,10556758884,28.71,2026-10-02,,CORE,false,A_>=20M,45365184,52575558,48618714,65,0,OK,,,Utilities,Utilities,true,,,,yahoo (linha local mais liquida),"REAL: Yahoo Finance via yfinance 1.7.0, janela 2026-07-03..2026-10-02, extraido 2026-10-05"
BR_ENGIE,Engie Brasil Energia,Brazil,Utilities,LOCAL,EGIE3.SA,B3,BRL,,true,22388863,8325913330,30.7,2026-10-02,,CORE,false,A_>=20M,18904772,22870501,22388863,65,0,OK,,,Utilities,Utilities,true,,,,yahoo (linha local mais liquida),"REAL: Yahoo Finance via yfinance 1.7.0, janela 2026-07-03..2026-10-02, extraido 2026-10-05"
BR_EQUATORIAL,Equatorial,Brazil,Utilities,LOCAL,EQTL3.SA,B3,BRL,,true,65437159,10081468849,41.91,2026-10-02,,CORE,false,A_>=20M,59167283,71786327,65437159,65,0,OK,,,Utilities,Utilities,true,,,,yahoo (linha local mais liquida),"REAL: Yahoo Finance via yfinance 1.7.0, janela 2026-07-03..2026-10-02, extraido 2026-10-05"
BR_ERO,Ero Copper,Brazil,Materials,US_LISTED,ERO,NYSE,USD,,true,44367174,3954112768,37.91,2026-10-02,Canada; ativos no Brasil,US_LATAM,false,A_>=20M,39048917,49805134,44367174,64,0,OK,,,Basic Materials,Materials,true,,3.69,2026-09-15,yahoo (linha EUA),"REAL: Yahoo Finance via yfinance 1.7.0, janela 2026-07-03..2026-10-02, extraido 2026-10-05"
BR_EZTEC,EZTec,Brazil,Consumer Discretionary,LOCAL,EZTC3.SA,B3,BRL,,true,6352108,775368985,14.6,2026-10-02,,CORE,false,B_5-20M,4638314,7502515,6352108,65,0,OK,,,Real Estate,Real Estate,false,,,,yahoo (linha local mais liquida),"REAL: Yahoo Finance via yfinance 1.7.0, janela 2026-07-03..2026-10-02, extraido 2026-10-05"
BR_FLEURY,Fleury,Brazil,Health Care,LOCAL,FLRY3.SA,B3,BRL,,true,14108236,2446141231,23.5,2026-10-02,,CORE,false,B_5-20M,11441324,16964839,14108236,65,0,OK,,,Healthcare,Health Care,true,,,,yahoo (linha local mais liquida),"REAL: Yahoo Finance via yfinance 1.7.0, janela 2026-07-03..2026-10-02, extraido 2026-10-05"
BR_GERDAU,Gerdau,Brazil,Materials,ADR,GGB,NYSE,USD,1,true,61315867,9804128096,5.01,2026-10-02,"GGB = 1 PN | OK (implicito 1.002, desvio +0.2%, n=20)",CORE,false,A_>=20M,57248307,64438848,105963553,64,0,OK,1.0019,"OK (implicito 1.002, desvio +0.2%, n=20)",Basic Materials,Materials,true,0.0536,3.79,2026-09-15,yahoo (linha local mais liquida),"REAL: Yahoo Finance via yfinance 1.7.0, janela 2026-07-03..2026-10-02, extraido 2026-10-05"
BR_GERDAU,Gerdau,Brazil,Materials,LOCAL,GGBR4.SA,B3,BRL,,false,44647686,9804128096,26.1,2026-10-02,GGB = 1 PN,CORE,false,A_>=20M,41010817,47575129,105963553,65,0,OK,,,Basic Materials,Materials,true,,,,yahoo (linha local mais liquida),"REAL: Yahoo Finance via yfinance 1.7.0, janela 2026-07-03..2026-10-02, extraido 2026-10-05"
BR_GOAU,Metalurgica Gerdau,Brazil,Materials,LOCAL,GOAU4.SA,B3,BRL,,true,17496938,2975832712,11.75,2026-10-02,Holding de Gerdau,CORE,false,B_5-20M,15166539,18858883,17496938,65,0,OK,,,Basic Materials,Materials,true,,,,yahoo (linha local mais liquida),"REAL: Yahoo Finance via yfinance 1.7.0, janela 2026-07-03..2026-10-02, extraido 2026-10-05"
BR_GPA,GPA (Pao de Acucar),Brazil,Consumer Staples,LOCAL,PCAR3.SA,B3,BRL,,true,2780620,292363216,3.1,2026-10-02,ADR CBD deslistado,CORE,true,C_2-5M,2185000,2952158,2780620,65,0,OK,,,Consumer Cyclical,Consumer Discretionary,false,,,,yahoo (linha local mais liquida),"REAL: Yahoo Finance via yfinance 1.7.0, janela 2026-07-03..2026-10-02, extraido 2026-10-05"
BR_GPS,GPS Participacoes,Brazil,Industrials,LOCAL,GGPS3.SA,B3,BRL,,true,8040097,1842485131,12.79,2026-10-02,,CORE,false,B_5-20M,7392953,8283042,8040097,65,0,OK,,,Industrials,Industrials,true,,,,yahoo (linha local mais liquida),"REAL: Yahoo Finance via yfinance 1.7.0, janela 2026-07-03..2026-10-02, extraido 2026-10-05"
BR_GRENDENE,Grendene,Brazil,Consumer Discretionary,LOCAL,GRND3.SA,B3,BRL,,true,2041168,696148489,4.03,2026-10-02,,CORE,true,C_2-5M,1647756,2223045,2041168,65,0,OK,,,Consumer Cyclical,Consumer Discretionary,true,,,,yahoo (linha local mais liquida),"REAL: Yahoo Finance via yfinance 1.7.0, janela 2026-07-03..2026-10-02, extraido 2026-10-05"
BR_HAPVIDA,Hapvida,Brazil,Health Care,LOCAL,HAPV3.SA,B3,BRL,,true,12096081,709548123,7.8,2026-10-02,,CORE,false,B_5-20M,10983201,12292992,12096081,65,0,OK,,,Financial Services,Financials,false,,,,yahoo (linha local mais liquida),"REAL: Yahoo Finance via yfinance 1.7.0, janela 2026-07-03..2026-10-02, extraido 2026-10-05"
BR_HYPERA,Hypera,Brazil,Health Care,LOCAL,HYPE3.SA,B3,BRL,,true,13227170,3391517186,25.16,2026-10-02,,CORE,false,B_5-20M,11930067,14931809,13227170,65,0,OK,,,Healthcare,Health Care,true,,,,yahoo (linha local mais liquida),"REAL: Yahoo Finance via yfinance 1.7.0, janela 2026-07-03..2026-10-02, extraido 2026-10-05"
BR_IGUATEMI,Iguatemi,Brazil,Real Estate,LOCAL,IGTI11.SA,B3,BRL,,true,11694161,760741134,28.47,2026-10-02,,CORE,false,B_5-20M,10639346,12931205,11694161,65,0,OK,,,Real Estate,Real Estate,true,,,,preco x floatShares (limite inferior),"REAL: Yahoo Finance via yfinance 1.7.0, janela 2026-07-03..2026-10-02, extraido 2026-10-05"
BR_INTELBRAS,Intelbras,Brazil,Information Technology,LOCAL,INTB3.SA,B3,BRL,,true,3776695,1001193524,15.98,2026-10-02,,CORE,true,C_2-5M,2767620,4215068,3776695,65,0,OK,,,Industrials,Industrials,false,,,,yahoo (linha local mais liquida),"REAL: Yahoo Finance via yfinance 1.7.0, janela 2026-07-03..2026-10-02, extraido 2026-10-05"
BR_INTER,Inter&Co,Brazil,Financials,US_LISTED,INTR,NASDAQ,USD,,true,26221158,2419493888,5.48,2026-10-02,,US_LATAM,false,A_>=20M,22996991,26299923,26221158,64,0,OK,,,Financial Services,Financials,true,0.0426,2.64,2026-09-15,yahoo (linha EUA),"REAL: Yahoo Finance via yfinance 1.7.0, janela 2026-07-03..2026-10-02, extraido 2026-10-05"
BR_IRB,IRB Brasil RE,Brazil,Financials,LOCAL,IRBR3.SA,B3,BRL,,true,7748999,984109178,63.32,2026-10-02,,CORE,false,B_5-20M,5776384,8498830,7748999,65,0,OK,,,Financial Services,Financials,true,,,,yahoo (linha local mais liquida),"REAL: Yahoo Finance via yfinance 1.7.0, janela 2026-07-03..2026-10-02, extraido 2026-10-05"
BR_ISAENERGIA,ISA Energia Brasil,Brazil,Utilities,LOCAL,ISAE4.SA,B3,BRL,,true,20606162,3808904732,28.19,2026-10-02,ex-ISA CTEEP (TRPL4->ISAE4),CORE,false,A_>=20M,14729966,20818061,20606162,65,0,OK,,,Utilities,Utilities,true,,,,yahoo (linha local mais liquida),"REAL: Yahoo Finance via yfinance 1.7.0, janela 2026-07-03..2026-10-02, extraido 2026-10-05"
BR_ITAU,Itau Unibanco,Brazil,Financials,LOCAL,ITUB4.SA,B3,BRL,,true,196386712,94610068044,44.83,2026-10-02,ITUB = 1 PN,CORE,false,A_>=20M,167149739,210550912,392212777,65,0,OK,,,Financial Services,Financials,true,,,,yahoo (linha local mais liquida),"REAL: Yahoo Finance via yfinance 1.7.0, janela 2026-07-03..2026-10-02, extraido 2026-10-05"
BR_ITAU,Itau Unibanco,Brazil,Financials,ADR,ITUB,NYSE,USD,1,false,179167511,94610068044,8.59,2026-10-02,"ITUB = 1 PN | OK (implicito 0.997, desvio -0.3%, n=20)",CORE,false,A_>=20M,168002026,190384254,392212777,64,0,OK,0.9971,"OK (implicito 0.997, desvio -0.3%, n=20)",Financial Services,Financials,true,0.0043,1.06,2026-09-15,yahoo (linha local mais liquida),"REAL: Yahoo Finance via yfinance 1.7.0, janela 2026-07-03..2026-10-02, extraido 2026-10-05"
BR_ITAU,Itau Unibanco,Brazil,Financials,LOCAL,ITUB3.SA,B3,BRL,,false,16658554,94610068044,48.92,2026-10-02,ITUB = 1 PN,CORE,false,B_5-20M,15299626,18114665,392212777,65,0,OK,,,Financial Services,Financials,true,,,,yahoo (linha local mais liquida),"REAL: Yahoo Finance via yfinance 1.7.0, janela 2026-07-03..2026-10-02, extraido 2026-10-05"
BR_ITAUSA,Itausa,Brazil,Financials,LOCAL,ITSA4.SA,B3,BRL,,true,58461613,31480839983,14.67,2026-10-02,Holding (Itau); desconto de holding,CORE,false,A_>=20M,52248180,62437232,58461613,65,0,OK,,,Industrials,Industrials,false,,,,yahoo (linha local mais liquida),"REAL: Yahoo Finance via yfinance 1.7.0, janela 2026-07-03..2026-10-02, extraido 2026-10-05"
BR_JBS,JBS N.V.,Brazil,Consumer Staples,US_LISTED,JBS,NYSE,USD,,true,68059464,12497529856,11.67,2026-10-02,NYSE desde 13/06/2025 (JBS); JBSS3 deslistada 06/06/2025; BDR JBSS32 na B3; JBS S.A. pediu cancelamento CVM em 21/09/2026,US_LATAM,false,A_>=20M,60517803,61830660,84527491,64,0,OK,,,Consumer Defensive,Consumer Staples,true,0.1680,7.81,2026-09-15,yahoo (linha EUA),"REAL: Yahoo Finance via yfinance 1.7.0, janela 2026-07-03..2026-10-02, extraido 2026-10-05"
BR_JBS,JBS N.V.,Brazil,Consumer Staples,LOCAL,JBSS32.SA,B3,BRL,,false,16468027,12497529856,60.96,2026-10-02,"NYSE desde 13/06/2025 (JBS); JBSS3 deslistada 06/06/2025; BDR JBSS32 na B3; JBS S.A. pediu cancelamento CVM em 21/09/2026 | BDR: 1 acao US = 0.998 BDR (implicito, n=20)",US_LATAM,false,B_5-20M,12748883,15517113,84527491,65,0,OK,,"BDR: 1 acao US = 0.998 BDR (implicito, n=20)",Consumer Defensive,Consumer Staples,true,,,,yahoo (linha EUA),"REAL: Yahoo Finance via yfinance 1.7.0, janela 2026-07-03..2026-10-02, extraido 2026-10-05"
BR_JHSF,JHSF,Brazil,Real Estate,LOCAL,JHSF3.SA,B3,BRL,,true,7890510,1517221999,12.05,2026-10-02,,CORE,false,B_5-20M,7212131,8517006,7890510,65,0,OK,,,Real Estate,Real Estate,true,,,,yahoo (linha local mais liquida),"REAL: Yahoo Finance via yfinance 1.7.0, janela 2026-07-03..2026-10-02, extraido 2026-10-05"
BR_KLABIN,Klabin,Brazil,Materials,LOCAL,KLBN11.SA,B3,BRL,,true,17928729,4389014087,18.62,2026-10-02,Unit KLBN11 = 1 ON + 4 PN,CORE,false,B_5-20M,15548269,18115557,20262487,65,0,OK,,,Basic Materials,Materials,true,,,,mediana classes ON/PN (Yahoo superestima units),"REAL: Yahoo Finance via yfinance 1.7.0, janela 2026-07-03..2026-10-02, extraido 2026-10-05"
BR_KLABIN,Klabin,Brazil,Materials,LOCAL,KLBN4.SA,B3,BRL,,false,2333758,4389014087,3.69,2026-10-02,Unit KLBN11 = 1 ON + 4 PN,CORE,true,C_2-5M,2186359,2345952,20262487,65,0,OK,,,Basic Materials,Materials,true,,,,mediana classes ON/PN (Yahoo superestima units),"REAL: Yahoo Finance via yfinance 1.7.0, janela 2026-07-03..2026-10-02, extraido 2026-10-05"
BR_LOCALIZA,Localiza,Brazil,Industrials,LOCAL,RENT3.SA,B3,BRL,,true,70929482,8773297766,41.48,2026-10-02,,CORE,false,A_>=20M,61300879,79050557,70929482,65,0,OK,,,Industrials,Industrials,true,,,,yahoo (linha local mais liquida),"REAL: Yahoo Finance via yfinance 1.7.0, janela 2026-07-03..2026-10-02, extraido 2026-10-05"
BR_LOCAWEB,Locaweb (LWSA),Brazil,Information Technology,LOCAL,LWSA3.SA,B3,BRL,,true,2470308,434139454,4.01,2026-10-02,,CORE,true,C_2-5M,2117434,2480997,2470308,65,0,OK,,,Technology,Information Technology,true,,,,yahoo (linha local mais liquida),"REAL: Yahoo Finance via yfinance 1.7.0, janela 2026-07-03..2026-10-02, extraido 2026-10-05"
BR_LOGCP,LOG Commercial Properties,Brazil,Real Estate,LOCAL,LOGG3.SA,B3,BRL,,true,2226323,426528814,25.59,2026-10-02,,CORE,true,C_2-5M,1864000,2263931,2226323,65,0,OK,,,Real Estate,Real Estate,true,,,,yahoo (linha local mais liquida),"REAL: Yahoo Finance via yfinance 1.7.0, janela 2026-07-03..2026-10-02, extraido 2026-10-05"
BR_MAGALU,Magazine Luiza,Brazil,Consumer Discretionary,LOCAL,MGLU3.SA,B3,BRL,,true,26280984,1130269659,7.61,2026-10-02,,CORE,false,A_>=20M,20849016,37319407,26280984,65,0,OK,,,Consumer Cyclical,Consumer Discretionary,true,,,,yahoo (linha local mais liquida),"REAL: Yahoo Finance via yfinance 1.7.0, janela 2026-07-03..2026-10-02, extraido 2026-10-05"
BR_MARCOPOLO,Marcopolo,Brazil,Industrials,LOCAL,POMO4.SA,B3,BRL,,true,12610990,1029226176,4.33,2026-10-02,,CORE,false,B_5-20M,10626660,11761699,12610990,65,0,OK,,,Industrials,Industrials,true,,,,yahoo (linha local mais liquida),"REAL: Yahoo Finance via yfinance 1.7.0, janela 2026-07-03..2026-10-02, extraido 2026-10-05"
BR_MATEUS,Grupo Mateus,Brazil,Consumer Staples,LOCAL,GMAT3.SA,B3,BRL,,true,4243317,2176005497,4.94,2026-10-02,,CORE,true,C_2-5M,3657536,4853324,4243317,65,0,OK,,,Consumer Cyclical,Consumer Discretionary,false,,,,yahoo (linha local mais liquida),"REAL: Yahoo Finance via yfinance 1.7.0, janela 2026-07-03..2026-10-02, extraido 2026-10-05"
BR_MBRF,MBRF (Marfrig+BRF),Brazil,Consumer Staples,LOCAL,MBRF3.SA,B3,BRL,,true,19328339,4521985269,16.98,2026-10-02,"BRF incorporada; MRFG3->MBRF3 em 23/09/2025 (0,8521 MBRF3 por BRFS3)",CORE,false,B_5-20M,18268081,19477870,19328339,65,0,OK,,,Consumer Defensive,Consumer Staples,true,,,,yahoo (linha local mais liquida),"REAL: Yahoo Finance via yfinance 1.7.0, janela 2026-07-03..2026-10-02, extraido 2026-10-05"
BR_MDIAS,M. Dias Branco,Brazil,Consumer Staples,LOCAL,MDIA3.SA,B3,BRL,,true,2273884,1094885230,17.04,2026-10-02,,CORE,true,C_2-5M,2046861,2250138,2273884,65,0,OK,,,Consumer Defensive,Consumer Staples,true,,,,yahoo (linha local mais liquida),"REAL: Yahoo Finance via yfinance 1.7.0, janela 2026-07-03..2026-10-02, extraido 2026-10-05"
BR_MILLS,Mills,Brazil,Industrials,LOCAL,MILS3.SA,B3,BRL,,true,2185993,699299006,16.03,2026-10-02,,CORE,true,C_2-5M,1510433,2210508,2185993,65,0,OK,,,Industrials,Industrials,true,,,,yahoo (linha local mais liquida),"REAL: Yahoo Finance via yfinance 1.7.0, janela 2026-07-03..2026-10-02, extraido 2026-10-05"
BR_MINERVA,Minerva,Brazil,Consumer Staples,LOCAL,BEEF3.SA,B3,BRL,,true,11843653,736771590,3.88,2026-10-02,,CORE,false,B_5-20M,10441070,12154598,11843653,65,0,OK,,,Consumer Defensive,Consumer Staples,true,,,,yahoo (linha local mais liquida),"REAL: Yahoo Finance via yfinance 1.7.0, janela 2026-07-03..2026-10-02, extraido 2026-10-05"
BR_MOTIVA,Motiva (ex-CCR),Brazil,Industrials,LOCAL,MOTV3.SA,B3,BRL,,true,34729766,6731099106,17.49,2026-10-02,CCRO3 -> MOTV3 (2025),CORE,false,A_>=20M,27647959,38895431,34729766,65,0,OK,,,Industrials,Industrials,true,,,,yahoo (linha local mais liquida),"REAL: Yahoo Finance via yfinance 1.7.0, janela 2026-07-03..2026-10-02, extraido 2026-10-05"
BR_MOURADUBEUX,Moura Dubeux,Brazil,Consumer Discretionary,LOCAL,MDNE3.SA,B3,BRL,,true,6477041,511121751,25.85,2026-10-02,,CORE,false,B_5-20M,5664893,6621804,6477041,65,0,OK,,,Real Estate,Real Estate,false,,,,yahoo (linha local mais liquida),"REAL: Yahoo Finance via yfinance 1.7.0, janela 2026-07-03..2026-10-02, extraido 2026-10-05"
BR_MOVIDA,Movida,Brazil,Industrials,LOCAL,MOVI3.SA,B3,BRL,,true,11183449,880792546,10.85,2026-10-02,,CORE,false,B_5-20M,7775729,14210825,11183449,65,0,OK,,,Industrials,Industrials,true,,,,yahoo (linha local mais liquida),"REAL: Yahoo Finance via yfinance 1.7.0, janela 2026-07-03..2026-10-02, extraido 2026-10-05"
BR_MRV,MRV Engenharia,Brazil,Consumer Discretionary,LOCAL,MRVE3.SA,B3,BRL,,true,11741863,606739560,5.63,2026-10-02,,CORE,false,B_5-20M,11032822,12915684,11741863,65,0,OK,,,Real Estate,Real Estate,false,,,,yahoo (linha local mais liquida),"REAL: Yahoo Finance via yfinance 1.7.0, janela 2026-07-03..2026-10-02, extraido 2026-10-05"
BR_MULTIPLAN,Multiplan,Brazil,Real Estate,LOCAL,MULT3.SA,B3,BRL,,true,22974716,3088305464,32.97,2026-10-02,,CORE,false,A_>=20M,20626370,25830884,22974716,65,0,OK,,,Real Estate,Real Estate,true,,,,yahoo (linha local mais liquida),"REAL: Yahoo Finance via yfinance 1.7.0, janela 2026-07-03..2026-10-02, extraido 2026-10-05"
BR_NATURA,Natura Cosmeticos,Brazil,Consumer Staples,LOCAL,NATU3.SA,B3,BRL,,true,12360166,1959048903,7.45,2026-10-02,NTCO3->NATU3 apos incorporacao da Natura &Co (01/07/2025); ADR NTCO deslistado,CORE,false,B_5-20M,9372925,11248443,12360166,65,0,OK,,,Consumer Defensive,Consumer Staples,true,,,,yahoo (linha local mais liquida),"REAL: Yahoo Finance via yfinance 1.7.0, janela 2026-07-03..2026-10-02, extraido 2026-10-05"
BR_NU,Nu Holdings,Brazil,Financials,US_LISTED,NU,NYSE,USD,,true,1170362064,64876150784,13.43,2026-10-02,Cayman; Brasil/Mexico/Colombia,US_LATAM,false,A_>=20M,1008098715,1114188173,1170362064,64,0,OK,,,Financial Services,Financials,true,0.0350,1.88,2026-09-15,yahoo (linha EUA),"REAL: Yahoo Finance via yfinance 1.7.0, janela 2026-07-03..2026-10-02, extraido 2026-10-05"
BR_ONCOCLINICAS,Oncoclinicas,Brazil,Health Care,LOCAL,ONCO3.SA,B3,BRL,,true,4521342,217829159,1.01,2026-10-02,,CORE,true,C_2-5M,2016907,4021584,4521342,65,0,OK,,,Healthcare,Health Care,true,,,,yahoo (linha local mais liquida),"REAL: Yahoo Finance via yfinance 1.7.0, janela 2026-07-03..2026-10-02, extraido 2026-10-05"
BR_ORIZON,Orizon,Brazil,Industrials,LOCAL,ORVR3.SA,B3,BRL,,true,8781129,1877405951,17.85,2026-10-02,,CORE,false,B_5-20M,7728912,9012442,8781129,65,0,OK,,,Industrials,Industrials,true,,,,yahoo (linha local mais liquida),"REAL: Yahoo Finance via yfinance 1.7.0, janela 2026-07-03..2026-10-02, extraido 2026-10-05"
BR_PAGS,PagSeguro Digital,Brazil,Financials,US_LISTED,PAGS,NYSE,USD,,true,27147574,2486327296,9.02,2026-10-02,,US_LATAM,false,A_>=20M,25630152,26559220,27147574,64,0,OK,,,Technology,Information Technology,false,0.1279,7.14,2026-09-15,yahoo (linha EUA),"REAL: Yahoo Finance via yfinance 1.7.0, janela 2026-07-03..2026-10-02, extraido 2026-10-05"
BR_PAGUEMENOS,Pague Menos,Brazil,Consumer Staples,LOCAL,PGMN3.SA,B3,BRL,,true,3790295,509286576,3.7,2026-10-02,,CORE,true,C_2-5M,3121157,3912854,3790295,65,0,OK,,,Healthcare,Health Care,false,,,,yahoo (linha local mais liquida),"REAL: Yahoo Finance via yfinance 1.7.0, janela 2026-07-03..2026-10-02, extraido 2026-10-05"
BR_PATRIA,Patria Investments,Brazil,Financials,US_LISTED,PAX,NASDAQ,USD,,true,11593200,1647831168,10.21,2026-10-02,,US_LATAM,false,B_5-20M,11030989,10796799,11593200,64,0,OK,,,Financial Services,Financials,true,0.0957,4.85,2026-09-15,yahoo (linha EUA),"REAL: Yahoo Finance via yfinance 1.7.0, janela 2026-07-03..2026-10-02, extraido 2026-10-05"
BR_PETROBRAS,Petrobras,Brazil,Energy,ADR,PBR,NYSE,USD,2,true,363281654,133872119078,21.65,2026-10-02,"ON e PN; PBR=2 ON, PBR-A=2 PN | OK (implicito 1.994, desvio -0.3%, n=20)",CORE,false,A_>=20M,337990504,407351259,935983697,64,0,OK,1.9938,"OK (implicito 1.994, desvio -0.3%, n=20)",Energy,Energy,true,0.0213,1.35,2026-09-15,yahoo (linha local mais liquida),"REAL: Yahoo Finance via yfinance 1.7.0, janela 2026-07-03..2026-10-02, extraido 2026-10-05"
BR_PETROBRAS,Petrobras,Brazil,Energy,LOCAL,PETR4.SA,B3,BRL,,false,351180823,133872119078,51.17,2026-10-02,"ON e PN; PBR=2 ON, PBR-A=2 PN",CORE,false,A_>=20M,319004034,404460243,935983697,65,0,OK,,,Energy,Energy,true,,,,yahoo (linha local mais liquida),"REAL: Yahoo Finance via yfinance 1.7.0, janela 2026-07-03..2026-10-02, extraido 2026-10-05"
BR_PETROBRAS,Petrobras,Brazil,Energy,ADR,PBR-A,NYSE,USD,2,false,122929466,133872119078,19.6,2026-10-02,"ON e PN; PBR=2 ON, PBR-A=2 PN | OK (implicito 1.996, desvio -0.2%, n=20)",CORE,false,A_>=20M,118940054,139595750,935983697,64,0,OK,1.9956,"OK (implicito 1.996, desvio -0.2%, n=20)",Energy,Energy,true,0.0114,3.29,2026-09-15,yahoo (linha local mais liquida),"REAL: Yahoo Finance via yfinance 1.7.0, janela 2026-07-03..2026-10-02, extraido 2026-10-05"
BR_PETROBRAS,Petrobras,Brazil,Energy,LOCAL,PETR3.SA,B3,BRL,,false,98591754,133872119078,56.62,2026-10-02,"ON e PN; PBR=2 ON, PBR-A=2 PN",CORE,false,A_>=20M,91851799,112219091,935983697,65,0,OK,,,Energy,Energy,true,,,,yahoo (linha local mais liquida),"REAL: Yahoo Finance via yfinance 1.7.0, janela 2026-07-03..2026-10-02, extraido 2026-10-05"
BR_PETZCOBASI,Petz-Cobasi,Brazil,Consumer Discretionary,LOCAL,AUAU3.SA,B3,BRL,,true,2725892,733453090,4.45,2026-10-02,Fusao Petz+Cobasi; ticker AUAU3,CORE,true,C_2-5M,2194090,3328132,2725892,65,0,OK,,,Consumer Cyclical,Consumer Discretionary,true,,,,yahoo (linha local mais liquida),"REAL: Yahoo Finance via yfinance 1.7.0, janela 2026-07-03..2026-10-02, extraido 2026-10-05"
BR_PICPAY,PicPay (PicS N.V.),Brazil,Financials,US_LISTED,PICS,NASDAQ,USD,,true,4495437,1177950848,9.09,2026-10-02,IPO Nasdaq 29/01/2026 a US$19,US_LATAM,true,C_2-5M,3603999,3839998,4495437,64,0,OK,,,Technology,Information Technology,false,0.0431,2.11,2026-09-15,yahoo (linha EUA),"REAL: Yahoo Finance via yfinance 1.7.0, janela 2026-07-03..2026-10-02, extraido 2026-10-05"
BR_PINE,Banco Pine,Brazil,Financials,LOCAL,PINE4.SA,B3,BRL,,true,2306142,610139234,12.63,2026-10-02,,CORE,true,C_2-5M,2175373,2453174,2306142,65,0,OK,,,Financial Services,Financials,true,,,,yahoo (linha local mais liquida),"REAL: Yahoo Finance via yfinance 1.7.0, janela 2026-07-03..2026-10-02, extraido 2026-10-05"
BR_PLANO,Plano & Plano,Brazil,Consumer Discretionary,LOCAL,PLPL3.SA,B3,BRL,,true,3053234,275652533,7.09,2026-10-02,,CORE,true,C_2-5M,2772546,3003858,3053234,65,0,OK,,,Real Estate,Real Estate,false,,,,yahoo (linha local mais liquida),"REAL: Yahoo Finance via yfinance 1.7.0, janela 2026-07-03..2026-10-02, extraido 2026-10-05"
BR_PORTO,Porto Seguro,Brazil,Financials,LOCAL,PSSA3.SA,B3,BRL,,true,15730290,6071667495,49.47,2026-10-02,,CORE,false,B_5-20M,14266618,15226305,15730290,65,0,OK,,,Financial Services,Financials,true,,,,yahoo (linha local mais liquida),"REAL: Yahoo Finance via yfinance 1.7.0, janela 2026-07-03..2026-10-02, extraido 2026-10-05"
BR_PRIO,PRIO,Brazil,Energy,LOCAL,PRIO3.SA,B3,BRL,,true,88447626,9621596263,63.01,2026-10-02,,CORE,false,A_>=20M,88839864,91133890,88447626,65,0,OK,,,Energy,Energy,true,,,,yahoo (linha local mais liquida),"REAL: Yahoo Finance via yfinance 1.7.0, janela 2026-07-03..2026-10-02, extraido 2026-10-05"
BR_RAIADROGASIL,Raia Drogasil,Brazil,Consumer Staples,LOCAL,RADL3.SA,B3,BRL,,true,38158470,6528636271,19.5,2026-10-02,,CORE,false,A_>=20M,33771160,39301741,38158470,65,0,OK,,,Healthcare,Health Care,false,,,,yahoo (linha local mais liquida),"REAL: Yahoo Finance via yfinance 1.7.0, janela 2026-07-03..2026-10-02, extraido 2026-10-05"
BR_RANDON,Randoncorp,Brazil,Industrials,LOCAL,RAPT4.SA,B3,BRL,,true,2388712,365205476,5.47,2026-10-02,,CORE,true,C_2-5M,1839708,2647194,2388712,65,0,OK,,,Industrials,Industrials,true,,,,yahoo (linha local mais liquida),"REAL: Yahoo Finance via yfinance 1.7.0, janela 2026-07-03..2026-10-02, extraido 2026-10-05"
BR_RECV,PetroReconcavo,Brazil,Energy,LOCAL,RECV3.SA,B3,BRL,,true,4225831,629379919,11.2,2026-10-02,,CORE,true,C_2-5M,3756129,4378714,4225831,65,0,OK,,,Energy,Energy,true,,,,yahoo (linha local mais liquida),"REAL: Yahoo Finance via yfinance 1.7.0, janela 2026-07-03..2026-10-02, extraido 2026-10-05"
BR_REDEDOR,Rede D'Or Sao Luiz,Brazil,Health Care,LOCAL,RDOR3.SA,B3,BRL,,true,45457576,16565326442,39.82,2026-10-02,,CORE,false,A_>=20M,38773581,50743722,45457576,65,0,OK,,,Healthcare,Health Care,true,,,,yahoo (linha local mais liquida),"REAL: Yahoo Finance via yfinance 1.7.0, janela 2026-07-03..2026-10-02, extraido 2026-10-05"
BR_RENNER,Lojas Renner,Brazil,Consumer Discretionary,LOCAL,LREN3.SA,B3,BRL,,true,39816221,2134342779,11.76,2026-10-02,,CORE,false,A_>=20M,35127606,38604983,39816221,65,0,OK,,,Consumer Cyclical,Consumer Discretionary,true,,,,yahoo (linha local mais liquida),"REAL: Yahoo Finance via yfinance 1.7.0, janela 2026-07-03..2026-10-02, extraido 2026-10-05"
BR_RIACHUELO,Riachuelo (ex-Guararapes),Brazil,Consumer Discretionary,LOCAL,RIAA3.SA,B3,BRL,,true,2206562,728514848,7.57,2026-10-02,,CORE,true,C_2-5M,1795282,2204617,2206562,65,0,OK,,,Consumer Cyclical,Consumer Discretionary,true,,,,yahoo (linha local mais liquida),"REAL: Yahoo Finance via yfinance 1.7.0, janela 2026-07-03..2026-10-02, extraido 2026-10-05"
BR_RUMO,Rumo,Brazil,Industrials,LOCAL,RAIL3.SA,B3,BRL,,true,31293366,5998344813,16.88,2026-10-02,,CORE,false,A_>=20M,28063233,36511843,31293366,65,0,OK,,,Industrials,Industrials,true,,,,yahoo (linha local mais liquida),"REAL: Yahoo Finance via yfinance 1.7.0, janela 2026-07-03..2026-10-02, extraido 2026-10-05"
BR_SABESP,Sabesp,Brazil,Utilities,LOCAL,SBSP3.SA,B3,BRL,,true,96994979,19008429751,28.23,2026-10-02,,CORE,false,A_>=20M,80172649,102676767,138456910,65,0,OK,,,Utilities,Utilities,true,,,,yahoo (linha local mais liquida),"REAL: Yahoo Finance via yfinance 1.7.0, janela 2026-07-03..2026-10-02, extraido 2026-10-05"
BR_SABESP,Sabesp,Brazil,Utilities,ADR,SBS,NYSE,USD,1,false,41461932,19008429751,5.38,2026-10-02,"OK (implicito 0.998, desvio -0.2%, n=20)",CORE,false,A_>=20M,35063259,43359815,138456910,64,0,OK,0.9975,"OK (implicito 0.998, desvio -0.2%, n=20)",Utilities,Utilities,true,0.0059,1.31,2026-09-15,yahoo (linha local mais liquida),"REAL: Yahoo Finance via yfinance 1.7.0, janela 2026-07-03..2026-10-02, extraido 2026-10-05"
BR_SANEPAR,Sanepar,Brazil,Utilities,LOCAL,SAPR11.SA,B3,BRL,,true,8502362,2092064496,35.21,2026-10-02,,CORE,false,B_5-20M,7118287,8642859,8502362,65,0,OK,,,Utilities,Utilities,true,,,,mediana classes ON/PN (Yahoo superestima units),"REAL: Yahoo Finance via yfinance 1.7.0, janela 2026-07-03..2026-10-02, extraido 2026-10-05"
BR_SANTANDER,Banco Santander Brasil,Brazil,Financials,LOCAL,SANB11.SA,B3,BRL,,true,25829685,20164682729,28.09,2026-10-02,BSBR = 1 unit SANB11,CORE,false,A_>=20M,21426282,25347452,45908390,65,0,OK,,,Financial Services,Financials,true,,,,mediana classes ON/PN (Yahoo superestima units),"REAL: Yahoo Finance via yfinance 1.7.0, janela 2026-07-03..2026-10-02, extraido 2026-10-05"
BR_SANTANDER,Banco Santander Brasil,Brazil,Financials,ADR,BSBR,NYSE,USD,1,false,20078705,20164682729,5.4,2026-10-02,"BSBR = 1 unit SANB11 | OK (implicito 1.003, desvio +0.3%, n=20)",CORE,false,A_>=20M,16740020,19053857,45908390,64,0,OK,1.0031,"OK (implicito 1.003, desvio +0.3%, n=20)",Financial Services,Financials,true,,1.89,2026-09-15,mediana classes ON/PN (Yahoo superestima units),"REAL: Yahoo Finance via yfinance 1.7.0, janela 2026-07-03..2026-10-02, extraido 2026-10-05"
BR_SAOMARTINHO,Sao Martinho,Brazil,Consumer Staples,LOCAL,SMTO3.SA,B3,BRL,,true,6341595,1195273445,19.34,2026-10-02,,CORE,false,B_5-20M,5129737,7041884,6341595,65,0,OK,,,Basic Materials,Materials,false,,,,yahoo (linha local mais liquida),"REAL: Yahoo Finance via yfinance 1.7.0, janela 2026-07-03..2026-10-02, extraido 2026-10-05"
BR_SBF,Grupo SBF (Centauro),Brazil,Consumer Discretionary,LOCAL,SBFG3.SA,B3,BRL,,true,4315220,363048696,8.22,2026-10-02,,CORE,true,C_2-5M,3616875,4066599,4315220,65,0,OK,,,Consumer Cyclical,Consumer Discretionary,true,,,,yahoo (linha local mais liquida),"REAL: Yahoo Finance via yfinance 1.7.0, janela 2026-07-03..2026-10-02, extraido 2026-10-05"
BR_SER,Ser Educacional,Brazil,Consumer Discretionary,LOCAL,SEER3.SA,B3,BRL,,true,2530782,357942592,14.6,2026-10-02,,CORE,true,C_2-5M,1855331,2919455,2530782,65,0,OK,,,Consumer Defensive,Consumer Staples,false,,,,yahoo (linha local mais liquida),"REAL: Yahoo Finance via yfinance 1.7.0, janela 2026-07-03..2026-10-02, extraido 2026-10-05"
BR_SIGMALITH,Sigma Lithium,Brazil,Materials,US_LISTED,SGML,NASDAQ,USD,,true,20278218,1023245952,9.09,2026-10-02,,US_LATAM,false,A_>=20M,17769745,17489933,20278218,64,0,OK,,,Basic Materials,Materials,true,0.0563,2.09,2026-09-15,yahoo (linha EUA),"REAL: Yahoo Finance via yfinance 1.7.0, janela 2026-07-03..2026-10-02, extraido 2026-10-05"
BR_SIMPAR,Simpar,Brazil,Industrials,LOCAL,SIMH3.SA,B3,BRL,,true,4907409,1207176616,10.8,2026-10-02,,CORE,true,C_2-5M,3641055,6803682,4907409,65,0,OK,,,Industrials,Industrials,true,,,,yahoo (linha local mais liquida),"REAL: Yahoo Finance via yfinance 1.7.0, janela 2026-07-03..2026-10-02, extraido 2026-10-05"
BR_SLC,SLC Agricola,Brazil,Consumer Staples,LOCAL,SLCE3.SA,B3,BRL,,true,8986542,1633385295,17.2,2026-10-02,,CORE,false,B_5-20M,7250764,9986157,8986542,65,0,OK,,,Consumer Defensive,Consumer Staples,true,,,,yahoo (linha local mais liquida),"REAL: Yahoo Finance via yfinance 1.7.0, janela 2026-07-03..2026-10-02, extraido 2026-10-05"
BR_SMARTFIT,Smart Fit,Brazil,Consumer Discretionary,LOCAL,SMFT3.SA,B3,BRL,,true,26780344,2066202839,17.63,2026-10-02,,CORE,false,A_>=20M,24769178,26079338,26780344,65,0,OK,,,Consumer Cyclical,Consumer Discretionary,true,,,,yahoo (linha local mais liquida),"REAL: Yahoo Finance via yfinance 1.7.0, janela 2026-07-03..2026-10-02, extraido 2026-10-05"
BR_STONE,StoneCo,Brazil,Financials,US_LISTED,STNE,NASDAQ,USD,,true,50282170,2202188288,9.55,2026-10-02,GICS 2023: payments -> Financials,US_LATAM,false,A_>=20M,41925081,47606168,50282170,64,0,OK,,,Technology,Information Technology,false,0.0887,2.2,2026-09-15,yahoo (linha EUA),"REAL: Yahoo Finance via yfinance 1.7.0, janela 2026-07-03..2026-10-02, extraido 2026-10-05"
BR_SUZANO,Suzano,Brazil,Materials,LOCAL,SUZB3.SA,B3,BRL,,true,52199981,10458337554,44.35,2026-10-02,,CORE,false,A_>=20M,48865766,52091819,77635043,65,0,OK,,,Basic Materials,Materials,true,,,,yahoo (linha local mais liquida),"REAL: Yahoo Finance via yfinance 1.7.0, janela 2026-07-03..2026-10-02, extraido 2026-10-05"
BR_SUZANO,Suzano,Brazil,Materials,ADR,SUZ,NYSE,USD,1,false,25435062,10458337554,8.5,2026-10-02,"OK (implicito 1.000, desvio -0.0%, n=20)",CORE,false,A_>=20M,22822198,25204922,77635043,64,0,OK,0.9998,"OK (implicito 1.000, desvio -0.0%, n=20)",Basic Materials,Materials,true,0.0113,3.26,2026-09-15,yahoo (linha local mais liquida),"REAL: Yahoo Finance via yfinance 1.7.0, janela 2026-07-03..2026-10-02, extraido 2026-10-05"
BR_TAESA,Taesa,Brazil,Utilities,LOCAL,TAEE11.SA,B3,BRL,,true,14891177,2826518915,42.85,2026-10-02,,CORE,false,B_5-20M,13419793,15829245,14891177,65,0,OK,,,Utilities,Utilities,true,,,,yahoo_fast_info (unit),"REAL: Yahoo Finance via yfinance 1.7.0, janela 2026-07-03..2026-10-02, extraido 2026-10-05"
BR_TENDA,Tenda,Brazil,Consumer Discretionary,LOCAL,TEND3.SA,B3,BRL,,true,20072926,659996491,28.12,2026-10-02,,CORE,false,A_>=20M,15726141,18113193,20072926,65,0,OK,,,Real Estate,Real Estate,false,,,,yahoo (linha local mais liquida),"REAL: Yahoo Finance via yfinance 1.7.0, janela 2026-07-03..2026-10-02, extraido 2026-10-05"
BR_TIM,TIM Brasil,Brazil,Communication Services,LOCAL,TIMS3.SA,B3,BRL,,true,29419415,8436634580,18.55,2026-10-02,TIMB = 5 ON,CORE,false,A_>=20M,27412086,27788386,39636213,65,0,OK,,,Communication Services,Communication Services,true,,,,yahoo (linha local mais liquida),"REAL: Yahoo Finance via yfinance 1.7.0, janela 2026-07-03..2026-10-02, extraido 2026-10-05"
BR_TIM,TIM Brasil,Brazil,Communication Services,ADR,TIMB,NYSE,USD,5,false,10216798,8436634580,17.83,2026-10-02,"TIMB = 5 ON | OK (implicito 5.006, desvio +0.1%, n=20)",CORE,false,B_5-20M,9152824,9476912,39636213,64,0,OK,5.0055,"OK (implicito 5.006, desvio +0.1%, n=20)",Communication Services,Communication Services,true,0.0203,5.49,2026-09-15,yahoo (linha local mais liquida),"REAL: Yahoo Finance via yfinance 1.7.0, janela 2026-07-03..2026-10-02, extraido 2026-10-05"
BR_TOTVS,Totvs,Brazil,Information Technology,LOCAL,TOTS3.SA,B3,BRL,,true,28482071,3836913856,35.35,2026-10-02,,CORE,false,A_>=20M,25357469,30998902,28482071,65,0,OK,,,Technology,Information Technology,true,,,,yahoo (linha local mais liquida),"REAL: Yahoo Finance via yfinance 1.7.0, janela 2026-07-03..2026-10-02, extraido 2026-10-05"
BR_TUPY,Tupy,Brazil,Industrials,LOCAL,TUPY3.SA,B3,BRL,,true,2026051,419117823,16.69,2026-10-02,,CORE,true,C_2-5M,1587053,2173640,2026051,65,0,OK,,,Industrials,Industrials,true,,,,yahoo (linha local mais liquida),"REAL: Yahoo Finance via yfinance 1.7.0, janela 2026-07-03..2026-10-02, extraido 2026-10-05"
BR_ULTRAPAR,Ultrapar,Brazil,Energy,LOCAL,UGPA3.SA,B3,BRL,,true,70465438,7877990090,38.61,2026-10-02,,CORE,false,A_>=20M,63977212,79301264,96324616,65,0,OK,,,Energy,Energy,true,,,,yahoo (linha local mais liquida),"REAL: Yahoo Finance via yfinance 1.7.0, janela 2026-07-03..2026-10-02, extraido 2026-10-05"
BR_ULTRAPAR,Ultrapar,Brazil,Energy,ADR,UGP,NYSE,USD,1,false,25859178,7877990090,7.45,2026-10-02,"OK (implicito 0.998, desvio -0.2%, n=20)",CORE,false,A_>=20M,21617883,29090491,96324616,64,0,OK,0.9978,"OK (implicito 0.998, desvio -0.2%, n=20)",Energy,Energy,true,0.0058,1.39,2026-09-15,yahoo (linha local mais liquida),"REAL: Yahoo Finance via yfinance 1.7.0, janela 2026-07-03..2026-10-02, extraido 2026-10-05"
BR_UNIPAR,Unipar,Brazil,Materials,LOCAL,UNIP6.SA,B3,BRL,,true,2415564,1219310073,57.02,2026-10-02,,CORE,true,C_2-5M,1855911,2359595,2415564,65,0,OK,,,Basic Materials,Materials,true,,,,yahoo (linha local mais liquida),"REAL: Yahoo Finance via yfinance 1.7.0, janela 2026-07-03..2026-10-02, extraido 2026-10-05"
BR_USIMINAS,Usiminas,Brazil,Materials,LOCAL,USIM5.SA,B3,BRL,,true,15312225,1763001508,7.48,2026-10-02,,CORE,false,B_5-20M,14166326,14990823,15312225,65,0,OK,,,Basic Materials,Materials,true,,,,yahoo (linha local mais liquida),"REAL: Yahoo Finance via yfinance 1.7.0, janela 2026-07-03..2026-10-02, extraido 2026-10-05"
BR_VALE,Vale,Brazil,Materials,ADR,VALE,NYSE,USD,1,true,382885147,58752435662,13.76,2026-10-02,"OK (implicito 0.996, desvio -0.4%, n=20)",CORE,false,A_>=20M,352428286,362118624,660828233,64,0,OK,0.9956,"OK (implicito 0.996, desvio -0.4%, n=20)",Basic Materials,Materials,true,0.0108,1.56,2026-09-15,yahoo (linha local mais liquida),"REAL: Yahoo Finance via yfinance 1.7.0, janela 2026-07-03..2026-10-02, extraido 2026-10-05"
BR_VALE,Vale,Brazil,Materials,LOCAL,VALE3.SA,B3,BRL,,false,277943086,58752435662,72.1,2026-10-02,,CORE,false,A_>=20M,257630642,266708147,660828233,65,0,OK,,,Basic Materials,Materials,true,,,,yahoo (linha local mais liquida),"REAL: Yahoo Finance via yfinance 1.7.0, janela 2026-07-03..2026-10-02, extraido 2026-10-05"
BR_VAMOS,Vamos,Brazil,Industrials,LOCAL,VAMO3.SA,B3,BRL,,true,10890928,1108844205,4.74,2026-10-02,,CORE,false,B_5-20M,8364097,15084251,10890928,65,0,OK,,,Industrials,Industrials,true,,,,yahoo (linha local mais liquida),"REAL: Yahoo Finance via yfinance 1.7.0, janela 2026-07-03..2026-10-02, extraido 2026-10-05"
BR_VIBRA,Vibra Energia,Brazil,Energy,LOCAL,VBBR3.SA,B3,BRL,,true,69196810,8738085782,38.15,2026-10-02,,CORE,false,A_>=20M,68179939,73453297,69196810,65,0,OK,,,Consumer Cyclical,Consumer Discretionary,false,,,,yahoo (linha local mais liquida),"REAL: Yahoo Finance via yfinance 1.7.0, janela 2026-07-03..2026-10-02, extraido 2026-10-05"
BR_VIVARA,Vivara,Brazil,Consumer Discretionary,LOCAL,VIVA3.SA,B3,BRL,,true,12487439,1125565134,25.0,2026-10-02,,CORE,false,B_5-20M,10629297,13842875,12487439,65,0,OK,,,Consumer Cyclical,Consumer Discretionary,true,,,,yahoo (linha local mais liquida),"REAL: Yahoo Finance via yfinance 1.7.0, janela 2026-07-03..2026-10-02, extraido 2026-10-05"
BR_VIVO,Telefonica Brasil (Vivo),Brazil,Communication Services,LOCAL,VIVT3.SA,B3,BRL,,true,32005517,18442073399,30.14,2026-10-02,Desdobramento 1:2 de VIVT3 em 15/04/2025 sem ajuste do ADS => 1 ADS = 2 ON (inferido por preco),CORE,false,A_>=20M,26598152,30195050,49486510,65,0,OK,,,Communication Services,Communication Services,true,,,,yahoo (linha local mais liquida),"REAL: Yahoo Finance via yfinance 1.7.0, janela 2026-07-03..2026-10-02, extraido 2026-10-05"
BR_VIVO,Telefonica Brasil (Vivo),Brazil,Communication Services,ADR,VIV,NYSE,USD,2,false,17480992,18442073399,11.54,2026-10-02,"Desdobramento 1:2 de VIVT3 em 15/04/2025 sem ajuste do ADS => 1 ADS = 2 ON (inferido por preco) | OK (implicito 1.990, desvio -0.5%, n=20)",CORE,false,B_5-20M,14036653,16533404,49486510,64,0,OK,1.99,"OK (implicito 1.990, desvio -0.5%, n=20)",Communication Services,Communication Services,true,0.0083,2.23,2026-09-15,yahoo (linha local mais liquida),"REAL: Yahoo Finance via yfinance 1.7.0, janela 2026-07-03..2026-10-02, extraido 2026-10-05"
BR_VTEX,VTEX,Brazil,Information Technology,US_LISTED,VTEX,NYSE,USD,,true,3087280,603462272,3.65,2026-10-02,,US_LATAM,true,C_2-5M,2910267,2898742,3087280,64,0,OK,,,Technology,Information Technology,true,0.0470,2.82,2026-09-15,yahoo (linha EUA),"REAL: Yahoo Finance via yfinance 1.7.0, janela 2026-07-03..2026-10-02, extraido 2026-10-05"
BR_VULCABRAS,Vulcabras,Brazil,Consumer Discretionary,LOCAL,VULC3.SA,B3,BRL,,true,4646862,834210212,13.87,2026-10-02,,CORE,true,C_2-5M,3443574,4722070,4646862,65,0,OK,,,Consumer Cyclical,Consumer Discretionary,true,,,,yahoo (linha local mais liquida),"REAL: Yahoo Finance via yfinance 1.7.0, janela 2026-07-03..2026-10-02, extraido 2026-10-05"
BR_WEG,WEG,Brazil,Industrials,LOCAL,WEGE3.SA,B3,BRL,,true,73772965,41334859503,51.45,2026-10-02,,CORE,false,A_>=20M,68444639,77766835,73772965,65,0,OK,,,Industrials,Industrials,true,,,,yahoo (linha local mais liquida),"REAL: Yahoo Finance via yfinance 1.7.0, janela 2026-07-03..2026-10-02, extraido 2026-10-05"
BR_XP,XP Inc,Brazil,Financials,US_LISTED,XP,NASDAQ,USD,,true,112234905,10910023680,21.5,2026-10-02,BDR XPBR31 nao incluido,US_LATAM,false,A_>=20M,97350524,132071103,112234905,64,0,OK,,,Financial Services,Financials,true,0.0440,2.54,2026-09-15,yahoo (linha EUA),"REAL: Yahoo Finance via yfinance 1.7.0, janela 2026-07-03..2026-10-02, extraido 2026-10-05"
BR_YDUQS,Yduqs,Brazil,Consumer Discretionary,LOCAL,YDUQ3.SA,B3,BRL,,true,8868553,539839622,11.08,2026-10-02,,CORE,false,B_5-20M,7792547,10614628,8868553,65,0,OK,,,Consumer Defensive,Consumer Staples,false,,,,yahoo (linha local mais liquida),"REAL: Yahoo Finance via yfinance 1.7.0, janela 2026-07-03..2026-10-02, extraido 2026-10-05"
LA_MELI,MercadoLibre,Brazil,Consumer Discretionary,US_LISTED,MELI,NASDAQ,USD,,true,903945150,86010167296,1696.5601,2026-10-02,"Delaware/Uruguai; receita ~50%+ Brasil, Mexico, Argentina (pais de risco = Brasil)",US_LATAM,false,A_>=20M,777475686,831202456,903945150,64,0,OK,,,Consumer Cyclical,Consumer Discretionary,true,0.0163,1.97,2026-09-15,yahoo (linha EUA),"REAL: Yahoo Finance via yfinance 1.7.0, janela 2026-07-03..2026-10-02, extraido 2026-10-05"
CL_ANDINA,Embotelladora Andina,Chile,Consumer Staples,LOCAL,ANDINA-B.SN,BCS,CLP,,true,3775984,4611252877,4699.8999,2026-10-02,AKO-B = 6 serie B | YAHOO_VOLUME_GAPS (media de 10 pregoes com volume),CORE,true,C_2-5M,2614389,553531,3775984,64,54,YAHOO_VOLUME_GAPS (media de 10 pregoes com volume),,,Consumer Defensive,Consumer Staples,true,,,,yahoo (linha local mais liquida),"REAL: Yahoo Finance via yfinance 1.7.0, janela 2026-07-03..2026-10-02, extraido 2026-10-05"
CL_BCHILE,Banco de Chile,Chile,Financials,ADR,BCH,NYSE,USD,200,true,12084489,19509318103,38.49,2026-10-02,"BCH = 200 acoes | OK (implicito 199.286, desvio -0.4%, n=20)",CORE,false,B_5-20M,11167488,11299202,22330260,64,0,OK,199.2855,"OK (implicito 199.286, desvio -0.4%, n=20)",Financial Services,Financials,true,0.0042,3.6,2026-09-15,yahoo (linha local mais liquida),"REAL: Yahoo Finance via yfinance 1.7.0, janela 2026-07-03..2026-10-02, extraido 2026-10-05"
CL_BCHILE,Banco de Chile,Chile,Financials,LOCAL,CHILE.SN,BCS,CLP,,false,10245772,19509318103,197.9,2026-10-02,BCH = 200 acoes,CORE,false,B_5-20M,10342891,10103862,22330260,64,11,OK,,,Financial Services,Financials,true,,,,yahoo (linha local mais liquida),"REAL: Yahoo Finance via yfinance 1.7.0, janela 2026-07-03..2026-10-02, extraido 2026-10-05"
CL_BCI,Banco de Credito e Inversiones,Chile,Financials,LOCAL,BCI.SN,BCS,CLP,,true,8650046,14280870420,65600.0,2026-10-02,YAHOO_VOLUME_GAPS (media de 13 pregoes com volume),CORE,false,B_5-20M,8198138,1718472,8650046,64,51,YAHOO_VOLUME_GAPS (media de 13 pregoes com volume),,,Financial Services,Financials,true,,,,yahoo (linha local mais liquida),"REAL: Yahoo Finance via yfinance 1.7.0, janela 2026-07-03..2026-10-02, extraido 2026-10-05"
CL_BSAC,Banco Santander-Chile,Chile,Financials,ADR,BSAC,NYSE,USD,400,true,10208059,15133921884,31.99,2026-10-02,"BSAC = 400 acoes | OK (implicito 397.731, desvio -0.6%, n=20)",CORE,false,B_5-20M,9617520,9501702,17050871,64,0,OK,397.7314,"OK (implicito 397.731, desvio -0.6%, n=20)",Financial Services,Financials,true,0.0047,2.56,2026-09-15,yahoo (linha local mais liquida),"REAL: Yahoo Finance via yfinance 1.7.0, janela 2026-07-03..2026-10-02, extraido 2026-10-05"
CL_BSAC,Banco Santander-Chile,Chile,Financials,LOCAL,BSANTANDER.SN,BCS,CLP,,false,6842812,15133921884,81.82,2026-10-02,BSAC = 400 acoes,CORE,false,B_5-20M,7077935,6674235,17050871,64,11,OK,,,Financial Services,Financials,true,,,,yahoo (linha local mais liquida),"REAL: Yahoo Finance via yfinance 1.7.0, janela 2026-07-03..2026-10-02, extraido 2026-10-05"
CL_CENCOMALLS,Cencosud Shopping,Chile,Real Estate,LOCAL,CENCOMALLS.SN,BCS,CLP,,true,3342395,3773408655,2240.0,2026-10-02,YAHOO_VOLUME_GAPS (media de 13 pregoes com volume),CORE,true,C_2-5M,1599517,634917,3342395,64,51,YAHOO_VOLUME_GAPS (media de 13 pregoes com volume),,,Real Estate,Real Estate,true,,,,yahoo (linha local mais liquida),"REAL: Yahoo Finance via yfinance 1.7.0, janela 2026-07-03..2026-10-02, extraido 2026-10-05"
CL_CENCOSUD,Cencosud,Chile,Consumer Staples,LOCAL,CENCOSUD.SN,BCS,CLP,,true,6191468,5332541726,2090.0,2026-10-02,YAHOO_VOLUME_GAPS (media de 13 pregoes com volume),CORE,false,B_5-20M,5725986,1176618,6191468,64,51,YAHOO_VOLUME_GAPS (media de 13 pregoes com volume),,,Consumer Cyclical,Consumer Discretionary,false,,,,yahoo (linha local mais liquida),"REAL: Yahoo Finance via yfinance 1.7.0, janela 2026-07-03..2026-10-02, extraido 2026-10-05"
CL_CMPC,Empresas CMPC,Chile,Materials,LOCAL,CMPC.SN,BCS,CLP,,true,2374558,2484177754,957.0,2026-10-02,YAHOO_VOLUME_GAPS (media de 13 pregoes com volume),CORE,true,C_2-5M,2287852,406853,2374558,64,51,YAHOO_VOLUME_GAPS (media de 13 pregoes com volume),,,Basic Materials,Materials,true,,,,yahoo (linha local mais liquida),"REAL: Yahoo Finance via yfinance 1.7.0, janela 2026-07-03..2026-10-02, extraido 2026-10-05"
CL_COLBUN,Colbun,Chile,Utilities,LOCAL,COLBUN.SN,BCS,CLP,,true,2349309,2636117397,148.0,2026-10-02,YAHOO_VOLUME_GAPS (media de 13 pregoes com volume),CORE,true,C_2-5M,1224727,506410,2349309,64,51,YAHOO_VOLUME_GAPS (media de 13 pregoes com volume),,,Utilities,Utilities,true,,,,yahoo (linha local mais liquida),"REAL: Yahoo Finance via yfinance 1.7.0, janela 2026-07-03..2026-10-02, extraido 2026-10-05"
CL_COPEC,Empresas Copec,Chile,Energy,LOCAL,COPEC.SN,BCS,CLP,,true,5327204,8365769564,6430.0,2026-10-02,YAHOO_VOLUME_GAPS (media de 13 pregoes com volume),CORE,false,B_5-20M,5305409,1036830,5327204,64,51,YAHOO_VOLUME_GAPS (media de 13 pregoes com volume),,,Industrials,Industrials,false,,,,yahoo (linha local mais liquida),"REAL: Yahoo Finance via yfinance 1.7.0, janela 2026-07-03..2026-10-02, extraido 2026-10-05"
CL_ECL,Engie Energia Chile,Chile,Utilities,LOCAL,ECL.SN,BCS,CLP,,true,3001610,2023510599,1855.0,2026-10-02,YAHOO_VOLUME_GAPS (media de 13 pregoes com volume),CORE,true,C_2-5M,1387411,599772,3001610,64,51,YAHOO_VOLUME_GAPS (media de 13 pregoes com volume),,,Utilities,Utilities,true,,,,yahoo (linha local mais liquida),"REAL: Yahoo Finance via yfinance 1.7.0, janela 2026-07-03..2026-10-02, extraido 2026-10-05"
CL_EISA,Echeverria Izquierdo,Chile,Industrials,LOCAL,EISA.SN,BCS,CLP,,true,2051971,326473046,535.0,2026-10-02,YAHOO_VOLUME_GAPS (media de 13 pregoes com volume),CORE,true,C_2-5M,48511,396269,2051971,64,51,YAHOO_VOLUME_GAPS (media de 13 pregoes com volume),,,Industrials,Industrials,true,,,,yahoo (linha local mais liquida),"REAL: Yahoo Finance via yfinance 1.7.0, janela 2026-07-03..2026-10-02, extraido 2026-10-05"
CL_ENELAM,Enel Americas,Chile,Utilities,LOCAL,ENELAM.SN,BCS,CLP,,true,4400258,8911181142,90.0,2026-10-02,YAHOO_VOLUME_GAPS (media de 13 pregoes com volume),CORE,true,C_2-5M,2910122,912924,4400258,64,51,YAHOO_VOLUME_GAPS (media de 13 pregoes com volume),,,Utilities,Utilities,true,,,,yahoo (linha local mais liquida),"REAL: Yahoo Finance via yfinance 1.7.0, janela 2026-07-03..2026-10-02, extraido 2026-10-05"
CL_ENELCHILE,Enel Chile,Chile,Utilities,LOCAL,ENELCHILE.SN,BCS,CLP,,true,3912120,5717531470,81.53,2026-10-02,ENIC = 50 acoes | YAHOO_VOLUME_GAPS (media de 13 pregoes com volume),CORE,true,C_2-5M,3231725,756392,6628896,64,51,YAHOO_VOLUME_GAPS (media de 13 pregoes com volume),,,Utilities,Utilities,true,,,,yahoo (linha local mais liquida),"REAL: Yahoo Finance via yfinance 1.7.0, janela 2026-07-03..2026-10-02, extraido 2026-10-05"
CL_ENELCHILE,Enel Chile,Chile,Utilities,ADR,ENIC,NYSE,USD,50,false,2716776,5717531470,4.17,2026-10-02,"ENIC = 50 acoes | OK (implicito 50.566, desvio +1.1%, n=20)",CORE,true,C_2-5M,2109083,2584683,6628896,64,0,OK,50.5655,"OK (implicito 50.566, desvio +1.1%, n=20)",Utilities,Utilities,true,,2.42,2026-09-15,yahoo (linha local mais liquida),"REAL: Yahoo Finance via yfinance 1.7.0, janela 2026-07-03..2026-10-02, extraido 2026-10-05"
CL_FALABELLA,Falabella,Chile,Consumer Discretionary,LOCAL,FALABELLA.SN,BCS,CLP,,true,10281108,16210672977,6599.0,2026-10-02,YAHOO_VOLUME_GAPS (media de 13 pregoes com volume),CORE,false,B_5-20M,8932353,2136670,10281108,64,51,YAHOO_VOLUME_GAPS (media de 13 pregoes com volume),,,Consumer Cyclical,Consumer Discretionary,true,,,,yahoo (linha local mais liquida),"REAL: Yahoo Finance via yfinance 1.7.0, janela 2026-07-03..2026-10-02, extraido 2026-10-05"
CL_ITAU,Banco Itau Chile,Chile,Financials,LOCAL,ITAUCL.SN,BCS,CLP,,true,5255605,5038051117,24200.0,2026-10-02,YAHOO_VOLUME_GAPS (media de 13 pregoes com volume),CORE,false,B_5-20M,4973979,1174892,5255605,64,51,YAHOO_VOLUME_GAPS (media de 13 pregoes com volume),,,Financial Services,Financials,true,,,,yahoo (linha local mais liquida),"REAL: Yahoo Finance via yfinance 1.7.0, janela 2026-07-03..2026-10-02, extraido 2026-10-05"
CL_LATAM,LATAM Airlines Group,Chile,Industrials,ADR,LTM,NYSE,USD,2000,true,40118758,13752485204,47.92,2026-10-02,"Relistado NYSE 25/07/2024; LTM = 2000 acoes | OK (implicito 1982.952, desvio -0.9%, n=20)",CORE,false,A_>=20M,36743670,36625590,58808573,64,0,OK,1982.9517,"OK (implicito 1982.952, desvio -0.9%, n=20)",Industrials,Industrials,true,0.0203,3.8,2026-09-15,yahoo (linha local mais liquida),"REAL: Yahoo Finance via yfinance 1.7.0, janela 2026-07-03..2026-10-02, extraido 2026-10-05"
CL_LATAM,LATAM Airlines Group,Chile,Industrials,LOCAL,LTM.SN,BCS,CLP,,false,18689815,13752485204,24.78,2026-10-02,Relistado NYSE 25/07/2024; LTM = 2000 acoes | YAHOO_VOLUME_GAPS (media de 13 pregoes com volume),CORE,false,B_5-20M,22664702,3556112,58808573,64,51,YAHOO_VOLUME_GAPS (media de 13 pregoes com volume),,,Industrials,Industrials,true,,,,yahoo (linha local mais liquida),"REAL: Yahoo Finance via yfinance 1.7.0, janela 2026-07-03..2026-10-02, extraido 2026-10-05"
CL_MALLPLAZA,Plaza SA (Mallplaza),Chile,Real Estate,LOCAL,MALLPLAZA.SN,BCS,CLP,,true,3756876,8010425941,3900.0,2026-10-02,YAHOO_VOLUME_GAPS (media de 13 pregoes com volume),CORE,true,C_2-5M,3180314,694922,3756876,64,51,YAHOO_VOLUME_GAPS (media de 13 pregoes com volume),,,Real Estate,Real Estate,true,,,,yahoo (linha local mais liquida),"REAL: Yahoo Finance via yfinance 1.7.0, janela 2026-07-03..2026-10-02, extraido 2026-10-05"
CL_PARAUCO,Parque Arauco,Chile,Real Estate,LOCAL,PARAUCO.SN,BCS,CLP,,true,4194486,3641241286,3900.0,2026-10-02,YAHOO_VOLUME_GAPS (media de 13 pregoes com volume),CORE,true,C_2-5M,3487548,820093,4194486,64,51,YAHOO_VOLUME_GAPS (media de 13 pregoes com volume),,,Real Estate,Real Estate,true,,,,yahoo (linha local mais liquida),"REAL: Yahoo Finance via yfinance 1.7.0, janela 2026-07-03..2026-10-02, extraido 2026-10-05"
CL_SQM,SQM,Chile,Materials,ADR,SQM,NYSE,USD,1,true,69474615,18584317234,64.52,2026-10-02,"SQM = 1 serie B | OK (implicito 1.002, desvio +0.2%, n=20)",CORE,false,A_>=20M,66007313,62322446,95831377,64,0,OK,1.0023,"OK (implicito 1.002, desvio +0.2%, n=20)",Basic Materials,Materials,true,,2.42,2026-09-15,yahoo (linha local mais liquida),"REAL: Yahoo Finance via yfinance 1.7.0, janela 2026-07-03..2026-10-02, extraido 2026-10-05"
CL_SQM,SQM,Chile,Materials,LOCAL,SQM-B.SN,BCS,CLP,,false,26356762,18584317234,65450.0,2026-10-02,SQM = 1 serie B | YAHOO_VOLUME_GAPS (media de 10 pregoes com volume),CORE,false,A_>=20M,21687663,3763136,95831377,64,54,YAHOO_VOLUME_GAPS (media de 10 pregoes com volume),,,Basic Materials,Materials,true,,,,yahoo (linha local mais liquida),"REAL: Yahoo Finance via yfinance 1.7.0, janela 2026-07-03..2026-10-02, extraido 2026-10-05"
CO_CEMARGOS,Cementos Argos,Colombia,Materials,LOCAL,CEMARGOS.CL,BVC,COP,,true,2178834,4208478648,11440.0,2026-10-02,,CORE,true,C_2-5M,1643504,2169309,2178834,63,2,OK,,,Basic Materials,Materials,true,,,,yahoo (linha local mais liquida),"REAL: Yahoo Finance via yfinance 1.7.0, janela 2026-07-03..2026-10-02, extraido 2026-10-05"
CO_CIBEST,Grupo Cibest (ex-Bancolombia),Colombia,Financials,ADR,CIB,NYSE,USD,4,true,28391871,21349707754,91.91,2026-10-02,"Holding criada 16/05/2025; CIB = 4 preferenciais | OK (implicito 4.006, desvio +0.1%, n=20)",CORE,false,A_>=20M,24944002,27802592,40729185,64,0,OK,4.0058,"OK (implicito 4.006, desvio +0.1%, n=20)",Financial Services,Financials,true,0.0077,1.84,2026-09-15,yahoo (linha local mais liquida),"REAL: Yahoo Finance via yfinance 1.7.0, janela 2026-07-03..2026-10-02, extraido 2026-10-05"
CO_CIBEST,Grupo Cibest (ex-Bancolombia),Colombia,Financials,LOCAL,PFCIBEST.CL,BVC,COP,,false,8984000,21349707754,75000.0,2026-10-02,Holding criada 16/05/2025; CIB = 4 preferenciais,CORE,false,B_5-20M,6631525,8971578,40729185,63,2,OK,,,Financial Services,Financials,true,,,,yahoo (linha local mais liquida),"REAL: Yahoo Finance via yfinance 1.7.0, janela 2026-07-03..2026-10-02, extraido 2026-10-05"
CO_CIBEST,Grupo Cibest (ex-Bancolombia),Colombia,Financials,LOCAL,CIBEST.CL,BVC,COP,,false,3353313,21349707754,87100.0,2026-10-02,Holding criada 16/05/2025; CIB = 4 preferenciais,CORE,true,C_2-5M,2621264,3296332,40729185,63,2,OK,,,Financial Services,Financials,true,,,,yahoo (linha local mais liquida),"REAL: Yahoo Finance via yfinance 1.7.0, janela 2026-07-03..2026-10-02, extraido 2026-10-05"
CO_ECOPETROL,Ecopetrol,Colombia,Energy,ADR,EC,NYSE,USD,20,true,31526307,33515038338,16.6,2026-10-02,"EC = 20 acoes | OK (implicito 20.025, desvio +0.1%, n=20)",CORE,false,A_>=20M,30897658,31477336,50042618,64,0,OK,20.0246,"OK (implicito 20.025, desvio +0.1%, n=20)",Energy,Energy,true,0.0322,4.84,2026-09-15,yahoo (linha local mais liquida),"REAL: Yahoo Finance via yfinance 1.7.0, janela 2026-07-03..2026-10-02, extraido 2026-10-05"
CO_ECOPETROL,Ecopetrol,Colombia,Energy,LOCAL,ECOPETROL.CL,BVC,COP,,false,18516312,33515038338,2705.0,2026-10-02,EC = 20 acoes,CORE,false,B_5-20M,17808503,18546359,50042618,63,2,OK,,,Energy,Energy,true,,,,yahoo (linha local mais liquida),"REAL: Yahoo Finance via yfinance 1.7.0, janela 2026-07-03..2026-10-02, extraido 2026-10-05"
CO_GEOPARK,GeoPark,Colombia,Energy,US_LISTED,GPRK,NYSE,USD,,true,7553340,704118912,10.85,2026-10-02,,US_LATAM,false,B_5-20M,4358405,7536562,7553340,64,0,OK,,,Energy,Energy,true,0.0311,1.12,2026-09-15,yahoo (linha EUA),"REAL: Yahoo Finance via yfinance 1.7.0, janela 2026-07-03..2026-10-02, extraido 2026-10-05"
CO_GRANTIERRA,Gran Tierra Energy,Colombia,Energy,US_LISTED,GTE,NYSE American,USD,,true,8412152,369367200,10.44,2026-10-02,,US_LATAM,false,B_5-20M,4695825,9396104,8412152,64,0,OK,,,Energy,Energy,true,0.0316,1.25,2026-09-15,yahoo (linha EUA),"REAL: Yahoo Finance via yfinance 1.7.0, janela 2026-07-03..2026-10-02, extraido 2026-10-05"
CO_GRUPOARGOS,Grupo Argos,Colombia,Materials,LOCAL,PFGRUPOARG.CL,BVC,COP,,true,4364102,3389772072,16500.0,2026-10-02,,CORE,true,C_2-5M,2450878,4550076,6591775,63,2,OK,,,Industrials,Industrials,false,,,,yahoo (linha local mais liquida),"REAL: Yahoo Finance via yfinance 1.7.0, janela 2026-07-03..2026-10-02, extraido 2026-10-05"
CO_GRUPOARGOS,Grupo Argos,Colombia,Materials,LOCAL,GRUPOARGOS.CL,BVC,COP,,false,2227673,3389772072,21620.0,2026-10-02,,CORE,true,C_2-5M,1416747,2343460,6591775,63,2,OK,,,Industrials,Industrials,false,,,,yahoo (linha local mais liquida),"REAL: Yahoo Finance via yfinance 1.7.0, janela 2026-07-03..2026-10-02, extraido 2026-10-05"
CO_ISA,Interconexion Electrica (ISA),Colombia,Utilities,LOCAL,ISA.CL,BVC,COP,,true,2216119,9446136150,28300.0,2026-10-02,,CORE,true,C_2-5M,1720896,2079274,2216119,62,1,OK,,,Utilities,Utilities,true,,,,yahoo (linha local mais liquida),"REAL: Yahoo Finance via yfinance 1.7.0, janela 2026-07-03..2026-10-02, extraido 2026-10-05"
CO_SURA,Grupo Sura,Colombia,Financials,LOCAL,PFGRUPSURA.CL,BVC,COP,,true,2420352,5581368662,56520.0,2026-10-02,,CORE,true,C_2-5M,1849154,2637741,4837034,63,2,OK,,,Financial Services,Financials,true,,,,yahoo (linha local mais liquida),"REAL: Yahoo Finance via yfinance 1.7.0, janela 2026-07-03..2026-10-02, extraido 2026-10-05"
CO_SURA,Grupo Sura,Colombia,Financials,LOCAL,GRUPOSURA.CL,BVC,COP,,false,2416682,5581368662,68980.0,2026-10-02,,CORE,true,C_2-5M,1096358,2561248,4837034,63,2,OK,,,Financial Services,Financials,true,,,,yahoo (linha local mais liquida),"REAL: Yahoo Finance via yfinance 1.7.0, janela 2026-07-03..2026-10-02, extraido 2026-10-05"
CO_TECNOGLASS,Tecnoglass,Colombia,Industrials,US_LISTED,TGLS,NYSE,USD,,true,10816863,1541226880,34.74,2026-10-02,,US_LATAM,false,B_5-20M,9696482,9208914,10816863,64,0,OK,,,Basic Materials,Materials,false,0.1011,6.81,2026-09-15,yahoo (linha EUA),"REAL: Yahoo Finance via yfinance 1.7.0, janela 2026-07-03..2026-10-02, extraido 2026-10-05"
MX_AC,Arca Continental,Mexico,Consumer Staples,LOCAL,AC.MX,BMV,MXN,,true,22262193,18155499721,195.8,2026-10-02,,CORE,false,A_>=20M,20152049,21178807,22262193,65,0,OK,,,Consumer Defensive,Consumer Staples,true,,,,yahoo (linha local mais liquida),"REAL: Yahoo Finance via yfinance 1.7.0, janela 2026-07-03..2026-10-02, extraido 2026-10-05"
MX_AEROMEXICO,Grupo Aeromexico,Mexico,Industrials,ADR,AERO,NYSE,USD,10,true,4510899,2245453568,15.39,2026-10-02,Relistagem 11/2025 (NYSE+BMV); 1 ADS = 10 acoes comuns (SEC 8-A12B 03/11/2025); serie AERO.MX no Yahoo sem volume/preco defasado | NAO_VERIFICAVEL (sem linha local liquida/serie),CORE,true,C_2-5M,4121581,4534664,4510899,64,0,OK,,NAO_VERIFICAVEL (sem linha local liquida/serie),Industrials,Industrials,true,0.0078,1.85,2026-09-15,yahoo (linha EUA),"REAL: Yahoo Finance via yfinance 1.7.0, janela 2026-07-03..2026-10-02, extraido 2026-10-05"
MX_ALPEK,Alpek,Mexico,Materials,LOCAL,ALPEKA.MX,BMV,MXN,,true,8186236,1690422250,14.75,2026-10-02,,CORE,false,B_5-20M,3376638,8179458,8186236,65,0,OK,,,Basic Materials,Materials,true,,,,yahoo (linha local mais liquida),"REAL: Yahoo Finance via yfinance 1.7.0, janela 2026-07-03..2026-10-02, extraido 2026-10-05"
MX_ALSEA,Alsea,Mexico,Consumer Discretionary,LOCAL,ALSEA.MX,BMV,MXN,,true,2859083,1969945904,45.61,2026-10-02,,CORE,true,C_2-5M,2186380,2915883,2859083,65,0,OK,,,Consumer Cyclical,Consumer Discretionary,true,,,,yahoo (linha local mais liquida),"REAL: Yahoo Finance via yfinance 1.7.0, janela 2026-07-03..2026-10-02, extraido 2026-10-05"
MX_AMX,America Movil,Mexico,Communication Services,ADR,AMX,NYSE,USD,20,true,60319686,63159447783,21.29,2026-10-02,"AMX = 20 serie B | OK (implicito 19.952, desvio -0.2%, n=20)",CORE,false,A_>=20M,48708136,54163082,100443060,64,0,OK,19.9524,"OK (implicito 19.952, desvio -0.2%, n=20)",Communication Services,Communication Services,true,0.0059,2.38,2026-09-15,yahoo (linha local mais liquida),"REAL: Yahoo Finance via yfinance 1.7.0, janela 2026-07-03..2026-10-02, extraido 2026-10-05"
MX_AMX,America Movil,Mexico,Communication Services,LOCAL,AMXB.MX,BMV,MXN,,false,40123374,63159447783,19.35,2026-10-02,AMX = 20 serie B,CORE,false,A_>=20M,35113675,36114387,100443060,65,0,OK,,,Communication Services,Communication Services,true,,,,yahoo (linha local mais liquida),"REAL: Yahoo Finance via yfinance 1.7.0, janela 2026-07-03..2026-10-02, extraido 2026-10-05"
MX_ASUR,Grupo Aeroportuario del Sureste,Mexico,Industrials,ADR,ASR,NYSE,USD,10,true,16736455,6967982304,234.41,2026-10-02,"ASR = 10 B | OK (implicito 9.973, desvio -0.3%, n=20)",CORE,false,B_5-20M,16217229,14950904,27258738,64,0,OK,9.9729,"OK (implicito 9.973, desvio -0.3%, n=20)",Industrials,Industrials,true,0.0393,5.99,2026-09-15,yahoo (linha local mais liquida),"REAL: Yahoo Finance via yfinance 1.7.0, janela 2026-07-03..2026-10-02, extraido 2026-10-05"
MX_ASUR,Grupo Aeroportuario del Sureste,Mexico,Industrials,LOCAL,ASURB.MX,BMV,MXN,,false,10522283,6967982304,425.38,2026-10-02,ASR = 10 B,CORE,false,B_5-20M,8837983,9542907,27258738,65,0,OK,,,Industrials,Industrials,true,,,,yahoo (linha local mais liquida),"REAL: Yahoo Finance via yfinance 1.7.0, janela 2026-07-03..2026-10-02, extraido 2026-10-05"
MX_BAJIO,Banco del Bajio,Mexico,Financials,LOCAL,BBAJIOO.MX,BMV,MXN,,true,5283984,3702792746,56.99,2026-10-02,,CORE,false,B_5-20M,4191468,5030393,5283984,65,0,OK,,,Financial Services,Financials,true,,,,yahoo (linha local mais liquida),"REAL: Yahoo Finance via yfinance 1.7.0, janela 2026-07-03..2026-10-02, extraido 2026-10-05"
MX_BANORTE,Grupo Financiero Banorte,Mexico,Financials,LOCAL,GFNORTEO.MX,BMV,MXN,,true,64066741,29149481168,189.83,2026-10-02,,CORE,false,A_>=20M,53619432,60198562,64066741,65,0,OK,,,Financial Services,Financials,true,,,,preco x floatShares (limite inferior),"REAL: Yahoo Finance via yfinance 1.7.0, janela 2026-07-03..2026-10-02, extraido 2026-10-05"
MX_BIMBO,Grupo Bimbo,Mexico,Consumer Staples,LOCAL,BIMBOA.MX,BMV,MXN,,true,7035605,12913948192,55.05,2026-10-02,,CORE,false,B_5-20M,5772687,6434854,7035605,65,0,OK,,,Consumer Defensive,Consumer Staples,true,,,,yahoo (linha local mais liquida),"REAL: Yahoo Finance via yfinance 1.7.0, janela 2026-07-03..2026-10-02, extraido 2026-10-05"
MX_BMV,Bolsa Mexicana de Valores,Mexico,Financials,LOCAL,BOLSAA.MX,BMV,MXN,,true,2438493,1155023905,38.35,2026-10-02,,CORE,true,C_2-5M,2153780,2364989,2438493,65,0,OK,,,Financial Services,Financials,true,,,,yahoo (linha local mais liquida),"REAL: Yahoo Finance via yfinance 1.7.0, janela 2026-07-03..2026-10-02, extraido 2026-10-05"
MX_CARSO,Grupo Carso,Mexico,Industrials,LOCAL,GCARSOA1.MX,BMV,MXN,,true,2276163,17048475777,138.59,2026-10-02,,CORE,true,C_2-5M,1878855,2201023,2276163,65,0,OK,,,Industrials,Industrials,true,,,,yahoo (linha local mais liquida),"REAL: Yahoo Finance via yfinance 1.7.0, janela 2026-07-03..2026-10-02, extraido 2026-10-05"
MX_CEMEX,Cemex,Mexico,Materials,ADR,CX,NYSE,USD,10,true,74117037,13724891012,9.53,2026-10-02,"CX = 10 CPO | OK (implicito 9.942, desvio -0.6%, n=20)",CORE,false,A_>=20M,67702672,63568967,103548627,64,0,OK,9.9422,"OK (implicito 9.942, desvio -0.6%, n=20)",Basic Materials,Materials,true,,1.69,2026-09-15,yahoo (linha local mais liquida),"REAL: Yahoo Finance via yfinance 1.7.0, janela 2026-07-03..2026-10-02, extraido 2026-10-05"
MX_CEMEX,Cemex,Mexico,Materials,LOCAL,CEMEXCPO.MX,BMV,MXN,,false,29431591,13724891012,17.42,2026-10-02,CX = 10 CPO,CORE,false,A_>=20M,24019507,25841436,103548627,65,0,OK,,,Basic Materials,Materials,true,,,,yahoo (linha local mais liquida),"REAL: Yahoo Finance via yfinance 1.7.0, janela 2026-07-03..2026-10-02, extraido 2026-10-05"
MX_CHEDRAUI,Grupo Comercial Chedraui,Mexico,Consumer Staples,LOCAL,CHDRAUIB.MX,BMV,MXN,,true,4455766,4483427206,85.6,2026-10-02,,CORE,true,C_2-5M,2450255,4164722,4455766,65,0,OK,,,Consumer Defensive,Consumer Staples,true,,,,yahoo (linha local mais liquida),"REAL: Yahoo Finance via yfinance 1.7.0, janela 2026-07-03..2026-10-02, extraido 2026-10-05"
MX_ENDEAVOUR,Endeavour Silver,Mexico,Materials,US_LISTED,EXK,NYSE,USD,,true,74868912,2546842624,8.6,2026-10-02,Canada; minas no Mexico | SATELLITE: emissor estrangeiro com ativos LatAm (opcional),SATELLITE,false,A_>=20M,70331291,67528519,74868912,64,0,OK,,,Basic Materials,Materials,true,,2.13,2026-09-15,yahoo (linha EUA),"REAL: Yahoo Finance via yfinance 1.7.0, janela 2026-07-03..2026-10-02, extraido 2026-10-05"
MX_FEMSA,FEMSA,Mexico,Consumer Staples,ADR,FMX,NYSE,USD,10,true,55537675,47266801722,115.68,2026-10-02,"FMX = 10 units BD | OK (implicito 10.006, desvio +0.1%, n=20)",CORE,false,A_>=20M,51557742,52256589,84931547,64,0,OK,10.0063,"OK (implicito 10.006, desvio +0.1%, n=20)",Consumer Defensive,Consumer Staples,true,,4.79,2026-09-15,yahoo (linha local mais liquida),"REAL: Yahoo Finance via yfinance 1.7.0, janela 2026-07-03..2026-10-02, extraido 2026-10-05"
MX_FEMSA,FEMSA,Mexico,Consumer Staples,LOCAL,FEMSAUBD.MX,BMV,MXN,,false,29393872,47266801722,210.0,2026-10-02,FMX = 10 units BD,CORE,false,A_>=20M,23133928,27782171,84931547,65,0,OK,,,Consumer Defensive,Consumer Staples,true,,,,yahoo (linha local mais liquida),"REAL: Yahoo Finance via yfinance 1.7.0, janela 2026-07-03..2026-10-02, extraido 2026-10-05"
MX_FIBRAPL,Fibra Prologis,Mexico,Real Estate,LOCAL,FIBRAPL14.MX,BMV,MXN,,true,5595900,6918081991,75.95,2026-10-02,,CORE,false,B_5-20M,3133772,5318085,5595900,65,0,OK,,,Real Estate,Real Estate,true,,,,yahoo (linha local mais liquida),"REAL: Yahoo Finance via yfinance 1.7.0, janela 2026-07-03..2026-10-02, extraido 2026-10-05"
MX_FIRSTMAJ,First Majestic Silver,Mexico,Materials,US_LISTED,AG,NYSE,USD,,true,184468475,8709655552,17.67,2026-10-02,Canada; minas no Mexico | SATELLITE: emissor estrangeiro com ativos LatAm (opcional),SATELLITE,false,A_>=20M,175064767,177726062,184468475,64,0,OK,,,Basic Materials,Materials,true,,2.46,2026-09-15,yahoo (linha EUA),"REAL: Yahoo Finance via yfinance 1.7.0, janela 2026-07-03..2026-10-02, extraido 2026-10-05"
MX_FMTY,Fibra Mty,Mexico,Real Estate,LOCAL,FMTY14.MX,BMV,MXN,,true,3780715,1935100806,14.26,2026-10-02,,CORE,true,C_2-5M,2873060,3586737,3780715,65,0,OK,,,Financial Services,Financials,false,,,,yahoo (linha local mais liquida),"REAL: Yahoo Finance via yfinance 1.7.0, janela 2026-07-03..2026-10-02, extraido 2026-10-05"
MX_FUNO,Fibra Uno,Mexico,Real Estate,LOCAL,FUNO11.MX,BMV,MXN,,true,7496024,6256784645,29.85,2026-10-02,,CORE,false,B_5-20M,5817605,7139859,7496024,65,0,OK,,,Real Estate,Real Estate,true,,,,yahoo (linha local mais liquida),"REAL: Yahoo Finance via yfinance 1.7.0, janela 2026-07-03..2026-10-02, extraido 2026-10-05"
MX_GAP,Grupo Aeroportuario del Pacifico,Mexico,Industrials,ADR,PAC,NYSE,USD,10,true,30148372,11835813549,200.9,2026-10-02,"PAC = 10 B | OK (implicito 9.985, desvio -0.1%, n=20)",CORE,false,A_>=20M,27870467,28327703,53743730,64,0,OK,9.9851,"OK (implicito 9.985, desvio -0.1%, n=20)",Industrials,Industrials,true,0.0088,3.57,2026-09-15,yahoo (linha local mais liquida),"REAL: Yahoo Finance via yfinance 1.7.0, janela 2026-07-03..2026-10-02, extraido 2026-10-05"
MX_GAP,Grupo Aeroportuario del Pacifico,Mexico,Industrials,LOCAL,GAPB.MX,BMV,MXN,,false,23595357,11835813549,364.3,2026-10-02,PAC = 10 B,CORE,false,A_>=20M,20077577,22284166,53743730,65,0,OK,,,Industrials,Industrials,true,,,,yahoo (linha local mais liquida),"REAL: Yahoo Finance via yfinance 1.7.0, janela 2026-07-03..2026-10-02, extraido 2026-10-05"
MX_GCC,GCC,Mexico,Materials,LOCAL,GCC.MX,BMV,MXN,,true,2824522,3153650892,177.08,2026-10-02,,CORE,true,C_2-5M,2067003,2482961,2824522,65,0,OK,,,Basic Materials,Materials,true,,,,yahoo (linha local mais liquida),"REAL: Yahoo Finance via yfinance 1.7.0, janela 2026-07-03..2026-10-02, extraido 2026-10-05"
MX_GENOMMA,Genomma Lab,Mexico,Consumer Staples,LOCAL,LABB.MX,BMV,MXN,,true,2601641,684958664,12.83,2026-10-02,,CORE,true,C_2-5M,2622374,2338895,2601641,65,0,OK,,,Healthcare,Health Care,false,,,,yahoo (linha local mais liquida),"REAL: Yahoo Finance via yfinance 1.7.0, janela 2026-07-03..2026-10-02, extraido 2026-10-05"
MX_GENTERA,Gentera,Mexico,Financials,LOCAL,GENTERA.MX,BMV,MXN,,true,9635879,3197405091,37.08,2026-10-02,,CORE,false,B_5-20M,8274763,8766518,9635879,65,0,OK,,,Financial Services,Financials,true,,,,yahoo_fast_info,"REAL: Yahoo Finance via yfinance 1.7.0, janela 2026-07-03..2026-10-02, extraido 2026-10-05"
MX_GMEXICO,Grupo Mexico,Mexico,Materials,LOCAL,GMEXICOB.MX,BMV,MXN,,true,63745068,99297045215,232.4,2026-10-02,,CORE,false,A_>=20M,59230578,65822642,63745068,65,0,OK,,,Basic Materials,Materials,true,,,,yahoo (linha local mais liquida),"REAL: Yahoo Finance via yfinance 1.7.0, janela 2026-07-03..2026-10-02, extraido 2026-10-05"
MX_GRUMA,Gruma,Mexico,Consumer Staples,LOCAL,GRUMAB.MX,BMV,MXN,,true,6678212,4357727477,237.86,2026-10-02,,CORE,false,B_5-20M,4646599,5980209,6678212,65,0,OK,,,Consumer Defensive,Consumer Staples,true,,,,yahoo (linha local mais liquida),"REAL: Yahoo Finance via yfinance 1.7.0, janela 2026-07-03..2026-10-02, extraido 2026-10-05"
MX_INBURSA,Grupo Financiero Inbursa,Mexico,Financials,LOCAL,GFINBURO.MX,BMV,MXN,,true,5663716,13457386974,41.18,2026-10-02,,CORE,false,B_5-20M,3844612,5248749,5663716,65,0,OK,,,Financial Services,Financials,true,,,,yahoo (linha local mais liquida),"REAL: Yahoo Finance via yfinance 1.7.0, janela 2026-07-03..2026-10-02, extraido 2026-10-05"
MX_KIMBER,Kimberly-Clark de Mexico,Mexico,Consumer Staples,LOCAL,KIMBERA.MX,BMV,MXN,,true,7730159,6130711868,37.6,2026-10-02,,CORE,false,B_5-20M,5937500,7134158,7730159,65,0,OK,,,Consumer Defensive,Consumer Staples,true,,,,yahoo (linha local mais liquida),"REAL: Yahoo Finance via yfinance 1.7.0, janela 2026-07-03..2026-10-02, extraido 2026-10-05"
MX_KOF,Coca-Cola FEMSA,Mexico,Consumer Staples,ADR,KOF,NYSE,USD,10,true,14262537,22901162221,106.5,2026-10-02,"KOF = 10 units | OK (implicito 9.995, desvio -0.0%, n=20)",CORE,false,B_5-20M,13577926,13958742,21931007,64,0,OK,9.9953,"OK (implicito 9.995, desvio -0.0%, n=20)",Consumer Defensive,Consumer Staples,true,,1.81,2026-09-15,yahoo (linha local mais liquida),"REAL: Yahoo Finance via yfinance 1.7.0, janela 2026-07-03..2026-10-02, extraido 2026-10-05"
MX_KOF,Coca-Cola FEMSA,Mexico,Consumer Staples,LOCAL,KOFUBL.MX,BMV,MXN,,false,7668470,22901162221,193.24,2026-10-02,KOF = 10 units,CORE,false,B_5-20M,5420231,7527441,21931007,65,0,OK,,,Consumer Defensive,Consumer Staples,true,,,,yahoo (linha local mais liquida),"REAL: Yahoo Finance via yfinance 1.7.0, janela 2026-07-03..2026-10-02, extraido 2026-10-05"
MX_MEGACABLE,Megacable,Mexico,Communication Services,LOCAL,MEGACPO.MX,BMV,MXN,,true,3351492,,52.12,2026-10-02,,CORE,true,C_2-5M,2349620,3021720,3351492,65,0,OK,,,,,true,,,,indisponivel no Yahoo,"REAL: Yahoo Finance via yfinance 1.7.0, janela 2026-07-03..2026-10-02, extraido 2026-10-05"
MX_OMA,Grupo Aeroportuario Centro Norte,Mexico,Industrials,ADR,OMAB,NASDAQ,USD,8,true,9935354,4504945008,94.19,2026-10-02,"OMAB = 8 B | OK (implicito 8.002, desvio +0.0%, n=20)",CORE,false,B_5-20M,8325754,9207732,19480985,64,0,OK,8.0023,"OK (implicito 8.002, desvio +0.0%, n=20)",Industrials,Industrials,true,0.0099,4.17,2026-09-15,yahoo (linha local mais liquida),"REAL: Yahoo Finance via yfinance 1.7.0, janela 2026-07-03..2026-10-02, extraido 2026-10-05"
MX_OMA,Grupo Aeroportuario Centro Norte,Mexico,Industrials,LOCAL,OMAB.MX,BMV,MXN,,false,9545631,4504945008,213.65,2026-10-02,OMAB = 8 B,CORE,false,B_5-20M,8309543,8820674,19480985,65,0,OK,,,Industrials,Industrials,true,,,,yahoo (linha local mais liquida),"REAL: Yahoo Finance via yfinance 1.7.0, janela 2026-07-03..2026-10-02, extraido 2026-10-05"
MX_ORBIA,Orbia,Mexico,Materials,LOCAL,ORBIA.MX,BMV,MXN,,true,3743140,2133006121,20.27,2026-10-02,,CORE,true,C_2-5M,3387740,3287070,3743140,65,0,OK,,,Industrials,Industrials,false,,,,yahoo (linha local mais liquida),"REAL: Yahoo Finance via yfinance 1.7.0, janela 2026-07-03..2026-10-02, extraido 2026-10-05"
MX_PENOLES,Industrias Penoles,Mexico,Materials,LOCAL,PE&OLES.MX,BMV,MXN,,true,15336482,19163947747,883.01,2026-10-02,,CORE,false,B_5-20M,13531648,14957518,15336482,65,0,OK,,,Basic Materials,Materials,true,,,,yahoo (linha local mais liquida),"REAL: Yahoo Finance via yfinance 1.7.0, janela 2026-07-03..2026-10-02, extraido 2026-10-05"
MX_PINFRA,Pinfra,Mexico,Industrials,LOCAL,PINFRA.MX,BMV,MXN,,true,4962280,5562525780,271.83,2026-10-02,,CORE,true,C_2-5M,4073606,4761389,4962280,65,0,OK,,,Industrials,Industrials,true,,,,yahoo (linha local mais liquida),"REAL: Yahoo Finance via yfinance 1.7.0, janela 2026-07-03..2026-10-02, extraido 2026-10-05"
MX_QUALITAS,Qualitas,Mexico,Financials,LOCAL,Q.MX,BMV,MXN,,true,9172105,3245861512,150.73,2026-10-02,,CORE,false,B_5-20M,8305158,8378404,9172105,65,0,OK,,,Financial Services,Financials,true,,,,yahoo (linha local mais liquida),"REAL: Yahoo Finance via yfinance 1.7.0, janela 2026-07-03..2026-10-02, extraido 2026-10-05"
MX_REGIONAL,Regional (Banregio),Mexico,Financials,LOCAL,RA.MX,BMV,MXN,,true,4693870,2020023124,138.76,2026-10-02,,CORE,true,C_2-5M,4103502,4558197,4693870,65,0,OK,,,Financial Services,Financials,true,,,,yahoo (linha local mais liquida),"REAL: Yahoo Finance via yfinance 1.7.0, janela 2026-07-03..2026-10-02, extraido 2026-10-05"
MX_SIGMA,Sigma Foods (ex-Alfa),Mexico,Consumer Staples,LOCAL,SIGMAFA.MX,BMV,MXN,,true,10256417,5459126180,18.0,2026-10-02,ALFAA->SIGMAFA (12/2025) apos spin-off da Alpek (04/2025),CORE,false,B_5-20M,6865905,9839894,10256417,65,0,OK,,,Consumer Defensive,Consumer Staples,true,,,,yahoo (linha local mais liquida),"REAL: Yahoo Finance via yfinance 1.7.0, janela 2026-07-03..2026-10-02, extraido 2026-10-05"
MX_TELEVISA,Grupo Televisa,Mexico,Communication Services,LOCAL,TLEVISACPO.MX,BMV,MXN,,true,3117946,1181359125,8.21,2026-10-02,TV = 5 CPO,CORE,true,C_2-5M,1345880,2877736,6064679,65,0,OK,,,Communication Services,Communication Services,true,,,,yahoo (linha local mais liquida),"REAL: Yahoo Finance via yfinance 1.7.0, janela 2026-07-03..2026-10-02, extraido 2026-10-05"
MX_TELEVISA,Grupo Televisa,Mexico,Communication Services,ADR,TV,NYSE,USD,5,false,2946733,1181359125,2.29,2026-10-02,"TV = 5 CPO | OK (implicito 5.017, desvio +0.3%, n=20)",CORE,true,C_2-5M,2340830,2611237,6064679,64,0,OK,5.0172,"OK (implicito 5.017, desvio +0.3%, n=20)",Communication Services,Communication Services,true,,1.35,2026-09-15,yahoo (linha local mais liquida),"REAL: Yahoo Finance via yfinance 1.7.0, janela 2026-07-03..2026-10-02, extraido 2026-10-05"
MX_TERNIUM,Ternium,Mexico,Materials,ADR,TX,NYSE,USD,10,true,30588429,11112977771,56.61,2026-10-02,Luxemburgo; Mexico/Argentina/Brasil; TX = 10 acoes | NAO_VERIFICAVEL (sem linha local liquida/serie),US_LATAM,false,A_>=20M,26070501,33404542,30588429,64,0,OK,,NAO_VERIFICAVEL (sem linha local liquida/serie),Basic Materials,Materials,true,0.0096,0.87,2026-09-15,yahoo_fast_info,"REAL: Yahoo Finance via yfinance 1.7.0, janela 2026-07-03..2026-10-02, extraido 2026-10-05"
MX_VESTA,Corporacion Inmobiliaria Vesta,Mexico,Real Estate,LOCAL,VESTA.MX,BMV,MXN,,true,5732483,2998322251,59.18,2026-10-02,VTMX = 10 acoes,CORE,false,B_5-20M,5094265,5512789,8040599,65,0,OK,,,Real Estate,Real Estate,true,,,,yahoo (linha local mais liquida),"REAL: Yahoo Finance via yfinance 1.7.0, janela 2026-07-03..2026-10-02, extraido 2026-10-05"
MX_VESTA,Corporacion Inmobiliaria Vesta,Mexico,Real Estate,ADR,VTMX,NYSE,USD,10,false,2308116,2998322251,32.47,2026-10-02,"VTMX = 10 acoes | OK (implicito 9.971, desvio -0.3%, n=20)",CORE,true,C_2-5M,1591616,2206921,8040599,64,0,OK,9.9715,"OK (implicito 9.971, desvio -0.3%, n=20)",Real Estate,Real Estate,true,,3.51,2026-09-15,yahoo (linha local mais liquida),"REAL: Yahoo Finance via yfinance 1.7.0, janela 2026-07-03..2026-10-02, extraido 2026-10-05"
MX_VOLARIS,Volaris,Mexico,Industrials,ADR,VLRS,NYSE,USD,10,true,3537015,746285026,6.49,2026-10-02,"VLRS = 10 A | OK (implicito 9.907, desvio -0.9%, n=20)",CORE,true,C_2-5M,2911527,3058341,3537015,64,0,OK,9.9072,"OK (implicito 9.907, desvio -0.9%, n=20)",Industrials,Industrials,true,0.0108,2.46,2026-09-15,yahoo (linha local mais liquida),"REAL: Yahoo Finance via yfinance 1.7.0, janela 2026-07-03..2026-10-02, extraido 2026-10-05"
MX_WALMEX,Walmart de Mexico,Mexico,Consumer Staples,LOCAL,WALMEX.MX,BMV,MXN,,true,44420016,43345958175,46.1,2026-10-02,,CORE,false,A_>=20M,36771977,41063803,44420016,65,0,OK,,,Consumer Defensive,Consumer Staples,true,,,,yahoo (linha local mais liquida),"REAL: Yahoo Finance via yfinance 1.7.0, janela 2026-07-03..2026-10-02, extraido 2026-10-05"
LA_ARCOS,Arcos Dorados,Multi-LatAm,Consumer Discretionary,US_LISTED,ARCO,NYSE,USD,,true,10312705,1497814400,7.11,2026-10-02,BVI/Uruguai; Brasil maior divisao,US_LATAM,false,B_5-20M,8505803,9293545,10312705,64,0,OK,,,Consumer Cyclical,Consumer Discretionary,true,0.0256,2.75,2026-09-15,yahoo (linha EUA),"REAL: Yahoo Finance via yfinance 1.7.0, janela 2026-07-03..2026-10-02, extraido 2026-10-05"
LA_FORTUNA,Fortuna Mining,Multi-LatAm,Materials,US_LISTED,FSM,NYSE,USD,,true,55881758,3329520384,11.25,2026-10-02,Canada; Mexico/Peru/Argentina + Africa Ocidental | SATELLITE: emissor estrangeiro com ativos LatAm (opcional),SATELLITE,false,A_>=20M,49464323,60059261,55881758,64,0,OK,,,Basic Materials,Materials,true,,3.68,2026-09-15,yahoo (linha EUA),"REAL: Yahoo Finance via yfinance 1.7.0, janela 2026-07-03..2026-10-02, extraido 2026-10-05"
LA_LILA,Liberty Latin America,Multi-LatAm,Communication Services,US_LISTED,LILAK,NASDAQ,USD,,true,11215520,1665149952,8.5,2026-10-02,Caribe/Porto Rico/Costa Rica/Panama | SATELLITE: emissor estrangeiro com ativos LatAm (opcional),SATELLITE,false,B_5-20M,9988752,11650976,15165732,64,0,OK,,,Communication Services,Communication Services,true,0.0464,5.29,2026-09-15,yahoo (linha EUA),"REAL: Yahoo Finance via yfinance 1.7.0, janela 2026-07-03..2026-10-02, extraido 2026-10-05"
LA_LILA,Liberty Latin America,Multi-LatAm,Communication Services,US_LISTED,LILA,NASDAQ,USD,,false,3950212,1665149952,8.53,2026-10-02,Caribe/Porto Rico/Costa Rica/Panama | SATELLITE: emissor estrangeiro com ativos LatAm (opcional),SATELLITE,true,C_2-5M,3413614,4109831,15165732,64,0,OK,,,Communication Services,Communication Services,true,0.0291,2.66,2026-09-15,yahoo (linha EUA),"REAL: Yahoo Finance via yfinance 1.7.0, janela 2026-07-03..2026-10-02, extraido 2026-10-05"
LA_MILLICOM,Millicom (Tigo),Multi-LatAm,Communication Services,US_LISTED,TIGO,NASDAQ,USD,,true,107034606,14812146688,88.32,2026-10-02,America Central/Colombia,US_LATAM,false,A_>=20M,97622672,99966316,107034606,64,0,OK,,,Communication Services,Communication Services,true,0.0324,3.26,2026-09-15,yahoo (linha EUA),"REAL: Yahoo Finance via yfinance 1.7.0, janela 2026-07-03..2026-10-02, extraido 2026-10-05"
LA_PAAS,Pan American Silver,Multi-LatAm,Materials,US_LISTED,PAAS,NYSE,USD,,true,201243433,18869264384,45.51,2026-10-02,Canada; minas Mexico/Peru/Bolivia/Argentina/Brasil | SATELLITE: emissor estrangeiro com ativos LatAm (opcional),SATELLITE,false,A_>=20M,165728797,189956002,201243433,64,0,OK,,,Basic Materials,Materials,true,,1.41,2026-09-15,yahoo (linha EUA),"REAL: Yahoo Finance via yfinance 1.7.0, janela 2026-07-03..2026-10-02, extraido 2026-10-05"
LA_BLADEX,Bladex,Panama,Financials,US_LISTED,BLX,NYSE,USD,,true,9479773,2039470749,54.78,2026-10-02,,US_LATAM,false,B_5-20M,8648367,9241002,9479773,64,0,OK,,,Financial Services,Financials,true,0.0239,4.28,2026-09-15,yahoo_fast_info,"REAL: Yahoo Finance via yfinance 1.7.0, janela 2026-07-03..2026-10-02, extraido 2026-10-05"
LA_COPA,Copa Holdings,Panama,Industrials,US_LISTED,CPA,NYSE,USD,,true,40650975,5407757312,132.48,2026-10-02,,US_LATAM,false,A_>=20M,36747589,39577736,40650975,64,0,OK,,,Industrials,Industrials,true,0.0499,5.73,2026-09-15,yahoo (linha EUA),"REAL: Yahoo Finance via yfinance 1.7.0, janela 2026-07-03..2026-10-02, extraido 2026-10-05"
PE_BVN,Buenaventura,Peru,Materials,ADR,BVN,NYSE,USD,1,true,34550089,7972647424,31.39,2026-10-02,"BVN = 1 acao comum | OK (implicito 0.931, desvio -6.9%, n=20)",CORE,false,A_>=20M,29247789,32726177,34550089,64,0,OK,0.9307,"OK (implicito 0.931, desvio -6.9%, n=20)",Basic Materials,Materials,true,0.0229,3.23,2026-09-15,yahoo (linha EUA),"REAL: Yahoo Finance via yfinance 1.7.0, janela 2026-07-03..2026-10-02, extraido 2026-10-05"
PE_CREDICORP,Credicorp,Peru,Financials,US_LISTED,BAP,NYSE,USD,,true,115277554,29648025600,373.31,2026-10-02,Bermudas; acoes ordinarias na NYSE e BVL,US_LATAM,false,A_>=20M,102060946,112359216,115277554,64,0,OK,,,Financial Services,Financials,true,0.0231,3.76,2026-09-15,yahoo (linha EUA),"REAL: Yahoo Finance via yfinance 1.7.0, janela 2026-07-03..2026-10-02, extraido 2026-10-05"
PE_HUDBAY,Hudbay Minerals,Peru,Materials,US_LISTED,HBM,NYSE,USD,,true,115406817,12080738304,27.2,2026-10-02,Canada; Peru (Constancia) + Canada/EUA | SATELLITE: emissor estrangeiro com ativos LatAm (opcional),SATELLITE,false,A_>=20M,106004140,123042712,115406817,64,0,OK,,,Basic Materials,Materials,true,,2.05,2026-09-15,yahoo (linha EUA),"REAL: Yahoo Finance via yfinance 1.7.0, janela 2026-07-03..2026-10-02, extraido 2026-10-05"
PE_IFS,Intercorp Financial Services,Peru,Financials,US_LISTED,IFS,NYSE,USD,,true,12651796,5863222272,53.11,2026-10-02,,US_LATAM,false,B_5-20M,12100848,11911458,12651796,64,0,OK,,,Financial Services,Financials,true,0.0105,1.43,2026-09-15,yahoo (linha EUA),"REAL: Yahoo Finance via yfinance 1.7.0, janela 2026-07-03..2026-10-02, extraido 2026-10-05"
PE_NEXA,Nexa Resources,Peru,Materials,US_LISTED,NEXA,NYSE,USD,,true,9415795,1621048576,12.24,2026-10-02,Luxemburgo; Peru/Brasil (Votorantim),US_LATAM,false,B_5-20M,7740811,8529799,9415795,64,0,OK,,,Basic Materials,Materials,true,0.0049,0.28,2026-09-15,yahoo (linha EUA),"REAL: Yahoo Finance via yfinance 1.7.0, janela 2026-07-03..2026-10-02, extraido 2026-10-05"
PE_SCCO,Southern Copper,Peru,Materials,US_LISTED,SCCO,NYSE,USD,,true,214158400,173546389504,205.54,2026-10-02,Delaware; minas no Peru e Mexico; controlada pelo Grupo Mexico,US_LATAM,false,A_>=20M,199951069,228464485,214158400,64,0,OK,,,Basic Materials,Materials,true,0.1039,8.79,2026-09-15,yahoo (linha EUA),"REAL: Yahoo Finance via yfinance 1.7.0, janela 2026-07-03..2026-10-02, extraido 2026-10-05"
LA_DLOCAL,dLocal,Uruguay,Financials,US_LISTED,DLO,NASDAQ,USD,,true,29703072,4044729088,13.745,2026-10-02,GICS 2023: payments -> Financials,US_LATAM,false,A_>=20M,24761096,27883615,29703072,64,0,OK,,,Technology,Information Technology,false,0.1391,7.14,2026-09-15,yahoo (linha EUA),"REAL: Yahoo Finance via yfinance 1.7.0, janela 2026-07-03..2026-10-02, extraido 2026-10-05"
