id,nome,pais,setor,arquetipo,linhas_universo,linha_modelo,moeda_modelo,as_of,rating,confianca,alvo_citavel,preco_alvo_snapshot,metodos_disponiveis,portoes_bloqueantes,avisos_portoes,pit_ok_declarado,datas_estimadas,moeda_demonstrativos_declarada,moeda_consenso_original,insumos_ausentes,publicacoes_desconhecidas,hashes_ausentes,sensibilidade_colunas_invariantes,lacunas,sha256_modelo,github,adequacao_economica
AR_ADECOAGRO,Adecoagro,AR,Consumer Staples,commodity,"[{""issuer_id"": ""AR_ADECOAGRO"", ""issuer_name"": ""Adecoagro"", ""country"": ""AR"", ""gics_sector"": ""Consumer Staples"", ""line_type"": ""US_LISTED"", ""yahoo_ticker"": ""AGRO"", ""exchange"": ""NYSE"", ""currency"": ""USD"", ""adr_ratio"": """", ""primary_line"": ""true"", ""notes"": ""Luxemburgo; Argentina/Brasil/Uruguai; controle Tether (2025)""}]",AGRO,USD,2026-10-07,Neutro,C,True,13.5825,"[""rim"", ""regressao_ev_receita""]",[],[],False,True,USD,USD,[],"[""eps_fy1"", ""eps_fy2"", ""dps_12m""]","[""dps_12m""]",True,"[{""insumo"": ""reinvestimento"", ""motivo"": ""FCFF sem identidade observada completa de EBIT, capex, depreciação da DFC, variação do capital de giro operacional e adições de direitos de uso no mesmo período, base contábil e moeda: reinvestimento projetado por g ÷ RONIC, sem substituir ausência por zero"", ""nome"": ""reinvestimento observado""}, {""insumo"": ""metodo.fcff_normalizado"", ""motivo"": ""valor do patrimônio não positivo (dissidência: conta na dispersão como zero)"", ""nome"": ""Fluxo de caixa livre com margem ao longo do ciclo""}]",5213e023652ac571e7c0a4d40ec5220fccb8c696ad9edbfc3ebf84f0ed0007b5,https://github.com/arielassayag/MarketSummary/blob/af6eb0c93d7c14efaa49bd658c0a502f4e9aedb9/book/cobertura/2026-10-07/modelos/AR_ADECOAGRO.json,não certificada por este inventário
AR_BBVA,BBVA Argentina,AR,Financials,banco,"[{""issuer_id"": ""AR_BBVA"", ""issuer_name"": ""BBVA Argentina"", ""country"": ""AR"", ""gics_sector"": ""Financials"", ""line_type"": ""ADR"", ""yahoo_ticker"": ""BBAR"", ""exchange"": ""NYSE"", ""currency"": ""USD"", ""adr_ratio"": ""3"", ""primary_line"": ""true"", ""notes"": ""ADS = 3 ações locais | BBAR = 3 acoes | OK (implicito 2.831, desvio -5.6%, n=20)""}]",BBAR,USD,2026-10-07,Neutro,C,True,14.5403,"[""rim"", ""pb_justificado"", ""regressao_pb_roe""]",[],"[""G20""]",False,True,ARS,USD,[],"[""eps_fy1"", ""eps_fy2"", ""dps_12m""]","[""dps_12m""]",False,"[{""insumo"": ""margem"", ""motivo"": ""ebit: valor ausente ou não finito; ebit: período de 12 meses não demonstrado; ebit: moeda da fonte não demonstrada; ebit: base contábil não demonstrada"", ""nome"": ""margem EBIT comparável""}, {""insumo"": ""margem_historica"", ""motivo"": ""pares anuais sem alinhamento/proveniência: 2022, 2023, 2024, 2025"", ""nome"": ""margem EBIT histórica comparável""}]",d3361dc8ce80720316d5de8b9ea7b2c05548bb01c93ee5a2127c8e9076824a5c,https://github.com/arielassayag/MarketSummary/blob/af6eb0c93d7c14efaa49bd658c0a502f4e9aedb9/book/cobertura/2026-10-07/modelos/AR_BBVA.json,não certificada por este inventário
AR_CAAP,Corporación América Airports,AR,Industrials,concessao,"[{""issuer_id"": ""AR_CAAP"", ""issuer_name"": ""Corporacion America Airports"", ""country"": ""AR"", ""gics_sector"": ""Industrials"", ""line_type"": ""US_LISTED"", ""yahoo_ticker"": ""CAAP"", ""exchange"": ""NYSE"", ""currency"": ""USD"", ""adr_ratio"": """", ""primary_line"": ""true"", ""notes"": ""Luxemburgo; ~ metade do EBITDA na Argentina""}]",CAAP,USD,2026-10-07,Em revisão,C,False,10.8136,"[""fcff_vida_finita"", ""rim""]","[""G11""]",[],False,True,USD,USD,[],"[""fim_concessao"", ""eps_fy1"", ""eps_fy2"", ""dps_12m""]","[""dps_12m""]",False,"[{""insumo"": ""recompras"", ""motivo"": ""item defasado em relação ao último balanço: recompra de ações (2024-12-31)"", ""nome"": ""recompra de ações""}, {""insumo"": ""reinvestimento"", ""motivo"": ""FCFF sem identidade observada completa de EBIT, capex, depreciação da DFC, variação do capital de giro operacional e adições de direitos de uso no mesmo período, base contábil e moeda: reinvestimento projetado por g ÷ RONIC, sem substituir ausência por zero"", ""nome"": ""reinvestimento observado""}]",31110b4ecff746675a76c5649fbf156bc3a7ea62d8368973ec3f0e52d74effde,https://github.com/arielassayag/MarketSummary/blob/af6eb0c93d7c14efaa49bd658c0a502f4e9aedb9/book/cobertura/2026-10-07/modelos/AR_CAAP.json,não certificada por este inventário
AR_CEPU,Central Puerto,AR,Utilities,utilidade_regulada,"[{""issuer_id"": ""AR_CEPU"", ""issuer_name"": ""Central Puerto"", ""country"": ""AR"", ""gics_sector"": ""Utilities"", ""line_type"": ""ADR"", ""yahoo_ticker"": ""CEPU"", ""exchange"": ""NYSE"", ""currency"": ""USD"", ""adr_ratio"": ""10"", ""primary_line"": ""true"", ""notes"": ""ADS = 10 ações locais | CEPU = 10 acoes | OK (implicito 9.509, desvio -4.9%, n=20) | ADTV 3m < US$ 5 mi""}]",CEPU,USD,2026-10-07,Neutro,C,True,13.5054,"[""rim_real"", ""ddm_real"", ""fcff_real"", ""regressao_pb_roe""]",[],[],False,True,ARS,USD,[],"[""eps_fy1"", ""eps_fy2"", ""dps_12m""]","[""dps_12m""]",False,"[{""insumo"": ""g_receita_historico"", ""motivo"": ""crescimento histórico da receita de 72,3% fora da faixa plausível (provável efeito contábil): não usado"", ""nome"": ""crescimento histórico da receita""}, {""insumo"": ""reinvestimento"", ""motivo"": ""FCFF sem identidade observada completa de EBIT, capex, depreciação da DFC, variação do capital de giro operacional e adições de direitos de uso no mesmo período, base contábil e moeda: reinvestimento projetado por g ÷ RONIC, sem substituir ausência por zero"", ""nome"": ""reinvestimento observado""}]",629976c8eadea029063662e620f7131bded60a20a150e4cc378f0890d97bda27,https://github.com/arielassayag/MarketSummary/blob/af6eb0c93d7c14efaa49bd658c0a502f4e9aedb9/book/cobertura/2026-10-07/modelos/AR_CEPU.json,não certificada por este inventário
AR_CRESUD,Cresud,AR,Real Estate,holding,"[{""issuer_id"": ""AR_CRESUD"", ""issuer_name"": ""Cresud"", ""country"": ""AR"", ""gics_sector"": ""Real Estate"", ""line_type"": ""ADR"", ""yahoo_ticker"": ""CRESY"", ""exchange"": ""NASDAQ"", ""currency"": ""USD"", ""adr_ratio"": ""10"", ""primary_line"": ""true"", ""notes"": ""ADS = 10 ações locais | CRESY = 10 acoes | OK (implicito 9.467, desvio -5.3%, n=20) | ADTV 3m < US$ 5 mi""}]",CRESY,USD,2026-10-07,Neutro,C,True,7.46265,"[""soma_partes""]",[],[],False,True,ARS,USD,[],"[""eps_fy1"", ""eps_fy2"", ""dps_12m""]","[""dps_12m""]",True,"[{""insumo"": ""reinvestimento"", ""motivo"": ""FCFF sem identidade observada completa de EBIT, capex, depreciação da DFC, variação do capital de giro operacional e adições de direitos de uso no mesmo período, base contábil e moeda: reinvestimento projetado por g ÷ RONIC, sem substituir ausência por zero"", ""nome"": ""reinvestimento observado""}]",e90ce87cccfa6a8596734ef4c550a92e2e7fc76ffb72338483f5ffcab4df214c,https://github.com/arielassayag/MarketSummary/blob/af6eb0c93d7c14efaa49bd658c0a502f4e9aedb9/book/cobertura/2026-10-07/modelos/AR_CRESUD.json,não certificada por este inventário
AR_GALICIA,Grupo Financiero Galicia,AR,Financials,banco,"[{""issuer_id"": ""AR_GALICIA"", ""issuer_name"": ""Grupo Financiero Galicia"", ""country"": ""AR"", ""gics_sector"": ""Financials"", ""line_type"": ""ADR"", ""yahoo_ticker"": ""GGAL"", ""exchange"": ""NASDAQ"", ""currency"": ""USD"", ""adr_ratio"": ""10"", ""primary_line"": ""true"", ""notes"": ""ADS = 10 ações locais | GGAL = 10 acoes B | OK (implicito 9.428, desvio -5.7%, n=20)""}, {""issuer_id"": ""AR_GALICIA"", ""issuer_name"": ""Grupo Financiero Galicia"", ""country"": ""AR"", ""gics_sector"": ""Financials"", ""line_type"": ""LOCAL"", ""yahoo_ticker"": ""GGAL.BA"", ""exchange"": ""BYMA"", ""currency"": ""ARS"", ""adr_ratio"": """", ""primary_line"": ""false"", ""notes"": ""GGAL = 10 acoes B | ARS convertido pelo câmbio oficial (preço local embute CCL)""}]",GGAL,USD,2026-10-07,Em revisão,C,False,52.006,"[""rim"", ""pb_justificado"", ""regressao_pb_roe""]","[""G13""]","[""G20""]",False,True,ARS,USD,[],"[""eps_fy1"", ""eps_fy2"", ""dps_12m""]","[""dps_12m""]",False,"[{""insumo"": ""margem"", ""motivo"": ""ebit: valor ausente ou não finito; ebit: período de 12 meses não demonstrado; ebit: moeda da fonte não demonstrada; ebit: base contábil não demonstrada"", ""nome"": ""margem EBIT comparável""}, {""insumo"": ""margem_historica"", ""motivo"": ""pares anuais sem alinhamento/proveniência: 2022, 2023, 2024, 2025"", ""nome"": ""margem EBIT histórica comparável""}]",56be92bd29fb155c052cd8caa6e96a57ba7c54fd566fcfbed0114d1d9bbf9550,https://github.com/arielassayag/MarketSummary/blob/af6eb0c93d7c14efaa49bd658c0a502f4e9aedb9/book/cobertura/2026-10-07/modelos/AR_GALICIA.json,não certificada por este inventário
AR_GLOBANT,Globant,AR,Information Technology,corporativo,"[{""issuer_id"": ""AR_GLOBANT"", ""issuer_name"": ""Globant"", ""country"": ""AR"", ""gics_sector"": ""Information Technology"", ""line_type"": ""US_LISTED"", ""yahoo_ticker"": ""GLOB"", ""exchange"": ""NYSE"", ""currency"": ""USD"", ""adr_ratio"": """", ""primary_line"": ""true"", ""notes"": ""Luxemburgo; base operacional Argentina/LatAm, receita majoritaria EUA""}]",GLOB,USD,2026-10-07,Neutro,C,True,25.927,"[""fcff"", ""rim"", ""multiplo_justificado""]",[],[],False,True,USD,USD,[],"[""eps_fy1"", ""eps_fy2""]",[],False,"[{""insumo"": ""reinvestimento"", ""motivo"": ""FCFF sem identidade observada completa de EBIT, capex, depreciação da DFC, variação do capital de giro operacional e adições de direitos de uso no mesmo período, base contábil e moeda: reinvestimento projetado por g ÷ RONIC, sem substituir ausência por zero"", ""nome"": ""reinvestimento observado""}]",c4ff97972b1b76f5a04ead71e4b0fd02e2f08785104b7e90ebed2286517290d3,https://github.com/arielassayag/MarketSummary/blob/af6eb0c93d7c14efaa49bd658c0a502f4e9aedb9/book/cobertura/2026-10-07/modelos/AR_GLOBANT.json,não certificada por este inventário
AR_IRSA,IRSA,AR,Real Estate,imobiliario,"[{""issuer_id"": ""AR_IRSA"", ""issuer_name"": ""IRSA"", ""country"": ""AR"", ""gics_sector"": ""Real Estate"", ""line_type"": ""ADR"", ""yahoo_ticker"": ""IRS"", ""exchange"": ""NYSE"", ""currency"": ""USD"", ""adr_ratio"": ""10"", ""primary_line"": ""true"", ""notes"": ""ADS = 10 ações locais | IRS = 10 acoes | OK (implicito 9.470, desvio -5.3%, n=20) | ADTV 3m < US$ 5 mi""}]",IRS,USD,2026-10-07,Neutro,C,True,24.399,"[""rim"", ""regressao_pb_roe""]",[],[],False,True,ARS,USD,[],"[""eps_fy1"", ""eps_fy2""]",[],True,"[{""insumo"": ""reinvestimento"", ""motivo"": ""FCFF sem identidade observada completa de EBIT, capex, depreciação da DFC, variação do capital de giro operacional e adições de direitos de uso no mesmo período, base contábil e moeda: reinvestimento projetado por g ÷ RONIC, sem substituir ausência por zero"", ""nome"": ""reinvestimento observado""}]",805192c3414eada31d11d56e9173be6cff273565e5e356628cb0fff2ffb4ecc1,https://github.com/arielassayag/MarketSummary/blob/af6eb0c93d7c14efaa49bd658c0a502f4e9aedb9/book/cobertura/2026-10-07/modelos/AR_IRSA.json,não certificada por este inventário
AR_LAR,Lithium Argentina,AR,Materials,commodity,"[{""issuer_id"": ""AR_LAR"", ""issuer_name"": ""Lithium Argentina"", ""country"": ""AR"", ""gics_sector"": ""Materials"", ""line_type"": ""US_LISTED"", ""yahoo_ticker"": ""LAR"", ""exchange"": ""NYSE"", ""currency"": ""USD"", ""adr_ratio"": """", ""primary_line"": ""true"", ""notes"": """"}]",LAR,USD,2026-10-07,Em revisão,C,False,5.88298,"[""rim""]","[""G13""]","[""G17"", ""G20""]",False,True,USD,USD,[],"[""eps_fy1"", ""eps_fy2""]",[],True,"[{""insumo"": ""aplicacoes_cp"", ""motivo"": ""item defasado em relação ao último balanço: aplicações financeiras de curto prazo (2024-12-31)"", ""nome"": ""aplicações financeiras de curto prazo""}, {""insumo"": ""dps_12m"", ""motivo"": ""sem histórico de proventos nem dividendos pagos no DFC"", ""nome"": ""dividendos dos últimos 12 meses""}, {""insumo"": ""margem"", ""motivo"": ""receita não positiva: margem indisponível"", ""nome"": ""margem EBIT comparável""}, {""insumo"": ""margem_historica"", ""motivo"": ""pares anuais sem alinhamento/proveniência: 2022, 2023, 2024, 2025"", ""nome"": ""margem EBIT histórica comparável""}, {""insumo"": ""reinvestimento"", ""motivo"": ""FCFF sem identidade observada completa de EBIT, capex, depreciação da DFC, variação do capital de giro operacional e adições de direitos de uso no mesmo período, base contábil e moeda: reinvestimento projetado por g ÷ RONIC, sem substituir ausência por zero"", ""nome"": ""reinvestimento observado""}, {""insumo"": ""metodo.fcff_normalizado"", ""motivo"": ""indisponível: margem EBIT"", ""nome"": ""Fluxo de caixa livre com margem ao longo do ciclo""}, {""insumo"": ""metodo.regressao_ev_receita"", ""motivo"": ""fundamentos do emissor incompletos para a regressão"", ""nome"": ""EV/Receita de regressão transversal (margem, crescimento, alavancagem)""}]",991716e40fed5243fd8932e2dc38a37a443b4364466527fe4e973d6f4f456274,https://github.com/arielassayag/MarketSummary/blob/af6eb0c93d7c14efaa49bd658c0a502f4e9aedb9/book/cobertura/2026-10-07/modelos/AR_LAR.json,não certificada por este inventário
AR_LOMA,Loma Negra,AR,Materials,corporativo,"[{""issuer_id"": ""AR_LOMA"", ""issuer_name"": ""Loma Negra"", ""country"": ""AR"", ""gics_sector"": ""Materials"", ""line_type"": ""ADR"", ""yahoo_ticker"": ""LOMA"", ""exchange"": ""NYSE"", ""currency"": ""USD"", ""adr_ratio"": ""5"", ""primary_line"": ""true"", ""notes"": ""ADS = 5 ações locais | LOMA = 5 acoes | OK (implicito 4.729, desvio -5.4%, n=20) | ADTV 3m < US$ 5 mi""}]",LOMA,USD,2026-10-07,Em revisão,C,False,3.88079,"[""fcff"", ""rim"", ""multiplo_justificado""]","[""G11""]","[""G17"", ""G18"", ""G20""]",False,True,ARS,USD,[],"[""eps_fy1"", ""eps_fy2""]",[],False,"[{""insumo"": ""d_a"", ""motivo"": ""em conferência na fonte em 2026-03-31: valor do período ausente na fonte pública (o período anterior não é usado)"", ""nome"": ""depreciação e amortização""}, {""insumo"": ""reinvestimento"", ""motivo"": ""FCFF sem identidade observada completa de EBIT, capex, depreciação da DFC, variação do capital de giro operacional e adições de direitos de uso no mesmo período, base contábil e moeda: reinvestimento projetado por g ÷ RONIC, sem substituir ausência por zero"", ""nome"": ""reinvestimento observado""}]",22b5270428605e6daa46f4413abd7295e6f1ea898c7f6cc8dc1351fec9eaad38,https://github.com/arielassayag/MarketSummary/blob/af6eb0c93d7c14efaa49bd658c0a502f4e9aedb9/book/cobertura/2026-10-07/modelos/AR_LOMA.json,não certificada por este inventário
AR_MACRO,Banco Macro,AR,Financials,banco,"[{""issuer_id"": ""AR_MACRO"", ""issuer_name"": ""Banco Macro"", ""country"": ""AR"", ""gics_sector"": ""Financials"", ""line_type"": ""ADR"", ""yahoo_ticker"": ""BMA"", ""exchange"": ""NYSE"", ""currency"": ""USD"", ""adr_ratio"": ""10"", ""primary_line"": ""true"", ""notes"": ""ADS = 10 ações locais | BMA = 10 acoes B | OK (implicito 9.439, desvio -5.6%, n=20)""}, {""issuer_id"": ""AR_MACRO"", ""issuer_name"": ""Banco Macro"", ""country"": ""AR"", ""gics_sector"": ""Financials"", ""line_type"": ""LOCAL"", ""yahoo_ticker"": ""BMA.BA"", ""exchange"": ""BYMA"", ""currency"": ""ARS"", ""adr_ratio"": """", ""primary_line"": ""false"", ""notes"": ""BMA = 10 acoes B | ADTV 3m < US$ 5 mi | ARS convertido pelo câmbio oficial (preço local embute CCL)""}]",BMA,USD,2026-10-07,Neutro,C,True,90.1383,"[""rim"", ""pb_justificado"", ""regressao_pb_roe""]",[],[],False,True,ARS,ARS,[],"[""eps_fy1"", ""eps_fy2"", ""dps_12m""]","[""dps_12m""]",False,"[{""insumo"": ""d_a"", ""motivo"": ""item defasado em relação ao último balanço: depreciação e amortização (2024-12-31)"", ""nome"": ""depreciação e amortização""}, {""insumo"": ""lucro_antes_ir"", ""motivo"": ""item defasado em relação ao último balanço: lucro antes do imposto de renda (2024-12-31)"", ""nome"": ""lucro antes do imposto de renda""}, {""insumo"": ""ir_csll"", ""motivo"": ""item defasado em relação ao último balanço: imposto de renda e contribuição social (2024-12-31)"", ""nome"": ""imposto de renda e contribuição social""}, {""insumo"": ""lucro_liquido"", ""motivo"": ""item defasado em relação ao último balanço: lucro líquido (2024-12-31)"", ""nome"": ""lucro líquido""}, {""insumo"": ""lucro_liquido_controladores"", ""motivo"": ""item defasado em relação ao último balanço: lucro líquido dos controladores (2024-12-31)"", ""nome"": ""lucro líquido dos controladores""}, {""insumo"": ""cfo"", ""motivo"": ""item defasado em relação ao último balanço: fluxo de caixa das operações (2024-12-31)"", ""nome"": ""fluxo de caixa das operações""}, {""insumo"": ""capex"", ""motivo"": ""item defasado em relação ao último balanço: investimento em ativo fixo e intangível (capex) (2024-12-31)"", ""nome"": ""investimento em ativo fixo e intangível (capex)""}, {""insumo"": ""dividendos_pagos"", ""motivo"": ""item defasado em relação ao último balanço: dividendos e juros sobre capital pagos (2024-12-31)"", ""nome"": ""dividendos e juros sobre capital pagos""}, {""insumo"": ""recompras"", ""motivo"": ""item defasado em relação ao último balanço: recompra de ações (2021-12-31)"", ""nome"": ""recompra de ações""}, {""insumo"": ""margem_financeira"", ""motivo"": ""item defasado em relação ao último balanço: margem financeira (2024-12-31)"", ""nome"": ""margem financeira""}, {""insumo"": ""d_a_dfc"", ""motivo"": ""item defasado em relação ao último balanço: depreciação e amortização restituídas na DFC (2024-12-31)"", ""nome"": ""depreciação e amortização restituídas na DFC""}, {""insumo"": ""demonstrativos"", ""motivo"": ""demonstrações anuais do exercício encerrado em 2025-12-31 não encontradas no arquivo público (280 dias depois do encerramento; último exercício publicado 2024-12-31): calendário do consenso pelo encerramento esperado"", ""nome"": ""demonstrações financeiras""}, {""insumo"": ""eps_ttm"", ""motivo"": ""lucro dos últimos 12 meses indisponível"", ""nome"": ""LPA dos últimos 12 meses""}, {""insumo"": ""margem"", ""motivo"": ""ebit: valor ausente ou não finito; ebit: período de 12 meses não demonstrado; ebit: moeda da fonte não demonstrada; ebit: base contábil não demonstrada"", ""nome"": ""margem EBIT comparável""}, {""insumo"": ""margem_historica"", ""motivo"": ""pares anuais sem alinhamento/proveniência: 2021, 2022, 2023, 2024"", ""nome"": ""margem EBIT histórica comparável""}]",05529b12ff5a95b47528035b7eda5757c3d1d6b8a5945fb98834a4a11c7d3359,https://github.com/arielassayag/MarketSummary/blob/af6eb0c93d7c14efaa49bd658c0a502f4e9aedb9/book/cobertura/2026-10-07/modelos/AR_MACRO.json,não certificada por este inventário
AR_PAMPA,Pampa Energía,AR,Utilities,utilidade_regulada,"[{""issuer_id"": ""AR_PAMPA"", ""issuer_name"": ""Pampa Energia"", ""country"": ""AR"", ""gics_sector"": ""Utilities"", ""line_type"": ""ADR"", ""yahoo_ticker"": ""PAM"", ""exchange"": ""NYSE"", ""currency"": ""USD"", ""adr_ratio"": ""25"", ""primary_line"": ""true"", ""notes"": ""ADS = 25 ações locais | PAM = 25 acoes | OK (implicito 23.613, desvio -5.5%, n=20)""}, {""issuer_id"": ""AR_PAMPA"", ""issuer_name"": ""Pampa Energia"", ""country"": ""AR"", ""gics_sector"": ""Utilities"", ""line_type"": ""LOCAL"", ""yahoo_ticker"": ""PAMP.BA"", ""exchange"": ""BYMA"", ""currency"": ""ARS"", ""adr_ratio"": """", ""primary_line"": ""false"", ""notes"": ""PAM = 25 acoes | ADTV 3m < US$ 5 mi | ARS convertido pelo câmbio oficial (preço local embute CCL)""}]",PAM,USD,2026-10-07,Neutro,C,True,71.9258,"[""rim_real"", ""ddm_real"", ""fcff_real"", ""regressao_pb_roe""]",[],"[""G18"", ""G20""]",False,True,USD,USD,[],"[""eps_fy1"", ""eps_fy2""]",[],False,"[{""insumo"": ""reinvestimento"", ""motivo"": ""FCFF sem identidade observada completa de EBIT, capex, depreciação da DFC, variação do capital de giro operacional e adições de direitos de uso no mesmo período, base contábil e moeda: reinvestimento projetado por g ÷ RONIC, sem substituir ausência por zero"", ""nome"": ""reinvestimento observado""}]",9bd31cd0ba97885d9f275eb38906ad500f1322bce8c4965417a4c780a1e07b45,https://github.com/arielassayag/MarketSummary/blob/af6eb0c93d7c14efaa49bd658c0a502f4e9aedb9/book/cobertura/2026-10-07/modelos/AR_PAMPA.json,não certificada por este inventário
AR_SUPERVIELLE,Grupo Supervielle,AR,Financials,banco,"[{""issuer_id"": ""AR_SUPERVIELLE"", ""issuer_name"": ""Grupo Supervielle"", ""country"": ""AR"", ""gics_sector"": ""Financials"", ""line_type"": ""ADR"", ""yahoo_ticker"": ""SUPV"", ""exchange"": ""NYSE"", ""currency"": ""USD"", ""adr_ratio"": ""5"", ""primary_line"": ""true"", ""notes"": ""ADS = 5 ações locais | SUPV = 5 acoes B | OK (implicito 4.698, desvio -6.0%, n=20) | ADTV 3m < US$ 5 mi""}]",SUPV,USD,2026-10-07,Em revisão,C,False,11.0723,"[""rim"", ""pb_justificado"", ""regressao_pb_roe""]","[""G13""]","[""G20""]",False,True,ARS,USD,[],"[""eps_fy1"", ""eps_fy2""]",[],False,"[{""insumo"": ""margem"", ""motivo"": ""ebit: valor ausente ou não finito; ebit: período de 12 meses não demonstrado; ebit: moeda da fonte não demonstrada; ebit: base contábil não demonstrada"", ""nome"": ""margem EBIT comparável""}, {""insumo"": ""margem_historica"", ""motivo"": ""pares anuais sem alinhamento/proveniência: 2022, 2023, 2024, 2025"", ""nome"": ""margem EBIT histórica comparável""}]",6614e6a67d360868576dfcf99f564985ac17551335d7f061c2999828bae4dd65,https://github.com/arielassayag/MarketSummary/blob/af6eb0c93d7c14efaa49bd658c0a502f4e9aedb9/book/cobertura/2026-10-07/modelos/AR_SUPERVIELLE.json,não certificada por este inventário
AR_TEO,Telecom Argentina,AR,Communication Services,corporativo,"[{""issuer_id"": ""AR_TEO"", ""issuer_name"": ""Telecom Argentina"", ""country"": ""AR"", ""gics_sector"": ""Communication Services"", ""line_type"": ""ADR"", ""yahoo_ticker"": ""TEO"", ""exchange"": ""NYSE"", ""currency"": ""USD"", ""adr_ratio"": ""5"", ""primary_line"": ""true"", ""notes"": ""ADS = 5 ações locais | TEO = 5 acoes B | OK (implicito 4.713, desvio -5.7%, n=20) | ADTV 3m < US$ 5 mi""}]",TEO,USD,2026-10-07,Neutro,C,True,6.29831,"[""fcff"", ""rim"", ""multiplo_justificado""]",[],[],False,True,ARS,USD,[],"[""eps_fy1"", ""eps_fy2""]",[],False,"[{""insumo"": ""recompras"", ""motivo"": ""item defasado em relação ao último balanço: recompra de ações (2021-12-31)"", ""nome"": ""recompra de ações""}, {""insumo"": ""g_receita_historico"", ""motivo"": ""crescimento histórico da receita de 78,0% fora da faixa plausível (provável efeito contábil): não usado"", ""nome"": ""crescimento histórico da receita""}, {""insumo"": ""reinvestimento"", ""motivo"": ""FCFF sem identidade observada completa de EBIT, capex, depreciação da DFC, variação do capital de giro operacional e adições de direitos de uso no mesmo período, base contábil e moeda: reinvestimento projetado por g ÷ RONIC, sem substituir ausência por zero"", ""nome"": ""reinvestimento observado""}]",a68c94aae898ad068f6392eb31542695149e647c8d1446f894e05b365305fab2,https://github.com/arielassayag/MarketSummary/blob/af6eb0c93d7c14efaa49bd658c0a502f4e9aedb9/book/cobertura/2026-10-07/modelos/AR_TEO.json,não certificada por este inventário
AR_TGS,Transportadora de Gas del Sur,AR,Energy,commodity,"[{""issuer_id"": ""AR_TGS"", ""issuer_name"": ""Transportadora de Gas del Sur"", ""country"": ""AR"", ""gics_sector"": ""Energy"", ""line_type"": ""ADR"", ""yahoo_ticker"": ""TGS"", ""exchange"": ""NYSE"", ""currency"": ""USD"", ""adr_ratio"": ""5"", ""primary_line"": ""true"", ""notes"": ""ADS = 5 ações locais | TGS = 5 acoes B | OK (implicito 4.726, desvio -5.5%, n=20)""}]",TGS,USD,2026-10-07,Neutro,C,True,26.964,"[""fcff_normalizado"", ""rim"", ""regressao_ev_receita""]",[],[],False,True,ARS,USD,[],"[""eps_fy1"", ""eps_fy2""]",[],False,"[{""insumo"": ""reinvestimento"", ""motivo"": ""FCFF sem identidade observada completa de EBIT, capex, depreciação da DFC, variação do capital de giro operacional e adições de direitos de uso no mesmo período, base contábil e moeda: reinvestimento projetado por g ÷ RONIC, sem substituir ausência por zero"", ""nome"": ""reinvestimento observado""}]",ba464be53c679588fe1a3beb5140a6867c8b8b575aaaa711846726c446fb499d,https://github.com/arielassayag/MarketSummary/blob/af6eb0c93d7c14efaa49bd658c0a502f4e9aedb9/book/cobertura/2026-10-07/modelos/AR_TGS.json,não certificada por este inventário
AR_YPF,YPF,AR,Energy,commodity,"[{""issuer_id"": ""AR_YPF"", ""issuer_name"": ""YPF"", ""country"": ""AR"", ""gics_sector"": ""Energy"", ""line_type"": ""ADR"", ""yahoo_ticker"": ""YPF"", ""exchange"": ""NYSE"", ""currency"": ""USD"", ""adr_ratio"": ""10"", ""primary_line"": ""true"", ""notes"": ""ADS = 10 ações locais | Desdobramento 10:1 das acoes locais em 03/08/2026 (Yahoo splits) sem ajuste do ADS => 1 ADS = 10 acoes D (inferido por preco) | OK (implicito 9.454, desvio -5.5%, n=20) | short interest Yahoo inconsistente (shortPercentOfFloat=72,36, provavel erro de unidade pos-desdobramento) - descartado; sharesPercentSharesOut=1,47% (15/09/2026)""}, {""issuer_id"": ""AR_YPF"", ""issuer_name"": ""YPF"", ""country"": ""AR"", ""gics_sector"": ""Energy"", ""line_type"": ""LOCAL"", ""yahoo_ticker"": ""YPFD.BA"", ""exchange"": ""BYMA"", ""currency"": ""ARS"", ""adr_ratio"": """", ""primary_line"": ""false"", ""notes"": ""Desdobramento 10:1 das acoes locais em 03/08/2026 (Yahoo splits) sem ajuste do ADS => 1 ADS = 10 acoes D (inferido por preco) | ARS convertido pelo câmbio oficial (preço local embute CCL)""}]",YPF,USD,2026-10-07,Em revisão,C,False,7.61425,"[""fcff_normalizado"", ""rim"", ""regressao_ev_receita""]","[""G9"", ""G11"", ""G13""]","[""G18"", ""G20""]",False,True,ARS,USD,[],"[""eps_fy1"", ""eps_fy2""]",[],False,"[{""insumo"": ""g_receita_fy1"", ""motivo"": ""receita de consenso do ano 1 = 1.581,05× a receita de 12 meses (fora de 0,5–2×): unidade, moeda ou perímetro diferentes; não usada"", ""nome"": ""g receita fy1""}, {""insumo"": ""reinvestimento"", ""motivo"": ""FCFF sem identidade observada completa de EBIT, capex, depreciação da DFC, variação do capital de giro operacional e adições de direitos de uso no mesmo período, base contábil e moeda: reinvestimento projetado por g ÷ RONIC, sem substituir ausência por zero"", ""nome"": ""reinvestimento observado""}]",26f4512d7b121f1dda8d1290d6b12882de930d00d268a9204170a4915a270d0c,https://github.com/arielassayag/MarketSummary/blob/af6eb0c93d7c14efaa49bd658c0a502f4e9aedb9/book/cobertura/2026-10-07/modelos/AR_YPF.json,não certificada por este inventário
BR_3TENTOS,3tentos,BR,Consumer Staples,commodity,"[{""issuer_id"": ""BR_3TENTOS"", ""issuer_name"": ""3tentos"", ""country"": ""BR"", ""gics_sector"": ""Consumer Staples"", ""line_type"": ""LOCAL"", ""yahoo_ticker"": ""TTEN3.SA"", ""exchange"": ""B3"", ""currency"": ""BRL"", ""adr_ratio"": """", ""primary_line"": ""true"", ""notes"": ""classe ON | ADTV 3m < US$ 5 mi""}]",TTEN3.SA,BRL,2026-10-07,Neutro,C,True,18.4508,"[""fcff_normalizado"", ""rim"", ""regressao_ev_receita""]",[],"[""G5"", ""G16""]",True,False,BRL,BRL,[],"[""eps_fy1"", ""eps_fy2""]",[],False,"[{""insumo"": ""recompras"", ""motivo"": ""item defasado em relação ao último balanço: recompra de ações (2023-12-31)"", ""nome"": ""recompra de ações""}, {""insumo"": ""reinvestimento"", ""motivo"": ""FCFF sem identidade observada completa de EBIT, capex, depreciação da DFC, variação do capital de giro operacional e adições de direitos de uso no mesmo período, base contábil e moeda: reinvestimento projetado por g ÷ RONIC, sem substituir ausência por zero"", ""nome"": ""reinvestimento observado""}]",5bdf079826345541fbf2a83edd86289b049ff718317f71590ea70fb44b8df8fc,https://github.com/arielassayag/MarketSummary/blob/af6eb0c93d7c14efaa49bd658c0a502f4e9aedb9/book/cobertura/2026-10-07/modelos/BR_3TENTOS.json,não certificada por este inventário
BR_ABC,Banco ABC Brasil,BR,Financials,banco,"[{""issuer_id"": ""BR_ABC"", ""issuer_name"": ""Banco ABC Brasil"", ""country"": ""BR"", ""gics_sector"": ""Financials"", ""line_type"": ""LOCAL"", ""yahoo_ticker"": ""ABCB4.SA"", ""exchange"": ""B3"", ""currency"": ""BRL"", ""adr_ratio"": """", ""primary_line"": ""true"", ""notes"": ""classe PN | ADTV 3m < US$ 5 mi""}]",ABCB4.SA,BRL,2026-10-07,Compra,A,True,45.4352,"[""rim"", ""pb_justificado"", ""regressao_pb_roe""]",[],[],True,False,BRL,BRL,[],"[""eps_fy1"", ""eps_fy2"", ""dps_12m""]","[""dps_12m""]",False,"[{""insumo"": ""lucro_liquido_controladores"", ""motivo"": ""item defasado em relação ao último balanço: lucro líquido dos controladores (2023-12-31)"", ""nome"": ""lucro líquido dos controladores""}, {""insumo"": ""dividendos_pagos"", ""motivo"": ""item defasado em relação ao último balanço: dividendos e juros sobre capital pagos (2023-12-31)"", ""nome"": ""dividendos e juros sobre capital pagos""}, {""insumo"": ""recompras"", ""motivo"": ""item defasado em relação ao último balanço: recompra de ações (2024-12-31)"", ""nome"": ""recompra de ações""}, {""insumo"": ""participacao_minoritarios"", ""motivo"": ""item defasado em relação ao último balanço: participação de não controladores (2023-12-31)"", ""nome"": ""participação de não controladores""}, {""insumo"": ""margem"", ""motivo"": ""ebit: valor ausente ou não finito; ebit: período de 12 meses não demonstrado; ebit: moeda da fonte não demonstrada; ebit: base contábil não demonstrada"", ""nome"": ""margem EBIT comparável""}, {""insumo"": ""margem_historica"", ""motivo"": ""pares anuais sem alinhamento/proveniência: 2021, 2022, 2023, 2024, 2025"", ""nome"": ""margem EBIT histórica comparável""}]",8ebe6434f84c40c4069e661dbda65db0a819cca9ac55ab5fece41016d2c605dc,https://github.com/arielassayag/MarketSummary/blob/af6eb0c93d7c14efaa49bd658c0a502f4e9aedb9/book/cobertura/2026-10-07/modelos/BR_ABC.json,não certificada por este inventário
BR_AFYA,Afya,BR,Consumer Discretionary,corporativo,"[{""issuer_id"": ""BR_AFYA"", ""issuer_name"": ""Afya"", ""country"": ""BR"", ""gics_sector"": ""Consumer Discretionary"", ""line_type"": ""US_LISTED"", ""yahoo_ticker"": ""AFYA"", ""exchange"": ""NASDAQ"", ""currency"": ""USD"", ""adr_ratio"": """", ""primary_line"": ""true"", ""notes"": ""Educacao medica | ADTV 3m < US$ 5 mi""}]",AFYA,USD,2026-10-07,Compra,B,True,23.0939,"[""fcff"", ""rim"", ""multiplo_justificado""]",[],[],False,True,BRL,BRL,[],"[""eps_fy1"", ""eps_fy2"", ""dps_12m""]","[""dps_12m""]",False,"[{""insumo"": ""recompras"", ""motivo"": ""item defasado em relação ao último balanço: recompra de ações (2023-12-31)"", ""nome"": ""recompra de ações""}, {""insumo"": ""reinvestimento"", ""motivo"": ""FCFF sem identidade observada completa de EBIT, capex, depreciação da DFC, variação do capital de giro operacional e adições de direitos de uso no mesmo período, base contábil e moeda: reinvestimento projetado por g ÷ RONIC, sem substituir ausência por zero"", ""nome"": ""reinvestimento observado""}]",7961182f3b77bc80292857a2433d0c70d3074ab7d26a9c9092e3abb13a7d58f5,https://github.com/arielassayag/MarketSummary/blob/af6eb0c93d7c14efaa49bd658c0a502f4e9aedb9/book/cobertura/2026-10-07/modelos/BR_AFYA.json,não certificada por este inventário
BR_ALLOS,Allos,BR,Real Estate,imobiliario,"[{""issuer_id"": ""BR_ALLOS"", ""issuer_name"": ""Allos"", ""country"": ""BR"", ""gics_sector"": ""Real Estate"", ""line_type"": ""LOCAL"", ""yahoo_ticker"": ""ALOS3.SA"", ""exchange"": ""B3"", ""currency"": ""BRL"", ""adr_ratio"": """", ""primary_line"": ""true"", ""notes"": ""classe ON""}]",ALOS3.SA,BRL,2026-10-07,Neutro,B,True,30.8576,"[""rim"", ""regressao_pb_roe""]",[],[],True,False,BRL,BRL,[],"[""eps_fy1"", ""eps_fy2"", ""dps_12m""]","[""dps_12m""]",True,"[{""insumo"": ""reinvestimento"", ""motivo"": ""FCFF sem identidade observada completa de EBIT, capex, depreciação da DFC, variação do capital de giro operacional e adições de direitos de uso no mesmo período, base contábil e moeda: reinvestimento projetado por g ÷ RONIC, sem substituir ausência por zero"", ""nome"": ""reinvestimento observado""}]",ea52e6043ef8ba6110517a9863b0adbb0abf8ba168f11de2433abd22e547617d,https://github.com/arielassayag/MarketSummary/blob/af6eb0c93d7c14efaa49bd658c0a502f4e9aedb9/book/cobertura/2026-10-07/modelos/BR_ALLOS.json,não certificada por este inventário
BR_ALPARGATAS,Alpargatas,BR,Consumer Discretionary,corporativo,"[{""issuer_id"": ""BR_ALPARGATAS"", ""issuer_name"": ""Alpargatas"", ""country"": ""BR"", ""gics_sector"": ""Consumer Discretionary"", ""line_type"": ""LOCAL"", ""yahoo_ticker"": ""ALPA4.SA"", ""exchange"": ""B3"", ""currency"": ""BRL"", ""adr_ratio"": """", ""primary_line"": ""true"", ""notes"": ""classe PN | ADTV 3m < US$ 5 mi""}]",ALPA4.SA,BRL,2026-10-07,Neutro,C,True,9.54528,"[""fcff"", ""rim"", ""multiplo_justificado""]",[],"[""G20""]",True,False,BRL,BRL,[],"[""eps_fy1"", ""eps_fy2"", ""dps_12m""]","[""dps_12m""]",False,"[{""insumo"": ""reinvestimento"", ""motivo"": ""FCFF sem identidade observada completa de EBIT, capex, depreciação da DFC, variação do capital de giro operacional e adições de direitos de uso no mesmo período, base contábil e moeda: reinvestimento projetado por g ÷ RONIC, sem substituir ausência por zero"", ""nome"": ""reinvestimento observado""}]",e6e16a8b33a894b26b4fbf815db709049f0c9ad1b6b4197e516bae437841177c,https://github.com/arielassayag/MarketSummary/blob/af6eb0c93d7c14efaa49bd658c0a502f4e9aedb9/book/cobertura/2026-10-07/modelos/BR_ALPARGATAS.json,não certificada por este inventário
BR_ALUPAR,Alupar,BR,Utilities,utilidade_regulada,"[{""issuer_id"": ""BR_ALUPAR"", ""issuer_name"": ""Alupar"", ""country"": ""BR"", ""gics_sector"": ""Utilities"", ""line_type"": ""LOCAL"", ""yahoo_ticker"": ""ALUP11.SA"", ""exchange"": ""B3"", ""currency"": ""BRL"", ""adr_ratio"": """", ""primary_line"": ""true"", ""notes"": ""classe Unit""}]",ALUP11.SA,BRL,2026-10-07,Neutro,C,True,50.6711,"[""rim_real"", ""ddm_real"", ""fcff_real"", ""regressao_pb_roe""]",[],"[""G18""]",True,False,BRL,BRL,[],"[""eps_fy1"", ""eps_fy2"", ""dps_12m""]","[""dps_12m""]",False,"[{""insumo"": ""g_receita_fy1"", ""motivo"": ""crescimento de consenso da receita de −21,1% contra a receita de 12 meses, acima de 15% em módulo numa concessão ou utilidade regulada (provável receita de construção da infraestrutura na receita da DRE, sem reconciliação pela DVA): não usado"", ""nome"": ""g receita fy1""}, {""insumo"": ""reinvestimento"", ""motivo"": ""FCFF sem identidade observada completa de EBIT, capex, depreciação da DFC, variação do capital de giro operacional e adições de direitos de uso no mesmo período, base contábil e moeda: reinvestimento projetado por g ÷ RONIC, sem substituir ausência por zero"", ""nome"": ""reinvestimento observado""}]",937aa850613e5e7e448dd1cf7c22bfd0721366aad21398ab5ad501baf30d4e08,https://github.com/arielassayag/MarketSummary/blob/af6eb0c93d7c14efaa49bd658c0a502f4e9aedb9/book/cobertura/2026-10-07/modelos/BR_ALUPAR.json,não certificada por este inventário
BR_AMBEV,Ambev,BR,Consumer Staples,corporativo,"[{""issuer_id"": ""BR_AMBEV"", ""issuer_name"": ""Ambev"", ""country"": ""BR"", ""gics_sector"": ""Consumer Staples"", ""line_type"": ""LOCAL"", ""yahoo_ticker"": ""ABEV3.SA"", ""exchange"": ""B3"", ""currency"": ""BRL"", ""adr_ratio"": """", ""primary_line"": ""true"", ""notes"": ""classe ON""}, {""issuer_id"": ""BR_AMBEV"", ""issuer_name"": ""Ambev"", ""country"": ""BR"", ""gics_sector"": ""Consumer Staples"", ""line_type"": ""ADR"", ""yahoo_ticker"": ""ABEV"", ""exchange"": ""NYSE"", ""currency"": ""USD"", ""adr_ratio"": ""1"", ""primary_line"": ""false"", ""notes"": ""ADS = 1 ações locais | OK (implicito 0.985, desvio -1.5%, n=20)""}]",ABEV3.SA,BRL,2026-10-07,Neutro,A,True,14.8856,"[""fcff"", ""rim"", ""multiplo_justificado""]",[],[],True,False,BRL,BRL,[],"[""eps_fy1"", ""eps_fy2"", ""dps_12m""]","[""dps_12m""]",False,"[{""insumo"": ""reinvestimento"", ""motivo"": ""FCFF sem identidade observada completa de EBIT, capex, depreciação da DFC, variação do capital de giro operacional e adições de direitos de uso no mesmo período, base contábil e moeda: reinvestimento projetado por g ÷ RONIC, sem substituir ausência por zero"", ""nome"": ""reinvestimento observado""}]",92df55d28b68c871669734ca2f9bbacf6a230ef874ecb5f1d669f1d7f7769605,https://github.com/arielassayag/MarketSummary/blob/af6eb0c93d7c14efaa49bd658c0a502f4e9aedb9/book/cobertura/2026-10-07/modelos/BR_AMBEV.json,não certificada por este inventário
BR_ANIMA,Ânima Educação,BR,Consumer Discretionary,corporativo,"[{""issuer_id"": ""BR_ANIMA"", ""issuer_name"": ""Anima Educacao"", ""country"": ""BR"", ""gics_sector"": ""Consumer Discretionary"", ""line_type"": ""LOCAL"", ""yahoo_ticker"": ""ANIM3.SA"", ""exchange"": ""B3"", ""currency"": ""BRL"", ""adr_ratio"": """", ""primary_line"": ""true"", ""notes"": ""classe ON | ADTV 3m < US$ 5 mi""}]",ANIM3.SA,BRL,2026-10-07,Em revisão,C,False,12.0138,"[""fcff"", ""rim"", ""multiplo_justificado""]","[""G11""]","[""G18"", ""G20""]",True,False,BRL,BRL,[],"[""eps_fy1"", ""eps_fy2"", ""dps_12m""]","[""dps_12m""]",False,"[{""insumo"": ""dividendos_pagos"", ""motivo"": ""item defasado em relação ao último balanço: dividendos e juros sobre capital pagos (2022-12-31)"", ""nome"": ""dividendos e juros sobre capital pagos""}, {""insumo"": ""reinvestimento"", ""motivo"": ""FCFF sem identidade observada completa de EBIT, capex, depreciação da DFC, variação do capital de giro operacional e adições de direitos de uso no mesmo período, base contábil e moeda: reinvestimento projetado por g ÷ RONIC, sem substituir ausência por zero"", ""nome"": ""reinvestimento observado""}]",ff720acaf8a47615b3bb81d1b8cf68530e69d243dfddba1e2c523135b3aa4f9b,https://github.com/arielassayag/MarketSummary/blob/af6eb0c93d7c14efaa49bd658c0a502f4e9aedb9/book/cobertura/2026-10-07/modelos/BR_ANIMA.json,não certificada por este inventário
BR_ASSAI,Assaí Atacadista,BR,Consumer Staples,corporativo,"[{""issuer_id"": ""BR_ASSAI"", ""issuer_name"": ""Assai Atacadista"", ""country"": ""BR"", ""gics_sector"": ""Consumer Staples"", ""line_type"": ""LOCAL"", ""yahoo_ticker"": ""ASAI3.SA"", ""exchange"": ""B3"", ""currency"": ""BRL"", ""adr_ratio"": """", ""primary_line"": ""true"", ""notes"": ""classe ON | ADR ASAI encerrado (Form 15F 12/01/2026)""}]",ASAI3.SA,BRL,2026-10-07,Neutro,B,True,13.4254,"[""fcff"", ""rim"", ""multiplo_justificado""]",[],[],True,False,BRL,BRL,[],"[""eps_fy1"", ""eps_fy2"", ""dps_12m""]","[""dps_12m""]",False,"[{""insumo"": ""reinvestimento"", ""motivo"": ""FCFF sem identidade observada completa de EBIT, capex, depreciação da DFC, variação do capital de giro operacional e adições de direitos de uso no mesmo período, base contábil e moeda: reinvestimento projetado por g ÷ RONIC, sem substituir ausência por zero"", ""nome"": ""reinvestimento observado""}]",79fa91038d9686739a0ff5e5848d7452c31d5e83459f04fa7a9ae4d0164ec4e0,https://github.com/arielassayag/MarketSummary/blob/af6eb0c93d7c14efaa49bd658c0a502f4e9aedb9/book/cobertura/2026-10-07/modelos/BR_ASSAI.json,não certificada por este inventário
BR_AURA,Aura Minerals,BR,Materials,commodity,"[{""issuer_id"": ""BR_AURA"", ""issuer_name"": ""Aura Minerals"", ""country"": ""BR"", ""gics_sector"": ""Materials"", ""line_type"": ""LOCAL"", ""yahoo_ticker"": ""AURA33.SA"", ""exchange"": ""B3"", ""currency"": ""BRL"", ""adr_ratio"": """", ""primary_line"": ""true"", ""notes"": ""classe BDR | Listada na Nasdaq (AUGO) em 07/2025; BDR AURA33 na B3 | BDR: 1 acao US = 3.003 BDR (implicito, n=20) | linha primária pela regra de histórico (rascunho: AUGO)""}, {""issuer_id"": ""BR_AURA"", ""issuer_name"": ""Aura Minerals"", ""country"": ""BR"", ""gics_sector"": ""Materials"", ""line_type"": ""US_LISTED"", ""yahoo_ticker"": ""AUGO"", ""exchange"": ""NASDAQ"", ""currency"": ""USD"", ""adr_ratio"": """", ""primary_line"": ""false"", ""notes"": ""Listada na Nasdaq (AUGO) em 07/2025; BDR AURA33 na B3 | histórico válido desde 2025-07-16""}]",AUGO,USD,2026-10-07,Em revisão,B,False,63.7478,"[""fcff_normalizado"", ""rim"", ""regressao_ev_receita""]","[""G13"", ""G13b""]",[],False,True,USD,USD,[],"[""eps_fy1"", ""eps_fy2"", ""dps_12m""]","[""dps_12m""]",False,"[{""insumo"": ""d_a_dfc"", ""motivo"": ""item defasado em relação ao último balanço: depreciação e amortização restituídas na DFC (2024-12-31)"", ""nome"": ""depreciação e amortização restituídas na DFC""}, {""insumo"": ""g_receita_historico"", ""motivo"": ""crescimento histórico da receita de 116,8% fora da faixa plausível (provável efeito contábil): não usado"", ""nome"": ""crescimento histórico da receita""}, {""insumo"": ""reinvestimento"", ""motivo"": ""FCFF sem identidade observada completa de EBIT, capex, depreciação da DFC, variação do capital de giro operacional e adições de direitos de uso no mesmo período, base contábil e moeda: reinvestimento projetado por g ÷ RONIC, sem substituir ausência por zero"", ""nome"": ""reinvestimento observado""}]",e45d7a5f21a0c352bb903659439e2f9ab1781853d064c821d1ee515acd8e4e71,https://github.com/arielassayag/MarketSummary/blob/af6eb0c93d7c14efaa49bd658c0a502f4e9aedb9/book/cobertura/2026-10-07/modelos/BR_AURA.json,não certificada por este inventário
BR_AUREN,Auren Energia,BR,Utilities,utilidade_regulada,"[{""issuer_id"": ""BR_AUREN"", ""issuer_name"": ""Auren Energia"", ""country"": ""BR"", ""gics_sector"": ""Utilities"", ""line_type"": ""LOCAL"", ""yahoo_ticker"": ""AURE3.SA"", ""exchange"": ""B3"", ""currency"": ""BRL"", ""adr_ratio"": """", ""primary_line"": ""true"", ""notes"": ""classe ON""}]",AURE3.SA,BRL,2026-10-07,Neutro,C,True,11.6297,"[""rim_real""]",[],[],True,False,BRL,BRL,[],"[""eps_fy1"", ""eps_fy2"", ""dps_12m""]","[""dps_12m""]",True,"[{""insumo"": ""g_receita_historico"", ""motivo"": ""crescimento histórico da receita com a receita de construção (não comparável com a base sem ela): não usado"", ""nome"": ""crescimento histórico da receita""}, {""insumo"": ""reinvestimento"", ""motivo"": ""FCFF sem identidade observada completa de EBIT, capex, depreciação da DFC, variação do capital de giro operacional e adições de direitos de uso no mesmo período, base contábil e moeda: reinvestimento projetado por g ÷ RONIC, sem substituir ausência por zero"", ""nome"": ""reinvestimento observado""}, {""insumo"": ""metodo.ddm_real"", ""motivo"": ""LPA positivo, payout ou ROE sustentável indisponível"", ""nome"": ""Dividendos descontados em termos reais""}, {""insumo"": ""metodo.fcff_real"", ""motivo"": ""valor do patrimônio não positivo (dissidência: conta na dispersão como zero)"", ""nome"": ""Fluxo de caixa livre da firma em termos reais""}, {""insumo"": ""metodo.regressao_pb_roe"", ""motivo"": ""fundamentos do emissor incompletos para a regressão"", ""nome"": ""P/VPA de regressão transversal (ROE, crescimento, β, payout)""}]",bf0f2ac98966eb4474f478f604c938da54006a1874fc4f0ccbf884b5caa0135a,https://github.com/arielassayag/MarketSummary/blob/af6eb0c93d7c14efaa49bd658c0a502f4e9aedb9/book/cobertura/2026-10-07/modelos/BR_AUREN.json,não certificada por este inventário
BR_AXIA,Axia Energia (ex-Eletrobras),BR,Utilities,utilidade_regulada,"[{""issuer_id"": ""BR_AXIA"", ""issuer_name"": ""Axia Energia (ex-Eletrobras)"", ""country"": ""BR"", ""gics_sector"": ""Utilities"", ""line_type"": ""LOCAL"", ""yahoo_ticker"": ""AXIA3.SA"", ""exchange"": ""B3"", ""currency"": ""BRL"", ""adr_ratio"": """", ""primary_line"": ""true"", ""notes"": ""classe ON | Renomeada em 10/11/2025: ELET3->AXIA3, ELET6->AXIA6, EBR->AXIA, EBR-B->AXIA PR | ADRs AXIA/AXIA-P deslistados da NYSE (Form 25 em 11/06 e 27/07/2026; 15F em 07/08/2026); AXIA6 sem dados no Yahoo""}]",AXIA3.SA,BRL,2026-10-07,Neutro,C,True,52.8556,"[""rim_real"", ""ddm_real"", ""fcff_real"", ""regressao_pb_roe""]",[],"[""G5""]",True,False,BRL,BRL,[],"[""eps_fy1"", ""eps_fy2"", ""dps_12m""]","[""dps_12m""]",False,"[{""insumo"": ""reinvestimento"", ""motivo"": ""FCFF sem identidade observada completa de EBIT, capex, depreciação da DFC, variação do capital de giro operacional e adições de direitos de uso no mesmo período, base contábil e moeda: reinvestimento projetado por g ÷ RONIC, sem substituir ausência por zero"", ""nome"": ""reinvestimento observado""}]",5f58892fefba88e1ef3d8ed4fbad53544e4ba63b42f7dc93c0cf44587896f131,https://github.com/arielassayag/MarketSummary/blob/af6eb0c93d7c14efaa49bd658c0a502f4e9aedb9/book/cobertura/2026-10-07/modelos/BR_AXIA.json,não certificada por este inventário
BR_AZZAS,Azzas 2154,BR,Consumer Discretionary,corporativo,"[{""issuer_id"": ""BR_AZZAS"", ""issuer_name"": ""Azzas 2154"", ""country"": ""BR"", ""gics_sector"": ""Consumer Discretionary"", ""line_type"": ""LOCAL"", ""yahoo_ticker"": ""AZZA3.SA"", ""exchange"": ""B3"", ""currency"": ""BRL"", ""adr_ratio"": """", ""primary_line"": ""true"", ""notes"": ""classe ON | Fusao Arezzo+Soma""}]",AZZA3.SA,BRL,2026-10-07,Neutro,B,True,21.1656,"[""fcff"", ""rim"", ""multiplo_justificado""]",[],"[""G18""]",True,False,BRL,BRL,[],"[""eps_fy1"", ""eps_fy2"", ""dps_12m""]","[""dps_12m""]",False,"[{""insumo"": ""reinvestimento"", ""motivo"": ""FCFF sem identidade observada completa de EBIT, capex, depreciação da DFC, variação do capital de giro operacional e adições de direitos de uso no mesmo período, base contábil e moeda: reinvestimento projetado por g ÷ RONIC, sem substituir ausência por zero"", ""nome"": ""reinvestimento observado""}]",0094c0dd0722d9972e5a7a6acf58339bb2f09866c4b28df408b21956889ebf01,https://github.com/arielassayag/MarketSummary/blob/af6eb0c93d7c14efaa49bd658c0a502f4e9aedb9/book/cobertura/2026-10-07/modelos/BR_AZZAS.json,não certificada por este inventário
BR_B3,B3,BR,Financials,corporativo,"[{""issuer_id"": ""BR_B3"", ""issuer_name"": ""B3 SA"", ""country"": ""BR"", ""gics_sector"": ""Financials"", ""line_type"": ""LOCAL"", ""yahoo_ticker"": ""B3SA3.SA"", ""exchange"": ""B3"", ""currency"": ""BRL"", ""adr_ratio"": """", ""primary_line"": ""true"", ""notes"": """"}]",B3SA3.SA,BRL,2026-10-07,Venda,B,True,15.66,"[""rim"", ""multiplo_justificado""]",[],[],True,False,BRL,BRL,[],"[""eps_fy1"", ""eps_fy2"", ""dps_12m""]","[""dps_12m""]",False,"[{""insumo"": ""metodo.fcff"", ""motivo"": ""fluxo de caixa da firma não se aplica a financeiras"", ""nome"": ""Fluxo de caixa livre da firma (três estágios)""}]",6c15036cf94cc545e1b9e70f26655f8bbd5a2a299c99ac63b52ed82249d3b6c5,https://github.com/arielassayag/MarketSummary/blob/af6eb0c93d7c14efaa49bd658c0a502f4e9aedb9/book/cobertura/2026-10-07/modelos/BR_B3.json,não certificada por este inventário
BR_BANRISUL,Banrisul,BR,Financials,banco,"[{""issuer_id"": ""BR_BANRISUL"", ""issuer_name"": ""Banrisul"", ""country"": ""BR"", ""gics_sector"": ""Financials"", ""line_type"": ""LOCAL"", ""yahoo_ticker"": ""BRSR6.SA"", ""exchange"": ""B3"", ""currency"": ""BRL"", ""adr_ratio"": """", ""primary_line"": ""true"", ""notes"": ""classe PNB""}]",BRSR6.SA,BRL,2026-10-07,Neutro,C,True,35.6595,"[""rim"", ""pb_justificado"", ""regressao_pb_roe""]",[],"[""G11""]",True,False,BRL,BRL,[],"[""eps_fy1"", ""eps_fy2"", ""dps_12m""]","[""dps_12m""]",False,"[{""insumo"": ""margem"", ""motivo"": ""ebit: valor ausente ou não finito; ebit: período de 12 meses não demonstrado; ebit: moeda da fonte não demonstrada; ebit: base contábil não demonstrada"", ""nome"": ""margem EBIT comparável""}, {""insumo"": ""margem_historica"", ""motivo"": ""pares anuais sem alinhamento/proveniência: 2021, 2022, 2023, 2024, 2025"", ""nome"": ""margem EBIT histórica comparável""}]",77e6a7ce546210538738a5193d72dc625a1a5a66118970b9995c209c12b0dee0,https://github.com/arielassayag/MarketSummary/blob/af6eb0c93d7c14efaa49bd658c0a502f4e9aedb9/book/cobertura/2026-10-07/modelos/BR_BANRISUL.json,não certificada por este inventário
BR_BB,Banco do Brasil,BR,Financials,banco,"[{""issuer_id"": ""BR_BB"", ""issuer_name"": ""Banco do Brasil"", ""country"": ""BR"", ""gics_sector"": ""Financials"", ""line_type"": ""LOCAL"", ""yahoo_ticker"": ""BBAS3.SA"", ""exchange"": ""B3"", ""currency"": ""BRL"", ""adr_ratio"": """", ""primary_line"": ""true"", ""notes"": ""classe ON | ADR apenas OTC (BDORY) - excluida""}]",BBAS3.SA,BRL,2026-10-07,Compra,A,True,43.5526,"[""rim"", ""pb_justificado"", ""regressao_pb_roe""]",[],[],True,False,BRL,BRL,[],"[""eps_fy1"", ""eps_fy2"", ""dps_12m""]","[""dps_12m""]",False,"[{""insumo"": ""margem"", ""motivo"": ""ebit: valor ausente ou não finito; ebit: período de 12 meses não demonstrado; ebit: moeda da fonte não demonstrada; ebit: base contábil não demonstrada"", ""nome"": ""margem EBIT comparável""}, {""insumo"": ""margem_historica"", ""motivo"": ""pares anuais sem alinhamento/proveniência: 2021, 2022, 2023, 2024, 2025"", ""nome"": ""margem EBIT histórica comparável""}]",017797865923089685b4c463dcde2a8a68c26c0872bd437c0c1c9055d0cd3962,https://github.com/arielassayag/MarketSummary/blob/af6eb0c93d7c14efaa49bd658c0a502f4e9aedb9/book/cobertura/2026-10-07/modelos/BR_BB.json,não certificada por este inventário
BR_BBSEG,BB Seguridade,BR,Financials,seguradora,"[{""issuer_id"": ""BR_BBSEG"", ""issuer_name"": ""BB Seguridade"", ""country"": ""BR"", ""gics_sector"": ""Financials"", ""line_type"": ""LOCAL"", ""yahoo_ticker"": ""BBSE3.SA"", ""exchange"": ""B3"", ""currency"": ""BRL"", ""adr_ratio"": """", ""primary_line"": ""true"", ""notes"": ""classe ON""}]",BBSE3.SA,BRL,2026-10-07,Neutro,B,True,38.7826,"[""ddm"", ""rim""]",[],[],True,False,BRL,BRL,[],"[""eps_fy1"", ""eps_fy2"", ""dps_12m""]","[""dps_12m""]",False,"[{""insumo"": ""lucro_bruto"", ""motivo"": ""item defasado em relação ao último balanço: lucro bruto (2022-12-31)"", ""nome"": ""lucro bruto""}, {""insumo"": ""ebit"", ""motivo"": ""item defasado em relação ao último balanço: EBIT (2022-12-31)"", ""nome"": ""EBIT""}, {""insumo"": ""ebitda"", ""motivo"": ""item defasado em relação ao último balanço: EBITDA (2022-12-31)"", ""nome"": ""EBITDA""}, {""insumo"": ""resultado_financeiro"", ""motivo"": ""item defasado em relação ao último balanço: resultado financeiro (2022-12-31)"", ""nome"": ""resultado financeiro""}, {""insumo"": ""capex"", ""motivo"": ""item defasado em relação ao último balanço: investimento em ativo fixo e intangível (capex) (2021-12-31)"", ""nome"": ""investimento em ativo fixo e intangível (capex)""}, {""insumo"": ""fcf"", ""motivo"": ""item defasado em relação ao último balanço: fluxo de caixa livre (2021-12-31)"", ""nome"": ""fluxo de caixa livre""}, {""insumo"": ""caixa"", ""motivo"": ""item defasado em relação ao último balanço: caixa e equivalentes (2022-12-31)"", ""nome"": ""caixa e equivalentes""}, {""insumo"": ""aplicacoes_cp"", ""motivo"": ""item defasado em relação ao último balanço: aplicações financeiras de curto prazo (2022-12-31)"", ""nome"": ""aplicações financeiras de curto prazo""}, {""insumo"": ""margem"", ""motivo"": ""ebit: valor ausente ou não finito; ebit: período de 12 meses não demonstrado; ebit: moeda da fonte não demonstrada; ebit: base contábil não demonstrada; receita não positiva: margem indisponível"", ""nome"": ""margem EBIT comparável""}, {""insumo"": ""margem_historica"", ""motivo"": ""pares anuais sem alinhamento/proveniência: 2021, 2022, 2023, 2024, 2025"", ""nome"": ""margem EBIT histórica comparável""}, {""insumo"": ""metodo.regressao_pl"", ""motivo"": ""regressão transversal indisponível (R² de 0,18 abaixo do mínimo de 0,25)"", ""nome"": ""P/L de regressão transversal (crescimento, payout, β)""}]",09ad96027aea52f1ea9c669f656d4beae7c4d18d90587a77db78896c01e9d8ee,https://github.com/arielassayag/MarketSummary/blob/af6eb0c93d7c14efaa49bd658c0a502f4e9aedb9/book/cobertura/2026-10-07/modelos/BR_BBSEG.json,não certificada por este inventário
BR_BEMOBI,Bemobi,BR,Information Technology,corporativo,"[{""issuer_id"": ""BR_BEMOBI"", ""issuer_name"": ""Bemobi"", ""country"": ""BR"", ""gics_sector"": ""Information Technology"", ""line_type"": ""LOCAL"", ""yahoo_ticker"": ""BMOB3.SA"", ""exchange"": ""B3"", ""currency"": ""BRL"", ""adr_ratio"": """", ""primary_line"": ""true"", ""notes"": ""classe ON | ADTV 3m < US$ 5 mi""}]",BMOB3.SA,BRL,2026-10-07,Neutro,B,True,25.7778,"[""fcff"", ""rim"", ""multiplo_justificado""]",[],[],True,False,BRL,BRL,[],"[""eps_fy1"", ""eps_fy2"", ""dps_12m""]","[""dps_12m""]",False,"[{""insumo"": ""g_receita_fy1"", ""motivo"": ""receita de consenso do ano 1 = 0,48× a receita de 12 meses (fora de 0,5–2×): unidade, moeda ou perímetro diferentes; não usada"", ""nome"": ""g receita fy1""}, {""insumo"": ""reinvestimento"", ""motivo"": ""FCFF sem identidade observada completa de EBIT, capex, depreciação da DFC, variação do capital de giro operacional e adições de direitos de uso no mesmo período, base contábil e moeda: reinvestimento projetado por g ÷ RONIC, sem substituir ausência por zero"", ""nome"": ""reinvestimento observado""}]",dde581eae41814151beea2f418cb26f5daa0ad30b898927b60f13fa15159b089,https://github.com/arielassayag/MarketSummary/blob/af6eb0c93d7c14efaa49bd658c0a502f4e9aedb9/book/cobertura/2026-10-07/modelos/BR_BEMOBI.json,não certificada por este inventário
BR_BRADESCO,Banco Bradesco,BR,Financials,banco,"[{""issuer_id"": ""BR_BRADESCO"", ""issuer_name"": ""Banco Bradesco"", ""country"": ""BR"", ""gics_sector"": ""Financials"", ""line_type"": ""LOCAL"", ""yahoo_ticker"": ""BBDC4.SA"", ""exchange"": ""B3"", ""currency"": ""BRL"", ""adr_ratio"": """", ""primary_line"": ""true"", ""notes"": ""classe PN | BBD = 1 PN; BBDO = 1 ON""}, {""issuer_id"": ""BR_BRADESCO"", ""issuer_name"": ""Banco Bradesco"", ""country"": ""BR"", ""gics_sector"": ""Financials"", ""line_type"": ""ADR"", ""yahoo_ticker"": ""BBD"", ""exchange"": ""NYSE"", ""currency"": ""USD"", ""adr_ratio"": ""1"", ""primary_line"": ""false"", ""notes"": ""ADS = 1 ações locais | BBD = 1 PN; BBDO = 1 ON | OK (implicito 0.988, desvio -1.2%, n=20)""}, {""issuer_id"": ""BR_BRADESCO"", ""issuer_name"": ""Banco Bradesco"", ""country"": ""BR"", ""gics_sector"": ""Financials"", ""line_type"": ""LOCAL"", ""yahoo_ticker"": ""BBDC3.SA"", ""exchange"": ""B3"", ""currency"": ""BRL"", ""adr_ratio"": """", ""primary_line"": ""false"", ""notes"": ""classe ON | BBD = 1 PN; BBDO = 1 ON""}]",BBDC4.SA,BRL,2026-10-07,Neutro,A,True,27.6076,"[""rim"", ""pb_justificado"", ""regressao_pb_roe""]",[],[],True,False,BRL,BRL,[],"[""eps_fy1"", ""eps_fy2"", ""dps_12m""]","[""dps_12m""]",False,"[{""insumo"": ""margem"", ""motivo"": ""ebit: valor ausente ou não finito; ebit: período de 12 meses não demonstrado; ebit: moeda da fonte não demonstrada; ebit: base contábil não demonstrada"", ""nome"": ""margem EBIT comparável""}, {""insumo"": ""margem_historica"", ""motivo"": ""pares anuais sem alinhamento/proveniência: 2021, 2022, 2023, 2024, 2025"", ""nome"": ""margem EBIT histórica comparável""}]",a10a5ab030a091779053370c02840cab30ce9b1c7dbd1af0bd2ddaa525790c3b,https://github.com/arielassayag/MarketSummary/blob/af6eb0c93d7c14efaa49bd658c0a502f4e9aedb9/book/cobertura/2026-10-07/modelos/BR_BRADESCO.json,não certificada por este inventário
BR_BRADESPAR,Bradespar,BR,Materials,holding,"[{""issuer_id"": ""BR_BRADESPAR"", ""issuer_name"": ""Bradespar"", ""country"": ""BR"", ""gics_sector"": ""Materials"", ""line_type"": ""LOCAL"", ""yahoo_ticker"": ""BRAP4.SA"", ""exchange"": ""B3"", ""currency"": ""BRL"", ""adr_ratio"": """", ""primary_line"": ""true"", ""notes"": ""classe PN | Holding (Vale)""}]",BRAP4.SA,BRL,2026-10-07,Neutro,C,True,15.339,"[""soma_partes""]",[],"[""G20""]",True,False,BRL,BRL,[],"[""eps_fy1"", ""eps_fy2"", ""dps_12m""]","[""dps_12m""]",True,"[{""insumo"": ""lucro_liquido_controladores"", ""motivo"": ""item defasado em relação ao último balanço: lucro líquido dos controladores (2023-12-31)"", ""nome"": ""lucro líquido dos controladores""}, {""insumo"": ""participacao_minoritarios"", ""motivo"": ""item defasado em relação ao último balanço: participação de não controladores (2023-12-31)"", ""nome"": ""participação de não controladores""}, {""insumo"": ""margem"", ""motivo"": ""receita não positiva: margem indisponível"", ""nome"": ""margem EBIT comparável""}, {""insumo"": ""margem_historica"", ""motivo"": ""pares anuais sem alinhamento/proveniência: 2021, 2022, 2023, 2024, 2025"", ""nome"": ""margem EBIT histórica comparável""}, {""insumo"": ""reinvestimento"", ""motivo"": ""FCFF sem identidade observada completa de EBIT, capex, depreciação da DFC, variação do capital de giro operacional e adições de direitos de uso no mesmo período, base contábil e moeda: reinvestimento projetado por g ÷ RONIC, sem substituir ausência por zero"", ""nome"": ""reinvestimento observado""}]",efd415259b4b074510d782dc5fbcdd46b16d6bc1e00f74af41583762b600f1a7,https://github.com/arielassayag/MarketSummary/blob/af6eb0c93d7c14efaa49bd658c0a502f4e9aedb9/book/cobertura/2026-10-07/modelos/BR_BRADESPAR.json,não certificada por este inventário
BR_BRADSAUDE,Bradesco Saúde,BR,Health Care,seguradora,"[{""issuer_id"": ""BR_BRADSAUDE"", ""issuer_name"": ""Bradesco Saude"", ""country"": ""BR"", ""gics_sector"": ""Health Care"", ""line_type"": ""LOCAL"", ""yahoo_ticker"": ""SAUD3.SA"", ""exchange"": ""B3"", ""currency"": ""BRL"", ""adr_ratio"": """", ""primary_line"": ""true"", ""notes"": ""classe ON | Nova listagem (SAUD3) - verificar estrutura (Odontoprev)""}]",SAUD3.SA,BRL,2026-10-07,Neutro,C,True,14.8521,"[""ddm"", ""rim""]",[],"[""G17""]",True,False,BRL,BRL,[],"[""eps_fy1"", ""eps_fy2""]",[],False,"[{""insumo"": ""acoes_em_circulacao"", ""motivo"": ""em conferência na fonte em 2026-06-30: valor do período ausente na fonte pública (o período anterior não é usado)"", ""nome"": ""ações em circulação""}, {""insumo"": ""acoes_emitidas"", ""motivo"": ""em conferência na fonte em 2026-06-30: valor do período ausente na fonte pública (o período anterior não é usado)"", ""nome"": ""ações emitidas""}, {""insumo"": ""acoes_tesouraria"", ""motivo"": ""em conferência na fonte em 2026-06-30: valor do período ausente na fonte pública (o período anterior não é usado)"", ""nome"": ""ações em tesouraria""}, {""insumo"": ""metodo.regressao_pl"", ""motivo"": ""regressão transversal indisponível (R² de 0,18 abaixo do mínimo de 0,25)"", ""nome"": ""P/L de regressão transversal (crescimento, payout, β)""}]",8281c0e2dd6142baee07d99fd4a0a975100281a8f53eb779e7e8e1e211880d9b,https://github.com/arielassayag/MarketSummary/blob/af6eb0c93d7c14efaa49bd658c0a502f4e9aedb9/book/cobertura/2026-10-07/modelos/BR_BRADSAUDE.json,não certificada por este inventário
BR_BRASKEM,Braskem,BR,Materials,commodity,"[{""issuer_id"": ""BR_BRASKEM"", ""issuer_name"": ""Braskem"", ""country"": ""BR"", ""gics_sector"": ""Materials"", ""line_type"": ""LOCAL"", ""yahoo_ticker"": ""BRKM5.SA"", ""exchange"": ""B3"", ""currency"": ""BRL"", ""adr_ratio"": """", ""primary_line"": ""true"", ""notes"": ""classe PNA | BAK = 2 PNA; disputa de controle (Novonor)""}, {""issuer_id"": ""BR_BRASKEM"", ""issuer_name"": ""Braskem"", ""country"": ""BR"", ""gics_sector"": ""Materials"", ""line_type"": ""ADR"", ""yahoo_ticker"": ""BAK"", ""exchange"": ""NYSE"", ""currency"": ""USD"", ""adr_ratio"": ""2"", ""primary_line"": ""false"", ""notes"": ""ADS = 2 ações locais | BAK = 2 PNA; disputa de controle (Novonor) | OK (implicito 1.996, desvio -0.2%, n=20) | ADTV 3m < US$ 5 mi""}]",BRKM5.SA,BRL,2026-10-07,Neutro,C,True,11.818,"[""regressao_ev_receita""]",[],"[""G11"", ""G16""]",True,False,BRL,BRL,[],"[""eps_fy1"", ""eps_fy2"", ""dps_12m""]","[""dps_12m""]",True,"[{""insumo"": ""recompras"", ""motivo"": ""item defasado em relação ao último balanço: recompra de ações (2021-12-31)"", ""nome"": ""recompra de ações""}, {""insumo"": ""reinvestimento"", ""motivo"": ""FCFF sem identidade observada completa de EBIT, capex, depreciação da DFC, variação do capital de giro operacional e adições de direitos de uso no mesmo período, base contábil e moeda: reinvestimento projetado por g ÷ RONIC, sem substituir ausência por zero"", ""nome"": ""reinvestimento observado""}, {""insumo"": ""metodo.fcff_normalizado"", ""motivo"": ""valor do patrimônio não positivo (dissidência: conta na dispersão como zero)"", ""nome"": ""Fluxo de caixa livre com margem ao longo do ciclo""}, {""insumo"": ""metodo.rim"", ""motivo"": ""patrimônio líquido negativo"", ""nome"": ""Lucro residual (GLS)""}]",0b5f1a3eadadf443e92bada1368f9fc9e17cefae2f930b9c78308cc6d1f5d882,https://github.com/arielassayag/MarketSummary/blob/af6eb0c93d7c14efaa49bd658c0a502f4e9aedb9/book/cobertura/2026-10-07/modelos/BR_BRASKEM.json,não certificada por este inventário
BR_BRAVA,Brava Energia,BR,Energy,commodity,"[{""issuer_id"": ""BR_BRAVA"", ""issuer_name"": ""Brava Energia"", ""country"": ""BR"", ""gics_sector"": ""Energy"", ""line_type"": ""LOCAL"", ""yahoo_ticker"": ""BRAV3.SA"", ""exchange"": ""B3"", ""currency"": ""BRL"", ""adr_ratio"": """", ""primary_line"": ""true"", ""notes"": ""classe ON | ex-3R/Enauta""}]",BRAV3.SA,BRL,2026-10-07,Neutro,B,True,20.0382,"[""fcff_normalizado"", ""rim"", ""regressao_ev_receita""]",[],[],True,False,BRL,BRL,[],"[""eps_fy1"", ""eps_fy2"", ""dps_12m""]","[""dps_12m""]",False,"[{""insumo"": ""recompras"", ""motivo"": ""item defasado em relação ao último balanço: recompra de ações (2024-12-31)"", ""nome"": ""recompra de ações""}, {""insumo"": ""reinvestimento"", ""motivo"": ""FCFF sem identidade observada completa de EBIT, capex, depreciação da DFC, variação do capital de giro operacional e adições de direitos de uso no mesmo período, base contábil e moeda: reinvestimento projetado por g ÷ RONIC, sem substituir ausência por zero"", ""nome"": ""reinvestimento observado""}]",edb7bb0feb868e624ceb30d6c269866f894657ca77aed45900409a605ba55aa9,https://github.com/arielassayag/MarketSummary/blob/af6eb0c93d7c14efaa49bd658c0a502f4e9aedb9/book/cobertura/2026-10-07/modelos/BR_BRAVA.json,não certificada por este inventário
BR_BTG,BTG Pactual,BR,Financials,banco,"[{""issuer_id"": ""BR_BTG"", ""issuer_name"": ""BTG Pactual"", ""country"": ""BR"", ""gics_sector"": ""Financials"", ""line_type"": ""LOCAL"", ""yahoo_ticker"": ""BPAC11.SA"", ""exchange"": ""B3"", ""currency"": ""BRL"", ""adr_ratio"": """", ""primary_line"": ""true"", ""notes"": ""classe Unit | Unit BPAC11""}]",BPAC11.SA,BRL,2026-10-07,Venda,A,True,60.3787,"[""rim"", ""pb_justificado"", ""regressao_pb_roe""]",[],[],True,False,BRL,BRL,[],"[""eps_fy1"", ""eps_fy2"", ""dps_12m""]","[""dps_12m""]",False,"[{""insumo"": ""margem_financeira"", ""motivo"": ""item defasado em relação ao último balanço: margem financeira (2023-12-31)"", ""nome"": ""margem financeira""}, {""insumo"": ""despesa_pdd"", ""motivo"": ""item defasado em relação ao último balanço: despesa de provisão para crédito (2023-12-31)"", ""nome"": ""despesa de provisão para crédito""}, {""insumo"": ""margem"", ""motivo"": ""ebit: valor ausente ou não finito; ebit: período de 12 meses não demonstrado; ebit: moeda da fonte não demonstrada; ebit: base contábil não demonstrada"", ""nome"": ""margem EBIT comparável""}, {""insumo"": ""margem_historica"", ""motivo"": ""pares anuais sem alinhamento/proveniência: 2021, 2022, 2023, 2024, 2025"", ""nome"": ""margem EBIT histórica comparável""}]",d9f731416597ec987bb0638b9055da1bb24eb4a69d370138c0a1797c7110413c,https://github.com/arielassayag/MarketSummary/blob/af6eb0c93d7c14efaa49bd658c0a502f4e9aedb9/book/cobertura/2026-10-07/modelos/BR_BTG.json,não certificada por este inventário
BR_CBA,Companhia Brasileira de Alumínio,BR,Materials,commodity,"[{""issuer_id"": ""BR_CBA"", ""issuer_name"": ""Companhia Brasileira de Aluminio"", ""country"": ""BR"", ""gics_sector"": ""Materials"", ""line_type"": ""LOCAL"", ""yahoo_ticker"": ""CBAV3.SA"", ""exchange"": ""B3"", ""currency"": ""BRL"", ""adr_ratio"": """", ""primary_line"": ""true"", ""notes"": ""classe ON | ADTV 3m < US$ 5 mi""}]",CBAV3.SA,BRL,2026-10-07,Neutro,C,True,5.62558,"[""fcff_normalizado"", ""rim"", ""regressao_ev_receita""]",[],"[""G16"", ""G18"", ""G20""]",True,False,BRL,BRL,[],"[""eps_fy1"", ""eps_fy2"", ""dps_12m""]","[""dps_12m""]",False,"[{""insumo"": ""reinvestimento"", ""motivo"": ""FCFF sem identidade observada completa de EBIT, capex, depreciação da DFC, variação do capital de giro operacional e adições de direitos de uso no mesmo período, base contábil e moeda: reinvestimento projetado por g ÷ RONIC, sem substituir ausência por zero"", ""nome"": ""reinvestimento observado""}]",512f4e01583a1cc7ae35d26b606d5eb7b3e086285d04deea181c96bfe3dc21b2,https://github.com/arielassayag/MarketSummary/blob/af6eb0c93d7c14efaa49bd658c0a502f4e9aedb9/book/cobertura/2026-10-07/modelos/BR_CBA.json,não certificada por este inventário
BR_CEA,C&A Modas,BR,Consumer Discretionary,corporativo,"[{""issuer_id"": ""BR_CEA"", ""issuer_name"": ""C&A Modas"", ""country"": ""BR"", ""gics_sector"": ""Consumer Discretionary"", ""line_type"": ""LOCAL"", ""yahoo_ticker"": ""CEAB3.SA"", ""exchange"": ""B3"", ""currency"": ""BRL"", ""adr_ratio"": """", ""primary_line"": ""true"", ""notes"": ""classe ON""}]",CEAB3.SA,BRL,2026-10-07,Compra,A,True,18.8701,"[""fcff"", ""rim"", ""multiplo_justificado""]",[],[],True,False,BRL,BRL,[],"[""eps_fy1"", ""eps_fy2"", ""dps_12m""]","[""dps_12m""]",False,"[{""insumo"": ""reinvestimento"", ""motivo"": ""FCFF sem identidade observada completa de EBIT, capex, depreciação da DFC, variação do capital de giro operacional e adições de direitos de uso no mesmo período, base contábil e moeda: reinvestimento projetado por g ÷ RONIC, sem substituir ausência por zero"", ""nome"": ""reinvestimento observado""}]",5c058e5ef14cb3278a2359419430a9edaf1ce1c699f688e35e8b33c5273282a9,https://github.com/arielassayag/MarketSummary/blob/af6eb0c93d7c14efaa49bd658c0a502f4e9aedb9/book/cobertura/2026-10-07/modelos/BR_CEA.json,não certificada por este inventário
BR_CEMIG,Cemig,BR,Utilities,utilidade_regulada,"[{""issuer_id"": ""BR_CEMIG"", ""issuer_name"": ""Cemig"", ""country"": ""BR"", ""gics_sector"": ""Utilities"", ""line_type"": ""LOCAL"", ""yahoo_ticker"": ""CMIG4.SA"", ""exchange"": ""B3"", ""currency"": ""BRL"", ""adr_ratio"": """", ""primary_line"": ""true"", ""notes"": ""classe PN | CIG = 1 PN""}, {""issuer_id"": ""BR_CEMIG"", ""issuer_name"": ""Cemig"", ""country"": ""BR"", ""gics_sector"": ""Utilities"", ""line_type"": ""ADR"", ""yahoo_ticker"": ""CIG"", ""exchange"": ""NYSE"", ""currency"": ""USD"", ""adr_ratio"": ""1"", ""primary_line"": ""false"", ""notes"": ""ADS = 1 ações locais | CIG = 1 PN | OK (implicito 0.979, desvio -2.1%, n=20)""}]",CMIG4.SA,BRL,2026-10-07,Compra,B,True,17.484,"[""rim_real"", ""ddm_real"", ""fcff_real"", ""regressao_pb_roe""]",[],[],True,False,BRL,BRL,[],"[""eps_fy1"", ""eps_fy2"", ""dps_12m""]","[""dps_12m""]",False,"[{""insumo"": ""g_receita_historico"", ""motivo"": ""crescimento histórico da receita com a receita de construção (não comparável com a base sem ela): não usado"", ""nome"": ""crescimento histórico da receita""}, {""insumo"": ""reinvestimento"", ""motivo"": ""FCFF sem identidade observada completa de EBIT, capex, depreciação da DFC, variação do capital de giro operacional e adições de direitos de uso no mesmo período, base contábil e moeda: reinvestimento projetado por g ÷ RONIC, sem substituir ausência por zero"", ""nome"": ""reinvestimento observado""}]",3535750432c55acc6ecb1f75403f1f42fe8cf9f389e8ba0ddd6bf74b844e85a4,https://github.com/arielassayag/MarketSummary/blob/af6eb0c93d7c14efaa49bd658c0a502f4e9aedb9/book/cobertura/2026-10-07/modelos/BR_CEMIG.json,não certificada por este inventário
BR_CMIN,CSN Mineração,BR,Materials,commodity,"[{""issuer_id"": ""BR_CMIN"", ""issuer_name"": ""CSN Mineracao"", ""country"": ""BR"", ""gics_sector"": ""Materials"", ""line_type"": ""LOCAL"", ""yahoo_ticker"": ""CMIN3.SA"", ""exchange"": ""B3"", ""currency"": ""BRL"", ""adr_ratio"": """", ""primary_line"": ""true"", ""notes"": ""classe ON""}]",CMIN3.SA,BRL,2026-10-07,Compra,B,True,6.72943,"[""fcff_normalizado"", ""rim"", ""regressao_ev_receita""]",[],[],True,False,BRL,BRL,[],"[""eps_fy1"", ""eps_fy2"", ""dps_12m""]","[""dps_12m""]",False,"[{""insumo"": ""reinvestimento"", ""motivo"": ""FCFF sem identidade observada completa de EBIT, capex, depreciação da DFC, variação do capital de giro operacional e adições de direitos de uso no mesmo período, base contábil e moeda: reinvestimento projetado por g ÷ RONIC, sem substituir ausência por zero"", ""nome"": ""reinvestimento observado""}]",ac488fd998f5a7b442ab51704117f590e0c6e0fa88e07028b785fa16a5ec4d5f,https://github.com/arielassayag/MarketSummary/blob/af6eb0c93d7c14efaa49bd658c0a502f4e9aedb9/book/cobertura/2026-10-07/modelos/BR_CMIN.json,não certificada por este inventário
BR_COGNA,Cogna,BR,Consumer Discretionary,corporativo,"[{""issuer_id"": ""BR_COGNA"", ""issuer_name"": ""Cogna"", ""country"": ""BR"", ""gics_sector"": ""Consumer Discretionary"", ""line_type"": ""LOCAL"", ""yahoo_ticker"": ""COGN3.SA"", ""exchange"": ""B3"", ""currency"": ""BRL"", ""adr_ratio"": """", ""primary_line"": ""true"", ""notes"": ""classe ON""}]",COGN3.SA,BRL,2026-10-07,Neutro,B,True,3.30569,"[""fcff"", ""rim"", ""multiplo_justificado""]",[],[],True,False,BRL,BRL,[],"[""eps_fy1"", ""eps_fy2"", ""dps_12m""]","[""dps_12m""]",False,"[{""insumo"": ""reinvestimento"", ""motivo"": ""FCFF sem identidade observada completa de EBIT, capex, depreciação da DFC, variação do capital de giro operacional e adições de direitos de uso no mesmo período, base contábil e moeda: reinvestimento projetado por g ÷ RONIC, sem substituir ausência por zero"", ""nome"": ""reinvestimento observado""}]",f07d24fa0288dd927055ffd448af004f7efb33c1b6ec6105746f40a907cacc09,https://github.com/arielassayag/MarketSummary/blob/af6eb0c93d7c14efaa49bd658c0a502f4e9aedb9/book/cobertura/2026-10-07/modelos/BR_COGNA.json,não certificada por este inventário
BR_COMPASS,Compass Gás e Energia,BR,Utilities,utilidade_regulada,"[{""issuer_id"": ""BR_COMPASS"", ""issuer_name"": ""Compass Gas e Energia"", ""country"": ""BR"", ""gics_sector"": ""Utilities"", ""line_type"": ""LOCAL"", ""yahoo_ticker"": ""PASS3.SA"", ""exchange"": ""B3"", ""currency"": ""BRL"", ""adr_ratio"": """", ""primary_line"": ""true"", ""notes"": ""classe ON | IPO na B3 em 11/05/2026 (PASS3) | histórico válido desde 2026-05-11""}]",PASS3.SA,BRL,2026-10-07,Neutro,B,True,27.7138,"[""rim_real"", ""ddm_real"", ""fcff_real""]",[],[],True,False,BRL,BRL,[],"[""eps_fy1"", ""eps_fy2""]",[],False,"[{""insumo"": ""reinvestimento"", ""motivo"": ""FCFF sem identidade observada completa de EBIT, capex, depreciação da DFC, variação do capital de giro operacional e adições de direitos de uso no mesmo período, base contábil e moeda: reinvestimento projetado por g ÷ RONIC, sem substituir ausência por zero"", ""nome"": ""reinvestimento observado""}, {""insumo"": ""metodo.fcff_real"", ""motivo"": ""valor terminal responde por 95% do valor (acima de 95%)"", ""nome"": ""Fluxo de caixa livre da firma em termos reais""}, {""insumo"": ""metodo.regressao_pb_roe"", ""motivo"": ""fundamentos do emissor incompletos para a regressão"", ""nome"": ""P/VPA de regressão transversal (ROE, crescimento, β, payout)""}]",b8f7481532302cd385eec381a4ce73cf66521b56bf05f177ad26d0bb49d4f252,https://github.com/arielassayag/MarketSummary/blob/af6eb0c93d7c14efaa49bd658c0a502f4e9aedb9/book/cobertura/2026-10-07/modelos/BR_COMPASS.json,não certificada por este inventário
BR_COPASA,Copasa,BR,Utilities,utilidade_regulada,"[{""issuer_id"": ""BR_COPASA"", ""issuer_name"": ""Copasa"", ""country"": ""BR"", ""gics_sector"": ""Utilities"", ""line_type"": ""LOCAL"", ""yahoo_ticker"": ""CSMG3.SA"", ""exchange"": ""B3"", ""currency"": ""BRL"", ""adr_ratio"": """", ""primary_line"": ""true"", ""notes"": ""classe ON""}]",CSMG3.SA,BRL,2026-10-07,Venda,A,True,45.6716,"[""rim_real"", ""ddm_real"", ""fcff_real"", ""regressao_pb_roe""]",[],[],True,False,BRL,BRL,[],"[""eps_fy1"", ""eps_fy2"", ""dps_12m""]","[""dps_12m""]",False,"[{""insumo"": ""reinvestimento"", ""motivo"": ""FCFF sem identidade observada completa de EBIT, capex, depreciação da DFC, variação do capital de giro operacional e adições de direitos de uso no mesmo período, base contábil e moeda: reinvestimento projetado por g ÷ RONIC, sem substituir ausência por zero"", ""nome"": ""reinvestimento observado""}]",759923cd0732b35ef97924bb7d7a0e04f8614958073507dae4e00a3a0256ea18,https://github.com/arielassayag/MarketSummary/blob/af6eb0c93d7c14efaa49bd658c0a502f4e9aedb9/book/cobertura/2026-10-07/modelos/BR_COPASA.json,não certificada por este inventário
BR_COPEL,Copel,BR,Utilities,utilidade_regulada,"[{""issuer_id"": ""BR_COPEL"", ""issuer_name"": ""Copel"", ""country"": ""BR"", ""gics_sector"": ""Utilities"", ""line_type"": ""LOCAL"", ""yahoo_ticker"": ""CPLE3.SA"", ""exchange"": ""B3"", ""currency"": ""BRL"", ""adr_ratio"": """", ""primary_line"": ""true"", ""notes"": ""classe ON | Novo Mercado 22/12/2025 (so ON CPLE3); ADS ELP (PNB) trocado por ELPC (4 ON) em 26/12/2025""}, {""issuer_id"": ""BR_COPEL"", ""issuer_name"": ""Copel"", ""country"": ""BR"", ""gics_sector"": ""Utilities"", ""line_type"": ""ADR"", ""yahoo_ticker"": ""ELPC"", ""exchange"": ""NYSE"", ""currency"": ""USD"", ""adr_ratio"": ""4"", ""primary_line"": ""false"", ""notes"": ""ADS = 4 ações locais | Novo Mercado 22/12/2025 (so ON CPLE3); ADS ELP (PNB) trocado por ELPC (4 ON) em 26/12/2025 | OK (implicito 4.004, desvio +0.1%, n=20) | histórico válido desde 2023-12-29""}]",CPLE3.SA,BRL,2026-10-07,Venda,A,True,13.6869,"[""rim_real"", ""ddm_real"", ""fcff_real"", ""regressao_pb_roe""]",[],[],True,False,BRL,BRL,[],"[""eps_fy1"", ""eps_fy2"", ""dps_12m""]","[""dps_12m""]",False,"[{""insumo"": ""g_receita_historico"", ""motivo"": ""crescimento histórico da receita com a receita de construção (não comparável com a base sem ela): não usado"", ""nome"": ""crescimento histórico da receita""}, {""insumo"": ""reinvestimento"", ""motivo"": ""FCFF sem identidade observada completa de EBIT, capex, depreciação da DFC, variação do capital de giro operacional e adições de direitos de uso no mesmo período, base contábil e moeda: reinvestimento projetado por g ÷ RONIC, sem substituir ausência por zero"", ""nome"": ""reinvestimento observado""}]",460c0832cf1c1e50b8d2721a5ac7fe9893da2ad64060ab468242419de9bf3fc3,https://github.com/arielassayag/MarketSummary/blob/af6eb0c93d7c14efaa49bd658c0a502f4e9aedb9/book/cobertura/2026-10-07/modelos/BR_COPEL.json,não certificada por este inventário
BR_COSAN,Cosan,BR,Energy,holding,"[{""issuer_id"": ""BR_COSAN"", ""issuer_name"": ""Cosan"", ""country"": ""BR"", ""gics_sector"": ""Energy"", ""line_type"": ""LOCAL"", ""yahoo_ticker"": ""CSAN3.SA"", ""exchange"": ""B3"", ""currency"": ""BRL"", ""adr_ratio"": """", ""primary_line"": ""true"", ""notes"": ""classe ON | CSAN ADR = 4 ON | ADR CSAN deslistado da NYSE (ultimo pregao 18/09/2026; OTC Level I) - fora do universo""}]",CSAN3.SA,BRL,2026-10-07,Neutro,C,True,4.69019,"[""soma_partes""]",[],[],True,False,BRL,BRL,[],"[""eps_fy1"", ""eps_fy2"", ""dps_12m""]","[""dps_12m""]",True,"[{""insumo"": ""g_receita_fy1"", ""motivo"": ""receita de consenso do ano 1 = 3,97× a receita de 12 meses (fora de 0,5–2×): unidade, moeda ou perímetro diferentes; não usada"", ""nome"": ""g receita fy1""}, {""insumo"": ""reinvestimento"", ""motivo"": ""FCFF sem identidade observada completa de EBIT, capex, depreciação da DFC, variação do capital de giro operacional e adições de direitos de uso no mesmo período, base contábil e moeda: reinvestimento projetado por g ÷ RONIC, sem substituir ausência por zero"", ""nome"": ""reinvestimento observado""}]",a5166ce457f43a9342a709a895b126007c12d2140764cfcda64962fd5400eb61,https://github.com/arielassayag/MarketSummary/blob/af6eb0c93d7c14efaa49bd658c0a502f4e9aedb9/book/cobertura/2026-10-07/modelos/BR_COSAN.json,não certificada por este inventário
BR_CPFL,CPFL Energia,BR,Utilities,utilidade_regulada,"[{""issuer_id"": ""BR_CPFL"", ""issuer_name"": ""CPFL Energia"", ""country"": ""BR"", ""gics_sector"": ""Utilities"", ""line_type"": ""LOCAL"", ""yahoo_ticker"": ""CPFE3.SA"", ""exchange"": ""B3"", ""currency"": ""BRL"", ""adr_ratio"": """", ""primary_line"": ""true"", ""notes"": ""classe ON""}]",CPFE3.SA,BRL,2026-10-07,Compra,B,True,65.4832,"[""rim_real"", ""ddm_real"", ""fcff_real"", ""regressao_pb_roe""]",[],[],True,False,BRL,BRL,[],"[""eps_fy1"", ""eps_fy2"", ""dps_12m""]","[""dps_12m""]",False,"[{""insumo"": ""g_receita_historico"", ""motivo"": ""crescimento histórico da receita com a receita de construção (não comparável com a base sem ela): não usado"", ""nome"": ""crescimento histórico da receita""}, {""insumo"": ""reinvestimento"", ""motivo"": ""FCFF sem identidade observada completa de EBIT, capex, depreciação da DFC, variação do capital de giro operacional e adições de direitos de uso no mesmo período, base contábil e moeda: reinvestimento projetado por g ÷ RONIC, sem substituir ausência por zero"", ""nome"": ""reinvestimento observado""}]",491a35b688818f14a176c0058e708f05717476452f5aa19d4cce72e336400dee,https://github.com/arielassayag/MarketSummary/blob/af6eb0c93d7c14efaa49bd658c0a502f4e9aedb9/book/cobertura/2026-10-07/modelos/BR_CPFL.json,não certificada por este inventário
BR_CSN,CSN Siderúrgica Nacional,BR,Materials,commodity,"[{""issuer_id"": ""BR_CSN"", ""issuer_name"": ""CSN Siderurgica Nacional"", ""country"": ""BR"", ""gics_sector"": ""Materials"", ""line_type"": ""LOCAL"", ""yahoo_ticker"": ""CSNA3.SA"", ""exchange"": ""B3"", ""currency"": ""BRL"", ""adr_ratio"": """", ""primary_line"": ""true"", ""notes"": ""classe ON""}, {""issuer_id"": ""BR_CSN"", ""issuer_name"": ""CSN Siderurgica Nacional"", ""country"": ""BR"", ""gics_sector"": ""Materials"", ""line_type"": ""ADR"", ""yahoo_ticker"": ""SID"", ""exchange"": ""NYSE"", ""currency"": ""USD"", ""adr_ratio"": ""1"", ""primary_line"": ""false"", ""notes"": ""ADS = 1 ações locais | OK (implicito 0.963, desvio -3.7%, n=20)""}]",CSNA3.SA,BRL,2026-10-07,Neutro,C,True,8.03402,"[""rim""]",[],[],True,False,BRL,BRL,[],"[""eps_fy1"", ""eps_fy2"", ""dps_12m""]","[""dps_12m""]",True,"[{""insumo"": ""reinvestimento"", ""motivo"": ""FCFF sem identidade observada completa de EBIT, capex, depreciação da DFC, variação do capital de giro operacional e adições de direitos de uso no mesmo período, base contábil e moeda: reinvestimento projetado por g ÷ RONIC, sem substituir ausência por zero"", ""nome"": ""reinvestimento observado""}, {""insumo"": ""metodo.fcff_normalizado"", ""motivo"": ""valor do patrimônio não positivo (dissidência: conta na dispersão como zero)"", ""nome"": ""Fluxo de caixa livre com margem ao longo do ciclo""}, {""insumo"": ""metodo.regressao_ev_receita"", ""motivo"": ""valor do patrimônio não positivo (dissidência: conta na dispersão como zero)"", ""nome"": ""EV/Receita de regressão transversal (margem, crescimento, alavancagem)""}]",cfca851e6eb4e6e536d55d4c6b00cc410d14ce530580121cb6097cf72975d45b,https://github.com/arielassayag/MarketSummary/blob/af6eb0c93d7c14efaa49bd658c0a502f4e9aedb9/book/cobertura/2026-10-07/modelos/BR_CSN.json,não certificada por este inventário
BR_CURY,Cury,BR,Consumer Discretionary,imobiliario,"[{""issuer_id"": ""BR_CURY"", ""issuer_name"": ""Cury"", ""country"": ""BR"", ""gics_sector"": ""Consumer Discretionary"", ""line_type"": ""LOCAL"", ""yahoo_ticker"": ""CURY3.SA"", ""exchange"": ""B3"", ""currency"": ""BRL"", ""adr_ratio"": """", ""primary_line"": ""true"", ""notes"": ""classe ON""}]",CURY3.SA,BRL,2026-10-07,Neutro,B,True,24.2387,"[""rim"", ""regressao_pb_roe""]",[],[],True,False,BRL,BRL,[],"[""eps_fy1"", ""eps_fy2"", ""dps_12m""]","[""dps_12m""]",True,"[{""insumo"": ""g_receita_historico"", ""motivo"": ""crescimento histórico da receita de 31,9% fora da faixa plausível (provável efeito contábil): não usado"", ""nome"": ""crescimento histórico da receita""}, {""insumo"": ""reinvestimento"", ""motivo"": ""FCFF sem identidade observada completa de EBIT, capex, depreciação da DFC, variação do capital de giro operacional e adições de direitos de uso no mesmo período, base contábil e moeda: reinvestimento projetado por g ÷ RONIC, sem substituir ausência por zero"", ""nome"": ""reinvestimento observado""}]",e2aab50617eb17642f9717fc3bf957758a6973c63b55cf0466162bcabf0c373d,https://github.com/arielassayag/MarketSummary/blob/af6eb0c93d7c14efaa49bd658c0a502f4e9aedb9/book/cobertura/2026-10-07/modelos/BR_CURY.json,não certificada por este inventário
BR_CVC,CVC Brasil,BR,Consumer Discretionary,corporativo,"[{""issuer_id"": ""BR_CVC"", ""issuer_name"": ""CVC Brasil"", ""country"": ""BR"", ""gics_sector"": ""Consumer Discretionary"", ""line_type"": ""LOCAL"", ""yahoo_ticker"": ""CVCB3.SA"", ""exchange"": ""B3"", ""currency"": ""BRL"", ""adr_ratio"": """", ""primary_line"": ""true"", ""notes"": ""classe ON | ADTV 3m < US$ 5 mi""}]",CVCB3.SA,BRL,2026-10-07,Em revisão,C,False,4.03363,"[""fcff"", ""rim"", ""multiplo_justificado""]","[""G11""]","[""G18""]",True,False,BRL,BRL,[],"[""eps_fy1"", ""eps_fy2"", ""dps_12m""]","[""dps_12m""]",False,"[{""insumo"": ""recompras"", ""motivo"": ""item defasado em relação ao último balanço: recompra de ações (2021-12-31)"", ""nome"": ""recompra de ações""}, {""insumo"": ""reinvestimento"", ""motivo"": ""FCFF sem identidade observada completa de EBIT, capex, depreciação da DFC, variação do capital de giro operacional e adições de direitos de uso no mesmo período, base contábil e moeda: reinvestimento projetado por g ÷ RONIC, sem substituir ausência por zero"", ""nome"": ""reinvestimento observado""}]",66654b5f27b08384fded66071fbbf04c28121757d8bad0144e1d605d588f36b1,https://github.com/arielassayag/MarketSummary/blob/af6eb0c93d7c14efaa49bd658c0a502f4e9aedb9/book/cobertura/2026-10-07/modelos/BR_CVC.json,não certificada por este inventário
BR_CXSEG,Caixa Seguridade,BR,Financials,seguradora,"[{""issuer_id"": ""BR_CXSEG"", ""issuer_name"": ""Caixa Seguridade"", ""country"": ""BR"", ""gics_sector"": ""Financials"", ""line_type"": ""LOCAL"", ""yahoo_ticker"": ""CXSE3.SA"", ""exchange"": ""B3"", ""currency"": ""BRL"", ""adr_ratio"": """", ""primary_line"": ""true"", ""notes"": ""classe ON""}]",CXSE3.SA,BRL,2026-10-07,Venda,B,True,16.6387,"[""ddm"", ""rim""]",[],[],True,False,BRL,BRL,[],"[""eps_fy1"", ""eps_fy2"", ""dps_12m""]","[""dps_12m""]",False,"[{""insumo"": ""margem"", ""motivo"": ""receita não positiva: margem indisponível"", ""nome"": ""margem EBIT comparável""}, {""insumo"": ""margem_historica"", ""motivo"": ""pares anuais sem alinhamento/proveniência: 2021, 2022, 2023, 2024, 2025"", ""nome"": ""margem EBIT histórica comparável""}, {""insumo"": ""metodo.regressao_pl"", ""motivo"": ""regressão transversal indisponível (R² de 0,18 abaixo do mínimo de 0,25)"", ""nome"": ""P/L de regressão transversal (crescimento, payout, β)""}]",bb25d229c63fefbb8485d83488fb823c18eea793427908887e8e405ffd4bc653,https://github.com/arielassayag/MarketSummary/blob/af6eb0c93d7c14efaa49bd658c0a502f4e9aedb9/book/cobertura/2026-10-07/modelos/BR_CXSEG.json,não certificada por este inventário
BR_CYRELA,Cyrela,BR,Consumer Discretionary,imobiliario,"[{""issuer_id"": ""BR_CYRELA"", ""issuer_name"": ""Cyrela"", ""country"": ""BR"", ""gics_sector"": ""Consumer Discretionary"", ""line_type"": ""LOCAL"", ""yahoo_ticker"": ""CYRE3.SA"", ""exchange"": ""B3"", ""currency"": ""BRL"", ""adr_ratio"": """", ""primary_line"": ""true"", ""notes"": ""classe ON""}]",CYRE3.SA,BRL,2026-10-07,Compra,B,True,56.0477,"[""rim"", ""regressao_pb_roe""]",[],[],True,False,BRL,BRL,[],"[""eps_fy1"", ""eps_fy2"", ""dps_12m""]","[""dps_12m""]",True,"[{""insumo"": ""reinvestimento"", ""motivo"": ""FCFF sem identidade observada completa de EBIT, capex, depreciação da DFC, variação do capital de giro operacional e adições de direitos de uso no mesmo período, base contábil e moeda: reinvestimento projetado por g ÷ RONIC, sem substituir ausência por zero"", ""nome"": ""reinvestimento observado""}]",3883d6039f43930bdbd1e7d4656ec97513f9248d360264efc1f779902ff5ba1d,https://github.com/arielassayag/MarketSummary/blob/af6eb0c93d7c14efaa49bd658c0a502f4e9aedb9/book/cobertura/2026-10-07/modelos/BR_CYRELA.json,não certificada por este inventário
BR_DIRECIONAL,Direcional,BR,Consumer Discretionary,imobiliario,"[{""issuer_id"": ""BR_DIRECIONAL"", ""issuer_name"": ""Direcional"", ""country"": ""BR"", ""gics_sector"": ""Consumer Discretionary"", ""line_type"": ""LOCAL"", ""yahoo_ticker"": ""DIRR3.SA"", ""exchange"": ""B3"", ""currency"": ""BRL"", ""adr_ratio"": """", ""primary_line"": ""true"", ""notes"": ""classe ON""}]",DIRR3.SA,BRL,2026-10-07,Neutro,B,True,12.4435,"[""rim"", ""regressao_pb_roe""]",[],[],True,False,BRL,BRL,[],"[""eps_fy1"", ""eps_fy2"", ""dps_12m""]","[""dps_12m""]",True,"[{""insumo"": ""reinvestimento"", ""motivo"": ""FCFF sem identidade observada completa de EBIT, capex, depreciação da DFC, variação do capital de giro operacional e adições de direitos de uso no mesmo período, base contábil e moeda: reinvestimento projetado por g ÷ RONIC, sem substituir ausência por zero"", ""nome"": ""reinvestimento observado""}]",c456ad9da4aa517baea9bd288b8b80ed153af55bab266d75ff7aa91b7fd35d1e,https://github.com/arielassayag/MarketSummary/blob/af6eb0c93d7c14efaa49bd658c0a502f4e9aedb9/book/cobertura/2026-10-07/modelos/BR_DIRECIONAL.json,não certificada por este inventário
BR_ECORODOVIAS,EcoRodovias,BR,Industrials,concessao,"[{""issuer_id"": ""BR_ECORODOVIAS"", ""issuer_name"": ""EcoRodovias"", ""country"": ""BR"", ""gics_sector"": ""Industrials"", ""line_type"": ""LOCAL"", ""yahoo_ticker"": ""ECOR3.SA"", ""exchange"": ""B3"", ""currency"": ""BRL"", ""adr_ratio"": """", ""primary_line"": ""true"", ""notes"": ""classe ON""}]",ECOR3.SA,BRL,2026-10-07,Neutro,C,True,20.4683,"[""fcff_vida_finita"", ""rim""]",[],"[""G20""]",True,False,BRL,BRL,[],"[""eps_fy1"", ""eps_fy2"", ""dps_12m""]","[""dps_12m""]",False,"[{""insumo"": ""g_receita_historico"", ""motivo"": ""crescimento histórico da receita com a receita de construção (não comparável com a base sem ela): não usado"", ""nome"": ""crescimento histórico da receita""}, {""insumo"": ""reinvestimento"", ""motivo"": ""FCFF sem identidade observada completa de EBIT, capex, depreciação da DFC, variação do capital de giro operacional e adições de direitos de uso no mesmo período, base contábil e moeda: reinvestimento projetado por g ÷ RONIC, sem substituir ausência por zero"", ""nome"": ""reinvestimento observado""}]",492872bf2fb491677a445c9d6c743edef2ec3443580a078df35931d8d5ee0a77,https://github.com/arielassayag/MarketSummary/blob/af6eb0c93d7c14efaa49bd658c0a502f4e9aedb9/book/cobertura/2026-10-07/modelos/BR_ECORODOVIAS.json,não certificada por este inventário
BR_EMBRAER,Embraer,BR,Industrials,corporativo,"[{""issuer_id"": ""BR_EMBRAER"", ""issuer_name"": ""Embraer"", ""country"": ""BR"", ""gics_sector"": ""Industrials"", ""line_type"": ""LOCAL"", ""yahoo_ticker"": ""EMBJ3.SA"", ""exchange"": ""B3"", ""currency"": ""BRL"", ""adr_ratio"": """", ""primary_line"": ""true"", ""notes"": ""classe ON | Ticker mudou 03/11/2025: EMBR3->EMBJ3, ERJ->EMBJ (1 ADS = 4 ON)""}, {""issuer_id"": ""BR_EMBRAER"", ""issuer_name"": ""Embraer"", ""country"": ""BR"", ""gics_sector"": ""Industrials"", ""line_type"": ""ADR"", ""yahoo_ticker"": ""EMBJ"", ""exchange"": ""NYSE"", ""currency"": ""USD"", ""adr_ratio"": ""4"", ""primary_line"": ""false"", ""notes"": ""ADS = 4 ações locais | Ticker mudou 03/11/2025: EMBR3->EMBJ3, ERJ->EMBJ (1 ADS = 4 ON) | OK (implicito 3.981, desvio -0.5%, n=20)""}]",EMBJ3.SA,BRL,2026-10-07,Venda,B,True,62.3054,"[""fcff"", ""rim"", ""multiplo_justificado""]",[],[],True,False,BRL,USD,[],"[""eps_fy1"", ""eps_fy2"", ""dps_12m""]","[""dps_12m""]",False,"[{""insumo"": ""recompras"", ""motivo"": ""item defasado em relação ao último balanço: recompra de ações (2022-12-31)"", ""nome"": ""recompra de ações""}, {""insumo"": ""reinvestimento"", ""motivo"": ""FCFF sem identidade observada completa de EBIT, capex, depreciação da DFC, variação do capital de giro operacional e adições de direitos de uso no mesmo período, base contábil e moeda: reinvestimento projetado por g ÷ RONIC, sem substituir ausência por zero"", ""nome"": ""reinvestimento observado""}]",d74b36f393bf680bf5a72f0877ee0c0451e8ef053d847f59d6ef3ba4b5aec2e7,https://github.com/arielassayag/MarketSummary/blob/af6eb0c93d7c14efaa49bd658c0a502f4e9aedb9/book/cobertura/2026-10-07/modelos/BR_EMBRAER.json,não certificada por este inventário
BR_ENERGISA,Energisa,BR,Utilities,utilidade_regulada,"[{""issuer_id"": ""BR_ENERGISA"", ""issuer_name"": ""Energisa"", ""country"": ""BR"", ""gics_sector"": ""Utilities"", ""line_type"": ""LOCAL"", ""yahoo_ticker"": ""ENGI11.SA"", ""exchange"": ""B3"", ""currency"": ""BRL"", ""adr_ratio"": """", ""primary_line"": ""true"", ""notes"": ""classe Unit | Unit ENGI11""}]",ENGI11.SA,BRL,2026-10-07,Venda,B,True,54.5327,"[""rim_real"", ""ddm_real"", ""fcff_real"", ""regressao_pb_roe""]",[],"[""G18""]",True,False,BRL,BRL,[],"[""eps_fy1"", ""eps_fy2"", ""dps_12m""]","[""dps_12m""]",False,"[{""insumo"": ""g_receita_historico"", ""motivo"": ""crescimento histórico da receita com a receita de construção (não comparável com a base sem ela): não usado"", ""nome"": ""crescimento histórico da receita""}, {""insumo"": ""reinvestimento"", ""motivo"": ""FCFF sem identidade observada completa de EBIT, capex, depreciação da DFC, variação do capital de giro operacional e adições de direitos de uso no mesmo período, base contábil e moeda: reinvestimento projetado por g ÷ RONIC, sem substituir ausência por zero"", ""nome"": ""reinvestimento observado""}]",4ef21bf42c3297b719963d46c36bb17843ed1b23120830915fe732fb6e9a4047,https://github.com/arielassayag/MarketSummary/blob/af6eb0c93d7c14efaa49bd658c0a502f4e9aedb9/book/cobertura/2026-10-07/modelos/BR_ENERGISA.json,não certificada por este inventário
BR_ENEVA,Eneva,BR,Utilities,utilidade_regulada,"[{""issuer_id"": ""BR_ENEVA"", ""issuer_name"": ""Eneva"", ""country"": ""BR"", ""gics_sector"": ""Utilities"", ""line_type"": ""LOCAL"", ""yahoo_ticker"": ""ENEV3.SA"", ""exchange"": ""B3"", ""currency"": ""BRL"", ""adr_ratio"": """", ""primary_line"": ""true"", ""notes"": ""classe ON""}]",ENEV3.SA,BRL,2026-10-07,Neutro,C,True,13.0328,"[""rim_real"", ""fcff_real"", ""regressao_pb_roe""]",[],"[""G5"", ""G11""]",True,False,BRL,BRL,[],"[""eps_fy1"", ""eps_fy2"", ""dps_12m""]","[""dps_12m""]",False,"[{""insumo"": ""g_receita_historico"", ""motivo"": ""crescimento histórico da receita com a receita de construção (não comparável com a base sem ela): não usado"", ""nome"": ""crescimento histórico da receita""}, {""insumo"": ""reinvestimento"", ""motivo"": ""FCFF sem identidade observada completa de EBIT, capex, depreciação da DFC, variação do capital de giro operacional e adições de direitos de uso no mesmo período, base contábil e moeda: reinvestimento projetado por g ÷ RONIC, sem substituir ausência por zero"", ""nome"": ""reinvestimento observado""}, {""insumo"": ""metodo.ddm_real"", ""motivo"": ""LPA positivo, payout ou ROE sustentável indisponível"", ""nome"": ""Dividendos descontados em termos reais""}]",4667e549f913e155b7f8fb48d6c30ac88f275236e3adb65bea00e0e9cb28f2b1,https://github.com/arielassayag/MarketSummary/blob/af6eb0c93d7c14efaa49bd658c0a502f4e9aedb9/book/cobertura/2026-10-07/modelos/BR_ENEVA.json,não certificada por este inventário
BR_ENGIE,Engie Brasil Energia,BR,Utilities,utilidade_regulada,"[{""issuer_id"": ""BR_ENGIE"", ""issuer_name"": ""Engie Brasil Energia"", ""country"": ""BR"", ""gics_sector"": ""Utilities"", ""line_type"": ""LOCAL"", ""yahoo_ticker"": ""EGIE3.SA"", ""exchange"": ""B3"", ""currency"": ""BRL"", ""adr_ratio"": """", ""primary_line"": ""true"", ""notes"": ""classe ON""}]",EGIE3.SA,BRL,2026-10-07,Neutro,C,True,27.9482,"[""rim_real"", ""ddm_real"", ""fcff_real"", ""regressao_pb_roe""]",[],"[""G17""]",True,False,BRL,BRL,[],"[""eps_fy1"", ""eps_fy2"", ""dps_12m""]","[""dps_12m""]",False,"[{""insumo"": ""reinvestimento"", ""motivo"": ""FCFF sem identidade observada completa de EBIT, capex, depreciação da DFC, variação do capital de giro operacional e adições de direitos de uso no mesmo período, base contábil e moeda: reinvestimento projetado por g ÷ RONIC, sem substituir ausência por zero"", ""nome"": ""reinvestimento observado""}]",0e0e3a691fd91a2effb6ff0e2bb1d30238321ef7986383ee6855fff274392d31,https://github.com/arielassayag/MarketSummary/blob/af6eb0c93d7c14efaa49bd658c0a502f4e9aedb9/book/cobertura/2026-10-07/modelos/BR_ENGIE.json,não certificada por este inventário
BR_EQUATORIAL,Equatorial,BR,Utilities,utilidade_regulada,"[{""issuer_id"": ""BR_EQUATORIAL"", ""issuer_name"": ""Equatorial"", ""country"": ""BR"", ""gics_sector"": ""Utilities"", ""line_type"": ""LOCAL"", ""yahoo_ticker"": ""EQTL3.SA"", ""exchange"": ""B3"", ""currency"": ""BRL"", ""adr_ratio"": """", ""primary_line"": ""true"", ""notes"": ""classe ON""}]",EQTL3.SA,BRL,2026-10-07,Venda,B,True,26.778,"[""rim_real"", ""ddm_real"", ""fcff_real"", ""regressao_pb_roe""]",[],"[""G18""]",True,False,BRL,BRL,[],"[""eps_fy1"", ""eps_fy2"", ""dps_12m""]","[""dps_12m""]",False,"[{""insumo"": ""g_receita_historico"", ""motivo"": ""crescimento histórico da receita com a receita de construção (não comparável com a base sem ela): não usado"", ""nome"": ""crescimento histórico da receita""}, {""insumo"": ""reinvestimento"", ""motivo"": ""FCFF sem identidade observada completa de EBIT, capex, depreciação da DFC, variação do capital de giro operacional e adições de direitos de uso no mesmo período, base contábil e moeda: reinvestimento projetado por g ÷ RONIC, sem substituir ausência por zero"", ""nome"": ""reinvestimento observado""}]",f2f9d8ebfdffbeacdb208eedea018924238c1d1bc7be7c03bd1f66a508ef003f,https://github.com/arielassayag/MarketSummary/blob/af6eb0c93d7c14efaa49bd658c0a502f4e9aedb9/book/cobertura/2026-10-07/modelos/BR_EQUATORIAL.json,não certificada por este inventário
BR_ERO,Ero Copper,BR,Materials,commodity,"[{""issuer_id"": ""BR_ERO"", ""issuer_name"": ""Ero Copper"", ""country"": ""BR"", ""gics_sector"": ""Materials"", ""line_type"": ""US_LISTED"", ""yahoo_ticker"": ""ERO"", ""exchange"": ""NYSE"", ""currency"": ""USD"", ""adr_ratio"": """", ""primary_line"": ""true"", ""notes"": ""Canada; ativos no Brasil""}]",ERO,USD,2026-10-07,Neutro,B,True,30.4586,"[""fcff_normalizado"", ""rim"", ""regressao_ev_receita""]",[],[],False,True,USD,USD,[],"[""eps_fy1"", ""eps_fy2""]",[],False,"[{""insumo"": ""aplicacoes_cp"", ""motivo"": ""item defasado em relação ao último balanço: aplicações financeiras de curto prazo (2023-12-31)"", ""nome"": ""aplicações financeiras de curto prazo""}, {""insumo"": ""g_receita_historico"", ""motivo"": ""crescimento histórico da receita de 122,2% fora da faixa plausível (provável efeito contábil): não usado"", ""nome"": ""crescimento histórico da receita""}, {""insumo"": ""reinvestimento"", ""motivo"": ""FCFF sem identidade observada completa de EBIT, capex, depreciação da DFC, variação do capital de giro operacional e adições de direitos de uso no mesmo período, base contábil e moeda: reinvestimento projetado por g ÷ RONIC, sem substituir ausência por zero"", ""nome"": ""reinvestimento observado""}]",3984facaf34da2c0e89ff30f4cb8c42ed3204a6d4713fd26ab02dc74d71ab9e8,https://github.com/arielassayag/MarketSummary/blob/af6eb0c93d7c14efaa49bd658c0a502f4e9aedb9/book/cobertura/2026-10-07/modelos/BR_ERO.json,não certificada por este inventário
BR_EZTEC,EZTec,BR,Consumer Discretionary,imobiliario,"[{""issuer_id"": ""BR_EZTEC"", ""issuer_name"": ""EZTec"", ""country"": ""BR"", ""gics_sector"": ""Consumer Discretionary"", ""line_type"": ""LOCAL"", ""yahoo_ticker"": ""EZTC3.SA"", ""exchange"": ""B3"", ""currency"": ""BRL"", ""adr_ratio"": """", ""primary_line"": ""true"", ""notes"": ""classe ON""}]",EZTC3.SA,BRL,2026-10-07,Compra,B,True,28.2584,"[""rim"", ""regressao_pb_roe""]",[],[],True,False,BRL,BRL,[],"[""eps_fy1"", ""eps_fy2"", ""dps_12m""]","[""dps_12m""]",True,"[{""insumo"": ""reinvestimento"", ""motivo"": ""FCFF sem identidade observada completa de EBIT, capex, depreciação da DFC, variação do capital de giro operacional e adições de direitos de uso no mesmo período, base contábil e moeda: reinvestimento projetado por g ÷ RONIC, sem substituir ausência por zero"", ""nome"": ""reinvestimento observado""}]",96613792df2df72ecb0ac1177ef17380f6da625fc0d4616b8a868a2f94dc06f6,https://github.com/arielassayag/MarketSummary/blob/af6eb0c93d7c14efaa49bd658c0a502f4e9aedb9/book/cobertura/2026-10-07/modelos/BR_EZTEC.json,não certificada por este inventário
BR_FLEURY,Fleury,BR,Health Care,corporativo,"[{""issuer_id"": ""BR_FLEURY"", ""issuer_name"": ""Fleury"", ""country"": ""BR"", ""gics_sector"": ""Health Care"", ""line_type"": ""LOCAL"", ""yahoo_ticker"": ""FLRY3.SA"", ""exchange"": ""B3"", ""currency"": ""BRL"", ""adr_ratio"": """", ""primary_line"": ""true"", ""notes"": ""classe ON""}]",FLRY3.SA,BRL,2026-10-07,Venda,B,True,14.1427,"[""fcff"", ""rim"", ""multiplo_justificado""]",[],[],True,False,BRL,BRL,[],"[""eps_fy1"", ""eps_fy2"", ""dps_12m""]","[""dps_12m""]",False,"[{""insumo"": ""reinvestimento"", ""motivo"": ""FCFF sem identidade observada completa de EBIT, capex, depreciação da DFC, variação do capital de giro operacional e adições de direitos de uso no mesmo período, base contábil e moeda: reinvestimento projetado por g ÷ RONIC, sem substituir ausência por zero"", ""nome"": ""reinvestimento observado""}]",4af568685503fdebee1513f42d1aa88b5acb62704a0593d8aecd91efd35fd437,https://github.com/arielassayag/MarketSummary/blob/af6eb0c93d7c14efaa49bd658c0a502f4e9aedb9/book/cobertura/2026-10-07/modelos/BR_FLEURY.json,não certificada por este inventário
BR_GERDAU,Gerdau,BR,Materials,commodity,"[{""issuer_id"": ""BR_GERDAU"", ""issuer_name"": ""Gerdau"", ""country"": ""BR"", ""gics_sector"": ""Materials"", ""line_type"": ""ADR"", ""yahoo_ticker"": ""GGB"", ""exchange"": ""NYSE"", ""currency"": ""USD"", ""adr_ratio"": ""1"", ""primary_line"": ""true"", ""notes"": ""ADS = 1 ações locais | GGB = 1 PN | OK (implicito 1.002, desvio +0.2%, n=20)""}, {""issuer_id"": ""BR_GERDAU"", ""issuer_name"": ""Gerdau"", ""country"": ""BR"", ""gics_sector"": ""Materials"", ""line_type"": ""LOCAL"", ""yahoo_ticker"": ""GGBR4.SA"", ""exchange"": ""B3"", ""currency"": ""BRL"", ""adr_ratio"": """", ""primary_line"": ""false"", ""notes"": ""classe PN | GGB = 1 PN""}]",GGBR4.SA,BRL,2026-10-07,Neutro,A,True,30.7233,"[""fcff_normalizado"", ""rim"", ""regressao_ev_receita""]",[],[],True,False,BRL,BRL,[],"[""eps_fy1"", ""eps_fy2"", ""dps_12m""]","[""dps_12m""]",False,"[{""insumo"": ""reinvestimento"", ""motivo"": ""FCFF sem identidade observada completa de EBIT, capex, depreciação da DFC, variação do capital de giro operacional e adições de direitos de uso no mesmo período, base contábil e moeda: reinvestimento projetado por g ÷ RONIC, sem substituir ausência por zero"", ""nome"": ""reinvestimento observado""}]",c63ec4a84e29121d6fbbee0258619642249e03f4422e8fcc402c3771d690a07d,https://github.com/arielassayag/MarketSummary/blob/af6eb0c93d7c14efaa49bd658c0a502f4e9aedb9/book/cobertura/2026-10-07/modelos/BR_GERDAU.json,não certificada por este inventário
BR_GOAU,Metalúrgica Gerdau,BR,Materials,holding,"[{""issuer_id"": ""BR_GOAU"", ""issuer_name"": ""Metalurgica Gerdau"", ""country"": ""BR"", ""gics_sector"": ""Materials"", ""line_type"": ""LOCAL"", ""yahoo_ticker"": ""GOAU4.SA"", ""exchange"": ""B3"", ""currency"": ""BRL"", ""adr_ratio"": """", ""primary_line"": ""true"", ""notes"": ""classe PN | Holding de Gerdau""}]",GOAU4.SA,BRL,2026-10-07,Neutro,C,True,13.4411,"[""soma_partes""]",[],[],True,False,BRL,BRL,[],"[""eps_fy1"", ""eps_fy2"", ""dps_12m""]","[""dps_12m""]",True,"[{""insumo"": ""g_receita_fy1"", ""motivo"": ""receita de consenso do ano 1 = 0,00× a receita de 12 meses (fora de 0,5–2×): unidade, moeda ou perímetro diferentes; não usada"", ""nome"": ""g receita fy1""}, {""insumo"": ""reinvestimento"", ""motivo"": ""FCFF sem identidade observada completa de EBIT, capex, depreciação da DFC, variação do capital de giro operacional e adições de direitos de uso no mesmo período, base contábil e moeda: reinvestimento projetado por g ÷ RONIC, sem substituir ausência por zero"", ""nome"": ""reinvestimento observado""}]",eaa2d2e1b6cfc5aa21380ef6029e8f12a0236e4797473a98196a8a3db97a6a20,https://github.com/arielassayag/MarketSummary/blob/af6eb0c93d7c14efaa49bd658c0a502f4e9aedb9/book/cobertura/2026-10-07/modelos/BR_GOAU.json,não certificada por este inventário
BR_GPA,GPA (Pão de Açúcar),BR,Consumer Staples,corporativo,"[{""issuer_id"": ""BR_GPA"", ""issuer_name"": ""GPA (Pao de Acucar)"", ""country"": ""BR"", ""gics_sector"": ""Consumer Staples"", ""line_type"": ""LOCAL"", ""yahoo_ticker"": ""PCAR3.SA"", ""exchange"": ""B3"", ""currency"": ""BRL"", ""adr_ratio"": """", ""primary_line"": ""true"", ""notes"": ""classe ON | ADR CBD deslistado | ADTV 3m < US$ 5 mi | QUEBRA de nível na série Yahoo em 2021-03-01 (+112%, evento não ajustado): histórico anterior não comparável""}]",PCAR3.SA,BRL,2026-10-07,Sem preço-alvo,Insuficiente,False,,[],"[""G3""]",[],True,False,BRL,BRL,[],"[""eps_fy1"", ""eps_fy2""]",[],,"[{""insumo"": ""arrendamentos_pagos"", ""motivo"": ""item defasado em relação ao último balanço: pagamentos de passivos de arrendamento (DFC) (2022-12-31)"", ""nome"": ""pagamentos de passivos de arrendamento (DFC)""}, {""insumo"": ""reinvestimento"", ""motivo"": ""FCFF sem identidade observada completa de EBIT, capex, depreciação da DFC, variação do capital de giro operacional e adições de direitos de uso no mesmo período, base contábil e moeda: reinvestimento projetado por g ÷ RONIC, sem substituir ausência por zero"", ""nome"": ""reinvestimento observado""}, {""insumo"": ""metodo.fcff"", ""motivo"": ""valor do patrimônio não positivo (dissidência: conta na dispersão como zero)"", ""nome"": ""Fluxo de caixa livre da firma (três estágios)""}, {""insumo"": ""metodo.rim"", ""motivo"": ""LPA, payout ou ROE de convergência indisponível"", ""nome"": ""Lucro residual (GLS)""}, {""insumo"": ""metodo.multiplo_justificado"", ""motivo"": ""LPA positivo ou ROE sustentável indisponível"", ""nome"": ""P/L justificado pelos fundamentos""}]",843c51311feb1e8ef4d872afc6a904f38ca49c6567f52b45030169ec88cd1457,https://github.com/arielassayag/MarketSummary/blob/af6eb0c93d7c14efaa49bd658c0a502f4e9aedb9/book/cobertura/2026-10-07/modelos/BR_GPA.json,não certificada por este inventário
BR_GPS,GPS Participações,BR,Industrials,corporativo,"[{""issuer_id"": ""BR_GPS"", ""issuer_name"": ""GPS Participacoes"", ""country"": ""BR"", ""gics_sector"": ""Industrials"", ""line_type"": ""LOCAL"", ""yahoo_ticker"": ""GGPS3.SA"", ""exchange"": ""B3"", ""currency"": ""BRL"", ""adr_ratio"": """", ""primary_line"": ""true"", ""notes"": ""classe ON""}]",GGPS3.SA,BRL,2026-10-07,Neutro,B,True,21.7221,"[""fcff"", ""rim"", ""multiplo_justificado""]",[],[],True,False,BRL,BRL,[],"[""eps_fy1"", ""eps_fy2"", ""dps_12m""]","[""dps_12m""]",False,"[{""insumo"": ""receita_construcao"", ""motivo"": ""item defasado em relação ao último balanço: receita de construção da infraestrutura de concessão (DVA) (2024-12-31)"", ""nome"": ""receita de construção da infraestrutura de concessão (DVA)""}, {""insumo"": ""reinvestimento"", ""motivo"": ""FCFF sem identidade observada completa de EBIT, capex, depreciação da DFC, variação do capital de giro operacional e adições de direitos de uso no mesmo período, base contábil e moeda: reinvestimento projetado por g ÷ RONIC, sem substituir ausência por zero"", ""nome"": ""reinvestimento observado""}]",fdac711b3944ab9f6479744a02098619a41d0c0a77c92064fd49e3d22ff086ca,https://github.com/arielassayag/MarketSummary/blob/af6eb0c93d7c14efaa49bd658c0a502f4e9aedb9/book/cobertura/2026-10-07/modelos/BR_GPS.json,não certificada por este inventário
BR_GRENDENE,Grendene,BR,Consumer Discretionary,corporativo,"[{""issuer_id"": ""BR_GRENDENE"", ""issuer_name"": ""Grendene"", ""country"": ""BR"", ""gics_sector"": ""Consumer Discretionary"", ""line_type"": ""LOCAL"", ""yahoo_ticker"": ""GRND3.SA"", ""exchange"": ""B3"", ""currency"": ""BRL"", ""adr_ratio"": """", ""primary_line"": ""true"", ""notes"": ""classe ON | ADTV 3m < US$ 5 mi""}]",GRND3.SA,BRL,2026-10-07,Venda,B,True,3.73215,"[""fcff"", ""rim"", ""multiplo_justificado""]",[],[],True,False,BRL,,[],"[""dps_12m""]","[""dps_12m""]",False,"[{""insumo"": ""eps_fy1"", ""motivo"": ""consenso de LPA indisponível ou inconsistente"", ""nome"": ""LPA de consenso (ano 1)""}, {""insumo"": ""g_receita_fy1"", ""motivo"": ""receita de consenso do ano 1 = 0,00× a receita de 12 meses (fora de 0,5–2×): unidade, moeda ou perímetro diferentes; não usada"", ""nome"": ""g receita fy1""}, {""insumo"": ""reinvestimento"", ""motivo"": ""FCFF sem identidade observada completa de EBIT, capex, depreciação da DFC, variação do capital de giro operacional e adições de direitos de uso no mesmo período, base contábil e moeda: reinvestimento projetado por g ÷ RONIC, sem substituir ausência por zero"", ""nome"": ""reinvestimento observado""}]",e5c3fff7b5b259c622cf793c4eddced7374e796f94bb69c2825cc87efcd354f9,https://github.com/arielassayag/MarketSummary/blob/af6eb0c93d7c14efaa49bd658c0a502f4e9aedb9/book/cobertura/2026-10-07/modelos/BR_GRENDENE.json,não certificada por este inventário
BR_HAPVIDA,Hapvida,BR,Health Care,corporativo,"[{""issuer_id"": ""BR_HAPVIDA"", ""issuer_name"": ""Hapvida"", ""country"": ""BR"", ""gics_sector"": ""Health Care"", ""line_type"": ""LOCAL"", ""yahoo_ticker"": ""HAPV3.SA"", ""exchange"": ""B3"", ""currency"": ""BRL"", ""adr_ratio"": """", ""primary_line"": ""true"", ""notes"": ""classe ON""}]",HAPV3.SA,BRL,2026-10-07,Em revisão,C,False,41.3162,"[""rim"", ""multiplo_justificado""]","[""G9"", ""G11"", ""G13""]","[""G20""]",True,False,BRL,BRL,[],"[""eps_fy1"", ""eps_fy2""]",[],False,"[{""insumo"": ""margem"", ""motivo"": ""receita e EBIT com janelas de 12 meses diferentes"", ""nome"": ""margem EBIT comparável""}, {""insumo"": ""reinvestimento"", ""motivo"": ""FCFF sem identidade observada completa de EBIT, capex, depreciação da DFC, variação do capital de giro operacional e adições de direitos de uso no mesmo período, base contábil e moeda: reinvestimento projetado por g ÷ RONIC, sem substituir ausência por zero"", ""nome"": ""reinvestimento observado""}, {""insumo"": ""metodo.fcff"", ""motivo"": ""indisponível: margem EBIT"", ""nome"": ""Fluxo de caixa livre da firma (três estágios)""}]",1ae0a86c4c2104695afee06ad28370ebc73c53d2bbbc967e1dc4fb29eb5a89e7,https://github.com/arielassayag/MarketSummary/blob/af6eb0c93d7c14efaa49bd658c0a502f4e9aedb9/book/cobertura/2026-10-07/modelos/BR_HAPVIDA.json,não certificada por este inventário
BR_HYPERA,Hypera,BR,Health Care,corporativo,"[{""issuer_id"": ""BR_HYPERA"", ""issuer_name"": ""Hypera"", ""country"": ""BR"", ""gics_sector"": ""Health Care"", ""line_type"": ""LOCAL"", ""yahoo_ticker"": ""HYPE3.SA"", ""exchange"": ""B3"", ""currency"": ""BRL"", ""adr_ratio"": """", ""primary_line"": ""true"", ""notes"": ""classe ON""}]",HYPE3.SA,BRL,2026-10-07,Neutro,B,True,25.7827,"[""fcff"", ""rim"", ""multiplo_justificado""]",[],[],True,False,BRL,BRL,[],"[""eps_fy1"", ""eps_fy2""]",[],False,"[{""insumo"": ""g_receita_historico"", ""motivo"": ""crescimento histórico da receita de 32,4% fora da faixa plausível (provável efeito contábil): não usado"", ""nome"": ""crescimento histórico da receita""}, {""insumo"": ""reinvestimento"", ""motivo"": ""FCFF sem identidade observada completa de EBIT, capex, depreciação da DFC, variação do capital de giro operacional e adições de direitos de uso no mesmo período, base contábil e moeda: reinvestimento projetado por g ÷ RONIC, sem substituir ausência por zero"", ""nome"": ""reinvestimento observado""}]",0f2055eba2d4ce5c52b1e16232f0c59267a460ec49f5ba88e74d098843c678eb,https://github.com/arielassayag/MarketSummary/blob/af6eb0c93d7c14efaa49bd658c0a502f4e9aedb9/book/cobertura/2026-10-07/modelos/BR_HYPERA.json,não certificada por este inventário
BR_IGUATEMI,Iguatemi,BR,Real Estate,imobiliario,"[{""issuer_id"": ""BR_IGUATEMI"", ""issuer_name"": ""Iguatemi"", ""country"": ""BR"", ""gics_sector"": ""Real Estate"", ""line_type"": ""LOCAL"", ""yahoo_ticker"": ""IGTI11.SA"", ""exchange"": ""B3"", ""currency"": ""BRL"", ""adr_ratio"": """", ""primary_line"": ""true"", ""notes"": ""classe Unit""}]",IGTI11.SA,BRL,2026-10-07,Neutro,C,True,19.3622,"[""rim"", ""regressao_pb_roe""]",[],"[""G17""]",True,False,BRL,BRL,[],"[""eps_fy1"", ""eps_fy2""]",[],True,"[{""insumo"": ""reinvestimento"", ""motivo"": ""FCFF sem identidade observada completa de EBIT, capex, depreciação da DFC, variação do capital de giro operacional e adições de direitos de uso no mesmo período, base contábil e moeda: reinvestimento projetado por g ÷ RONIC, sem substituir ausência por zero"", ""nome"": ""reinvestimento observado""}]",58a06c3d02dbbd2bfbe8bb69840e3aae8b9212cbc9b82ff8b18b74a04c1c978a,https://github.com/arielassayag/MarketSummary/blob/af6eb0c93d7c14efaa49bd658c0a502f4e9aedb9/book/cobertura/2026-10-07/modelos/BR_IGUATEMI.json,não certificada por este inventário
BR_INTELBRAS,Intelbras,BR,Information Technology,corporativo,"[{""issuer_id"": ""BR_INTELBRAS"", ""issuer_name"": ""Intelbras"", ""country"": ""BR"", ""gics_sector"": ""Information Technology"", ""line_type"": ""LOCAL"", ""yahoo_ticker"": ""INTB3.SA"", ""exchange"": ""B3"", ""currency"": ""BRL"", ""adr_ratio"": """", ""primary_line"": ""true"", ""notes"": ""classe ON | ADTV 3m < US$ 5 mi""}]",INTB3.SA,BRL,2026-10-07,Neutro,C,True,17.0021,"[""fcff"", ""rim"", ""multiplo_justificado""]",[],"[""G17""]",True,False,BRL,BRL,[],"[""eps_fy1"", ""eps_fy2""]",[],False,"[{""insumo"": ""aplicacoes_cp"", ""motivo"": ""em conferência na fonte em 2026-06-30: valor do período ausente na fonte pública (o período anterior não é usado)"", ""nome"": ""aplicações financeiras de curto prazo""}, {""insumo"": ""reinvestimento"", ""motivo"": ""FCFF sem identidade observada completa de EBIT, capex, depreciação da DFC, variação do capital de giro operacional e adições de direitos de uso no mesmo período, base contábil e moeda: reinvestimento projetado por g ÷ RONIC, sem substituir ausência por zero"", ""nome"": ""reinvestimento observado""}]",daef49e752aa531cfd1bda9d8769ca4f973b53536a1b462b5629a744a7c9b35a,https://github.com/arielassayag/MarketSummary/blob/af6eb0c93d7c14efaa49bd658c0a502f4e9aedb9/book/cobertura/2026-10-07/modelos/BR_INTELBRAS.json,não certificada por este inventário
BR_INTER,Inter&Co,BR,Financials,banco,"[{""issuer_id"": ""BR_INTER"", ""issuer_name"": ""Inter&Co"", ""country"": ""BR"", ""gics_sector"": ""Financials"", ""line_type"": ""US_LISTED"", ""yahoo_ticker"": ""INTR"", ""exchange"": ""NASDAQ"", ""currency"": ""USD"", ""adr_ratio"": """", ""primary_line"": ""true"", ""notes"": """"}]",INTR,USD,2026-10-07,Neutro,B,True,8.53222,"[""rim"", ""pb_justificado"", ""regressao_pb_roe""]",[],[],False,True,BRL,USD,[],"[""eps_fy1"", ""eps_fy2""]",[],False,"[{""insumo"": ""margem"", ""motivo"": ""ebit: valor ausente ou não finito; ebit: período de 12 meses não demonstrado; ebit: moeda da fonte não demonstrada; ebit: base contábil não demonstrada"", ""nome"": ""margem EBIT comparável""}, {""insumo"": ""margem_historica"", ""motivo"": ""pares anuais sem alinhamento/proveniência: 2022, 2023, 2024, 2025"", ""nome"": ""margem EBIT histórica comparável""}]",3810c2cbd595fa1d7228247f4c3b43f95a619a6424c6a4bf57185504f81d0f3c,https://github.com/arielassayag/MarketSummary/blob/af6eb0c93d7c14efaa49bd658c0a502f4e9aedb9/book/cobertura/2026-10-07/modelos/BR_INTER.json,não certificada por este inventário
BR_IRB,IRB Brasil RE,BR,Financials,seguradora,"[{""issuer_id"": ""BR_IRB"", ""issuer_name"": ""IRB Brasil RE"", ""country"": ""BR"", ""gics_sector"": ""Financials"", ""line_type"": ""LOCAL"", ""yahoo_ticker"": ""IRBR3.SA"", ""exchange"": ""B3"", ""currency"": ""BRL"", ""adr_ratio"": """", ""primary_line"": ""true"", ""notes"": ""classe ON""}]",IRBR3.SA,BRL,2026-10-07,Neutro,C,True,115.363,"[""rim""]",[],"[""G20""]",True,False,BRL,BRL,[],"[""eps_fy1"", ""eps_fy2""]",[],False,"[{""insumo"": ""lucro_bruto"", ""motivo"": ""item defasado em relação ao último balanço: lucro bruto (2022-12-31)"", ""nome"": ""lucro bruto""}, {""insumo"": ""ebit"", ""motivo"": ""item defasado em relação ao último balanço: EBIT (2022-12-31)"", ""nome"": ""EBIT""}, {""insumo"": ""ebitda"", ""motivo"": ""item defasado em relação ao último balanço: EBITDA (2022-12-31)"", ""nome"": ""EBITDA""}, {""insumo"": ""resultado_financeiro"", ""motivo"": ""item defasado em relação ao último balanço: resultado financeiro (2022-12-31)"", ""nome"": ""resultado financeiro""}, {""insumo"": ""caixa"", ""motivo"": ""item defasado em relação ao último balanço: caixa e equivalentes (2022-12-31)"", ""nome"": ""caixa e equivalentes""}, {""insumo"": ""aplicacoes_cp"", ""motivo"": ""item defasado em relação ao último balanço: aplicações financeiras de curto prazo (2022-12-31)"", ""nome"": ""aplicações financeiras de curto prazo""}, {""insumo"": ""margem"", ""motivo"": ""ebit: valor ausente ou não finito; ebit: período de 12 meses não demonstrado; ebit: moeda da fonte não demonstrada; ebit: base contábil não demonstrada"", ""nome"": ""margem EBIT comparável""}, {""insumo"": ""margem_historica"", ""motivo"": ""pares anuais sem alinhamento/proveniência: 2023, 2024, 2025"", ""nome"": ""margem EBIT histórica comparável""}, {""insumo"": ""metodo.ddm"", ""motivo"": ""LPA positivo, payout ou ROE sustentável indisponível"", ""nome"": ""Dividendos descontados (dois estágios)""}, {""insumo"": ""metodo.regressao_pl"", ""motivo"": ""regressão transversal indisponível (R² de 0,18 abaixo do mínimo de 0,25)"", ""nome"": ""P/L de regressão transversal (crescimento, payout, β)""}]",074eabd8de384ca8f08984c2a65076265c4ec6ddf81c0c13bfa24bb0688eebc0,https://github.com/arielassayag/MarketSummary/blob/af6eb0c93d7c14efaa49bd658c0a502f4e9aedb9/book/cobertura/2026-10-07/modelos/BR_IRB.json,não certificada por este inventário
BR_ISAENERGIA,ISA Energia Brasil,BR,Utilities,utilidade_regulada,"[{""issuer_id"": ""BR_ISAENERGIA"", ""issuer_name"": ""ISA Energia Brasil"", ""country"": ""BR"", ""gics_sector"": ""Utilities"", ""line_type"": ""LOCAL"", ""yahoo_ticker"": ""ISAE4.SA"", ""exchange"": ""B3"", ""currency"": ""BRL"", ""adr_ratio"": """", ""primary_line"": ""true"", ""notes"": ""classe PN | ex-ISA CTEEP (TRPL4->ISAE4)""}]",ISAE4.SA,BRL,2026-10-07,Neutro,C,True,45.2867,"[""rim_real"", ""ddm_real"", ""fcff_real""]",[],"[""G20""]",True,False,BRL,BRL,[],"[""eps_fy1"", ""eps_fy2""]",[],False,"[{""insumo"": ""receita_construcao"", ""motivo"": ""item defasado em relação ao último balanço: receita de construção da infraestrutura de concessão (DVA) (2023-12-31)"", ""nome"": ""receita de construção da infraestrutura de concessão (DVA)""}, {""insumo"": ""g_receita_fy1"", ""motivo"": ""crescimento de consenso da receita de −50,3% contra a receita de 12 meses, acima de 15% em módulo numa concessão ou utilidade regulada (provável receita de construção da infraestrutura na receita da DRE, sem reconciliação pela DVA): não usado"", ""nome"": ""g receita fy1""}, {""insumo"": ""g_receita_historico"", ""motivo"": ""crescimento histórico da receita de 30,6% fora da faixa plausível (provável efeito contábil): não usado"", ""nome"": ""crescimento histórico da receita""}, {""insumo"": ""reinvestimento"", ""motivo"": ""FCFF sem identidade observada completa de EBIT, capex, depreciação da DFC, variação do capital de giro operacional e adições de direitos de uso no mesmo período, base contábil e moeda: reinvestimento projetado por g ÷ RONIC, sem substituir ausência por zero"", ""nome"": ""reinvestimento observado""}, {""insumo"": ""metodo.regressao_pb_roe"", ""motivo"": ""fundamentos do emissor incompletos para a regressão"", ""nome"": ""P/VPA de regressão transversal (ROE, crescimento, β, payout)""}]",70035f6d4359a2d3f3bac14e6beb09d57336a61050e2e23ebea7aec6a1c6c51d,https://github.com/arielassayag/MarketSummary/blob/af6eb0c93d7c14efaa49bd658c0a502f4e9aedb9/book/cobertura/2026-10-07/modelos/BR_ISAENERGIA.json,não certificada por este inventário
BR_ITAU,Itaú Unibanco,BR,Financials,banco,"[{""issuer_id"": ""BR_ITAU"", ""issuer_name"": ""Itau Unibanco"", ""country"": ""BR"", ""gics_sector"": ""Financials"", ""line_type"": ""LOCAL"", ""yahoo_ticker"": ""ITUB4.SA"", ""exchange"": ""B3"", ""currency"": ""BRL"", ""adr_ratio"": """", ""primary_line"": ""true"", ""notes"": ""classe PN | ITUB = 1 PN""}, {""issuer_id"": ""BR_ITAU"", ""issuer_name"": ""Itau Unibanco"", ""country"": ""BR"", ""gics_sector"": ""Financials"", ""line_type"": ""ADR"", ""yahoo_ticker"": ""ITUB"", ""exchange"": ""NYSE"", ""currency"": ""USD"", ""adr_ratio"": ""1"", ""primary_line"": ""false"", ""notes"": ""ADS = 1 ações locais | ITUB = 1 PN | OK (implicito 0.997, desvio -0.3%, n=20)""}, {""issuer_id"": ""BR_ITAU"", ""issuer_name"": ""Itau Unibanco"", ""country"": ""BR"", ""gics_sector"": ""Financials"", ""line_type"": ""LOCAL"", ""yahoo_ticker"": ""ITUB3.SA"", ""exchange"": ""B3"", ""currency"": ""BRL"", ""adr_ratio"": """", ""primary_line"": ""false"", ""notes"": ""classe ON | ITUB = 1 PN""}]",ITUB4.SA,BRL,2026-10-07,Venda,A,True,47.9497,"[""rim"", ""pb_justificado"", ""regressao_pb_roe""]",[],[],True,False,BRL,BRL,[],"[""eps_fy1"", ""eps_fy2""]",[],False,"[{""insumo"": ""margem"", ""motivo"": ""ebit: valor ausente ou não finito; ebit: período de 12 meses não demonstrado; ebit: moeda da fonte não demonstrada; ebit: base contábil não demonstrada"", ""nome"": ""margem EBIT comparável""}, {""insumo"": ""margem_historica"", ""motivo"": ""pares anuais sem alinhamento/proveniência: 2021, 2022, 2023, 2024, 2025"", ""nome"": ""margem EBIT histórica comparável""}]",a720d933b04e0eea19710ba9a91cabad6dcf99e4ddef5f6278cf656df7bb90ea,https://github.com/arielassayag/MarketSummary/blob/af6eb0c93d7c14efaa49bd658c0a502f4e9aedb9/book/cobertura/2026-10-07/modelos/BR_ITAU.json,não certificada por este inventário
BR_ITAUSA,Itaúsa,BR,Financials,holding,"[{""issuer_id"": ""BR_ITAUSA"", ""issuer_name"": ""Itausa"", ""country"": ""BR"", ""gics_sector"": ""Financials"", ""line_type"": ""LOCAL"", ""yahoo_ticker"": ""ITSA4.SA"", ""exchange"": ""B3"", ""currency"": ""BRL"", ""adr_ratio"": """", ""primary_line"": ""true"", ""notes"": ""classe PN | Holding (Itau); desconto de holding""}]",ITSA4.SA,BRL,2026-10-07,Venda,B,True,14.6473,"[""soma_partes""]",[],[],True,False,BRL,BRL,[],"[""eps_fy1"", ""eps_fy2""]",[],True,[],354745de36e7fa7628384ce4c6323e71cb8d37a3b13e3f25fbee25e189a542ec,https://github.com/arielassayag/MarketSummary/blob/af6eb0c93d7c14efaa49bd658c0a502f4e9aedb9/book/cobertura/2026-10-07/modelos/BR_ITAUSA.json,não certificada por este inventário
BR_JBS,JBS N.V.,BR,Consumer Staples,corporativo,"[{""issuer_id"": ""BR_JBS"", ""issuer_name"": ""JBS N.V."", ""country"": ""BR"", ""gics_sector"": ""Consumer Staples"", ""line_type"": ""US_LISTED"", ""yahoo_ticker"": ""JBS"", ""exchange"": ""NYSE"", ""currency"": ""USD"", ""adr_ratio"": """", ""primary_line"": ""true"", ""notes"": ""NYSE desde 13/06/2025 (JBS); JBSS3 deslistada 06/06/2025; BDR JBSS32 na B3; JBS S.A. pediu cancelamento CVM em 21/09/2026 | histórico válido desde 2025-06-13""}, {""issuer_id"": ""BR_JBS"", ""issuer_name"": ""JBS N.V."", ""country"": ""BR"", ""gics_sector"": ""Consumer Staples"", ""line_type"": ""LOCAL"", ""yahoo_ticker"": ""JBSS32.SA"", ""exchange"": ""B3"", ""currency"": ""BRL"", ""adr_ratio"": """", ""primary_line"": ""false"", ""notes"": ""classe BDR | NYSE desde 13/06/2025 (JBS); JBSS3 deslistada 06/06/2025; BDR JBSS32 na B3; JBS S.A. pediu cancelamento CVM em 21/09/2026 | BDR: 1 acao US = 0.998 BDR (implicito, n=20) | QUEBRA de nível na série Yahoo em 2025-06-09 (+100%, evento não ajustado): histórico anterior não comparável | histórico válido desde 2025-06-09""}]",JBSS32.SA,BRL,2026-10-07,Em revisão,C,False,96.8122,"[""fcff"", ""rim"", ""multiplo_justificado""]","[""G13c""]","[""G18""]",True,False,BRL,BRL,[],"[""eps_fy1"", ""eps_fy2""]",[],False,"[{""insumo"": ""g_receita_historico"", ""motivo"": ""crescimento histórico da receita de 304,9% fora da faixa plausível (provável efeito contábil): não usado"", ""nome"": ""crescimento histórico da receita""}, {""insumo"": ""margem_historica"", ""motivo"": ""pares anuais sem alinhamento/proveniência: 2024"", ""nome"": ""margem EBIT histórica comparável""}, {""insumo"": ""reinvestimento"", ""motivo"": ""FCFF sem identidade observada completa de EBIT, capex, depreciação da DFC, variação do capital de giro operacional e adições de direitos de uso no mesmo período, base contábil e moeda: reinvestimento projetado por g ÷ RONIC, sem substituir ausência por zero"", ""nome"": ""reinvestimento observado""}]",e9fe002a44f8ddb350994a57b386004f6b0c95d8a00d176051d627199ed9e83b,https://github.com/arielassayag/MarketSummary/blob/af6eb0c93d7c14efaa49bd658c0a502f4e9aedb9/book/cobertura/2026-10-07/modelos/BR_JBS.json,não certificada por este inventário
BR_JHSF,JHSF,BR,Real Estate,imobiliario,"[{""issuer_id"": ""BR_JHSF"", ""issuer_name"": ""JHSF"", ""country"": ""BR"", ""gics_sector"": ""Real Estate"", ""line_type"": ""LOCAL"", ""yahoo_ticker"": ""JHSF3.SA"", ""exchange"": ""B3"", ""currency"": ""BRL"", ""adr_ratio"": """", ""primary_line"": ""true"", ""notes"": ""classe ON""}]",JHSF3.SA,BRL,2026-10-07,Em revisão,B,False,25.9004,"[""rim"", ""regressao_pb_roe""]","[""G11""]",[],True,False,BRL,BRL,[],"[""eps_fy1"", ""eps_fy2""]",[],True,"[{""insumo"": ""g_receita_historico"", ""motivo"": ""crescimento histórico da receita de 123,0% fora da faixa plausível (provável efeito contábil): não usado"", ""nome"": ""crescimento histórico da receita""}, {""insumo"": ""reinvestimento"", ""motivo"": ""FCFF sem identidade observada completa de EBIT, capex, depreciação da DFC, variação do capital de giro operacional e adições de direitos de uso no mesmo período, base contábil e moeda: reinvestimento projetado por g ÷ RONIC, sem substituir ausência por zero"", ""nome"": ""reinvestimento observado""}]",4c039209be9579a338b9205477749c6758b6ca4f3ad2917e305f8e2a23a9b481,https://github.com/arielassayag/MarketSummary/blob/af6eb0c93d7c14efaa49bd658c0a502f4e9aedb9/book/cobertura/2026-10-07/modelos/BR_JHSF.json,não certificada por este inventário
BR_KLABIN,Klabin,BR,Materials,commodity,"[{""issuer_id"": ""BR_KLABIN"", ""issuer_name"": ""Klabin"", ""country"": ""BR"", ""gics_sector"": ""Materials"", ""line_type"": ""LOCAL"", ""yahoo_ticker"": ""KLBN11.SA"", ""exchange"": ""B3"", ""currency"": ""BRL"", ""adr_ratio"": """", ""primary_line"": ""true"", ""notes"": ""classe Unit | Unit KLBN11 = 1 ON + 4 PN""}, {""issuer_id"": ""BR_KLABIN"", ""issuer_name"": ""Klabin"", ""country"": ""BR"", ""gics_sector"": ""Materials"", ""line_type"": ""LOCAL"", ""yahoo_ticker"": ""KLBN4.SA"", ""exchange"": ""B3"", ""currency"": ""BRL"", ""adr_ratio"": """", ""primary_line"": ""false"", ""notes"": ""classe PN | Unit KLBN11 = 1 ON + 4 PN | ADTV 3m < US$ 5 mi""}]",KLBN11.SA,BRL,2026-10-07,Em revisão,C,False,2.49836,"[""fcff_normalizado"", ""rim"", ""regressao_ev_receita""]","[""G9"", ""G11""]","[""G16"", ""G18"", ""G20""]",True,False,BRL,BRL,[],"[""eps_fy1"", ""eps_fy2""]",[],False,"[{""insumo"": ""recompras"", ""motivo"": ""item defasado em relação ao último balanço: recompra de ações (2023-12-31)"", ""nome"": ""recompra de ações""}, {""insumo"": ""variacao_capital_giro_operacional"", ""motivo"": ""item defasado em relação ao último balanço: variação do capital de giro operacional (uso de caixa positivo) (2023-12-31)"", ""nome"": ""variação do capital de giro operacional (uso de caixa positivo)""}, {""insumo"": ""reinvestimento"", ""motivo"": ""FCFF sem identidade observada completa de EBIT, capex, depreciação da DFC, variação do capital de giro operacional e adições de direitos de uso no mesmo período, base contábil e moeda: reinvestimento projetado por g ÷ RONIC, sem substituir ausência por zero"", ""nome"": ""reinvestimento observado""}]",3712e79c7e6fec347f2b0b377cc9bcbd84ecb1cbddf558a889afe9ee67167397,https://github.com/arielassayag/MarketSummary/blob/af6eb0c93d7c14efaa49bd658c0a502f4e9aedb9/book/cobertura/2026-10-07/modelos/BR_KLABIN.json,não certificada por este inventário
BR_LOCALIZA,Localiza,BR,Industrials,corporativo,"[{""issuer_id"": ""BR_LOCALIZA"", ""issuer_name"": ""Localiza"", ""country"": ""BR"", ""gics_sector"": ""Industrials"", ""line_type"": ""LOCAL"", ""yahoo_ticker"": ""RENT3.SA"", ""exchange"": ""B3"", ""currency"": ""BRL"", ""adr_ratio"": """", ""primary_line"": ""true"", ""notes"": ""classe ON""}]",RENT3.SA,BRL,2026-10-07,Venda,A,True,38.2315,"[""fcff"", ""rim"", ""multiplo_justificado""]",[],[],True,False,BRL,BRL,[],"[""eps_fy1"", ""eps_fy2""]",[],False,"[{""insumo"": ""reinvestimento"", ""motivo"": ""FCFF sem identidade observada completa de EBIT, capex, depreciação da DFC, variação do capital de giro operacional e adições de direitos de uso no mesmo período, base contábil e moeda: reinvestimento projetado por g ÷ RONIC, sem substituir ausência por zero"", ""nome"": ""reinvestimento observado""}]",791973f3ef0fefe79d74f9d3162a92af0568daf331ca0d73aa2914ea6f2249cc,https://github.com/arielassayag/MarketSummary/blob/af6eb0c93d7c14efaa49bd658c0a502f4e9aedb9/book/cobertura/2026-10-07/modelos/BR_LOCALIZA.json,não certificada por este inventário
BR_LOCAWEB,Locaweb (LWSA),BR,Information Technology,corporativo,"[{""issuer_id"": ""BR_LOCAWEB"", ""issuer_name"": ""Locaweb (LWSA)"", ""country"": ""BR"", ""gics_sector"": ""Information Technology"", ""line_type"": ""LOCAL"", ""yahoo_ticker"": ""LWSA3.SA"", ""exchange"": ""B3"", ""currency"": ""BRL"", ""adr_ratio"": """", ""primary_line"": ""true"", ""notes"": ""classe ON | ADTV 3m < US$ 5 mi""}]",LWSA3.SA,BRL,2026-10-07,Neutro,C,True,3.49133,"[""rim"", ""multiplo_justificado""]",[],"[""G20""]",True,False,BRL,BRL,[],"[""eps_fy1"", ""eps_fy2""]",[],False,"[{""insumo"": ""reinvestimento"", ""motivo"": ""FCFF sem identidade observada completa de EBIT, capex, depreciação da DFC, variação do capital de giro operacional e adições de direitos de uso no mesmo período, base contábil e moeda: reinvestimento projetado por g ÷ RONIC, sem substituir ausência por zero"", ""nome"": ""reinvestimento observado""}, {""insumo"": ""metodo.fcff"", ""motivo"": ""valor do patrimônio não positivo (dissidência: conta na dispersão como zero)"", ""nome"": ""Fluxo de caixa livre da firma (três estágios)""}]",0ac04c2485e2b843bd23267b445e79867482b88a8e81db95f35a7721535aa94f,https://github.com/arielassayag/MarketSummary/blob/af6eb0c93d7c14efaa49bd658c0a502f4e9aedb9/book/cobertura/2026-10-07/modelos/BR_LOCAWEB.json,não certificada por este inventário
BR_LOGCP,LOG Commercial Properties,BR,Real Estate,imobiliario,"[{""issuer_id"": ""BR_LOGCP"", ""issuer_name"": ""LOG Commercial Properties"", ""country"": ""BR"", ""gics_sector"": ""Real Estate"", ""line_type"": ""LOCAL"", ""yahoo_ticker"": ""LOGG3.SA"", ""exchange"": ""B3"", ""currency"": ""BRL"", ""adr_ratio"": """", ""primary_line"": ""true"", ""notes"": ""classe ON | ADTV 3m < US$ 5 mi""}]",LOGG3.SA,BRL,2026-10-07,Em revisão,B,False,59.3929,"[""rim"", ""regressao_pb_roe""]","[""G11""]",[],True,False,BRL,BRL,[],"[""eps_fy1"", ""eps_fy2""]",[],True,"[{""insumo"": ""reinvestimento"", ""motivo"": ""FCFF sem identidade observada completa de EBIT, capex, depreciação da DFC, variação do capital de giro operacional e adições de direitos de uso no mesmo período, base contábil e moeda: reinvestimento projetado por g ÷ RONIC, sem substituir ausência por zero"", ""nome"": ""reinvestimento observado""}]",786809c878f0856e6c8aa8c82a2d98d04bf1c42b6b903da417a42379cf8409b2,https://github.com/arielassayag/MarketSummary/blob/af6eb0c93d7c14efaa49bd658c0a502f4e9aedb9/book/cobertura/2026-10-07/modelos/BR_LOGCP.json,não certificada por este inventário
BR_MAGALU,Magazine Luiza,BR,Consumer Discretionary,corporativo,"[{""issuer_id"": ""BR_MAGALU"", ""issuer_name"": ""Magazine Luiza"", ""country"": ""BR"", ""gics_sector"": ""Consumer Discretionary"", ""line_type"": ""LOCAL"", ""yahoo_ticker"": ""MGLU3.SA"", ""exchange"": ""B3"", ""currency"": ""BRL"", ""adr_ratio"": """", ""primary_line"": ""true"", ""notes"": ""classe ON""}]",MGLU3.SA,BRL,2026-10-07,Neutro,C,True,7.86018,"[""fcff"", ""rim"", ""multiplo_justificado""]",[],"[""G16""]",True,False,BRL,BRL,[],"[""eps_fy1"", ""eps_fy2""]",[],False,"[{""insumo"": ""reinvestimento"", ""motivo"": ""FCFF sem identidade observada completa de EBIT, capex, depreciação da DFC, variação do capital de giro operacional e adições de direitos de uso no mesmo período, base contábil e moeda: reinvestimento projetado por g ÷ RONIC, sem substituir ausência por zero"", ""nome"": ""reinvestimento observado""}]",ae2815f2a0f62904abf5e50a3c027bb978b5e0f3cab1a52316cc474b65f60dcb,https://github.com/arielassayag/MarketSummary/blob/af6eb0c93d7c14efaa49bd658c0a502f4e9aedb9/book/cobertura/2026-10-07/modelos/BR_MAGALU.json,não certificada por este inventário
BR_MARCOPOLO,Marcopolo,BR,Industrials,corporativo,"[{""issuer_id"": ""BR_MARCOPOLO"", ""issuer_name"": ""Marcopolo"", ""country"": ""BR"", ""gics_sector"": ""Industrials"", ""line_type"": ""LOCAL"", ""yahoo_ticker"": ""POMO4.SA"", ""exchange"": ""B3"", ""currency"": ""BRL"", ""adr_ratio"": """", ""primary_line"": ""true"", ""notes"": ""classe PN""}]",POMO4.SA,BRL,2026-10-07,Compra,A,True,8.5595,"[""fcff"", ""rim"", ""multiplo_justificado""]",[],[],True,False,BRL,BRL,[],"[""eps_fy1"", ""eps_fy2""]",[],False,"[{""insumo"": ""recompras"", ""motivo"": ""item defasado em relação ao último balanço: recompra de ações (2024-12-31)"", ""nome"": ""recompra de ações""}, {""insumo"": ""reinvestimento"", ""motivo"": ""FCFF sem identidade observada completa de EBIT, capex, depreciação da DFC, variação do capital de giro operacional e adições de direitos de uso no mesmo período, base contábil e moeda: reinvestimento projetado por g ÷ RONIC, sem substituir ausência por zero"", ""nome"": ""reinvestimento observado""}]",345916612a5551306b21ac37a36a0c67bc839c61ffd5f2cb4a88f703b8d81336,https://github.com/arielassayag/MarketSummary/blob/af6eb0c93d7c14efaa49bd658c0a502f4e9aedb9/book/cobertura/2026-10-07/modelos/BR_MARCOPOLO.json,não certificada por este inventário
BR_MATEUS,Grupo Mateus,BR,Consumer Staples,corporativo,"[{""issuer_id"": ""BR_MATEUS"", ""issuer_name"": ""Grupo Mateus"", ""country"": ""BR"", ""gics_sector"": ""Consumer Staples"", ""line_type"": ""LOCAL"", ""yahoo_ticker"": ""GMAT3.SA"", ""exchange"": ""B3"", ""currency"": ""BRL"", ""adr_ratio"": """", ""primary_line"": ""true"", ""notes"": ""classe ON | ADTV 3m < US$ 5 mi""}]",GMAT3.SA,BRL,2026-10-07,Compra,B,True,8.67405,"[""fcff"", ""rim"", ""multiplo_justificado""]",[],[],True,False,BRL,BRL,[],"[""eps_fy1"", ""eps_fy2"", ""dps_12m""]","[""dps_12m""]",False,"[{""insumo"": ""reinvestimento"", ""motivo"": ""FCFF sem identidade observada completa de EBIT, capex, depreciação da DFC, variação do capital de giro operacional e adições de direitos de uso no mesmo período, base contábil e moeda: reinvestimento projetado por g ÷ RONIC, sem substituir ausência por zero"", ""nome"": ""reinvestimento observado""}]",52dc180a4c7ecd0ab10753de31222820d8df7abe432d7127de4fe5b2dba06121,https://github.com/arielassayag/MarketSummary/blob/af6eb0c93d7c14efaa49bd658c0a502f4e9aedb9/book/cobertura/2026-10-07/modelos/BR_MATEUS.json,não certificada por este inventário
BR_MBRF,MBRF (Marfrig+BRF),BR,Consumer Staples,corporativo,"[{""issuer_id"": ""BR_MBRF"", ""issuer_name"": ""MBRF (Marfrig+BRF)"", ""country"": ""BR"", ""gics_sector"": ""Consumer Staples"", ""line_type"": ""LOCAL"", ""yahoo_ticker"": ""MBRF3.SA"", ""exchange"": ""B3"", ""currency"": ""BRL"", ""adr_ratio"": """", ""primary_line"": ""true"", ""notes"": ""classe ON | BRF incorporada; MRFG3->MBRF3 em 23/09/2025 (0,8521 MBRF3 por BRFS3)""}]",MBRF3.SA,BRL,2026-10-07,Neutro,C,True,23.4476,"[""rim"", ""multiplo_justificado""]",[],[],True,False,BRL,BRL,[],"[""eps_fy1"", ""eps_fy2""]",[],False,"[{""insumo"": ""reinvestimento"", ""motivo"": ""FCFF sem identidade observada completa de EBIT, capex, depreciação da DFC, variação do capital de giro operacional e adições de direitos de uso no mesmo período, base contábil e moeda: reinvestimento projetado por g ÷ RONIC, sem substituir ausência por zero"", ""nome"": ""reinvestimento observado""}, {""insumo"": ""metodo.fcff"", ""motivo"": ""valor do patrimônio não positivo (dissidência: conta na dispersão como zero)"", ""nome"": ""Fluxo de caixa livre da firma (três estágios)""}]",eab65084130e3a76de2c68c7589da6beaf4a0f83893472d7ca85aa9e329a65db,https://github.com/arielassayag/MarketSummary/blob/af6eb0c93d7c14efaa49bd658c0a502f4e9aedb9/book/cobertura/2026-10-07/modelos/BR_MBRF.json,não certificada por este inventário
BR_MDIAS,M. Dias Branco,BR,Consumer Staples,corporativo,"[{""issuer_id"": ""BR_MDIAS"", ""issuer_name"": ""M. Dias Branco"", ""country"": ""BR"", ""gics_sector"": ""Consumer Staples"", ""line_type"": ""LOCAL"", ""yahoo_ticker"": ""MDIA3.SA"", ""exchange"": ""B3"", ""currency"": ""BRL"", ""adr_ratio"": """", ""primary_line"": ""true"", ""notes"": ""classe ON | ADTV 3m < US$ 5 mi""}]",MDIA3.SA,BRL,2026-10-07,Neutro,B,True,19.9448,"[""fcff"", ""rim"", ""multiplo_justificado""]",[],[],True,False,BRL,BRL,[],"[""eps_fy1"", ""eps_fy2""]",[],False,"[{""insumo"": ""reinvestimento"", ""motivo"": ""FCFF sem identidade observada completa de EBIT, capex, depreciação da DFC, variação do capital de giro operacional e adições de direitos de uso no mesmo período, base contábil e moeda: reinvestimento projetado por g ÷ RONIC, sem substituir ausência por zero"", ""nome"": ""reinvestimento observado""}]",6a9067e136ebfcff34db5d505ef545d8ff408c68daa8e6eae75e2dc988227a2f,https://github.com/arielassayag/MarketSummary/blob/af6eb0c93d7c14efaa49bd658c0a502f4e9aedb9/book/cobertura/2026-10-07/modelos/BR_MDIAS.json,não certificada por este inventário
BR_MILLS,Mills,BR,Industrials,corporativo,"[{""issuer_id"": ""BR_MILLS"", ""issuer_name"": ""Mills"", ""country"": ""BR"", ""gics_sector"": ""Industrials"", ""line_type"": ""LOCAL"", ""yahoo_ticker"": ""MILS3.SA"", ""exchange"": ""B3"", ""currency"": ""BRL"", ""adr_ratio"": """", ""primary_line"": ""true"", ""notes"": ""classe ON | ADTV 3m < US$ 5 mi""}]",MILS3.SA,BRL,2026-10-07,Compra,B,True,29.0397,"[""fcff"", ""rim"", ""multiplo_justificado""]",[],[],True,False,BRL,BRL,[],"[""eps_fy1"", ""eps_fy2""]",[],False,"[{""insumo"": ""reinvestimento"", ""motivo"": ""FCFF sem identidade observada completa de EBIT, capex, depreciação da DFC, variação do capital de giro operacional e adições de direitos de uso no mesmo período, base contábil e moeda: reinvestimento projetado por g ÷ RONIC, sem substituir ausência por zero"", ""nome"": ""reinvestimento observado""}]",934910ea8369a47794ec127aadc21924b6b4f3545eee1245c18dcd27d63161b3,https://github.com/arielassayag/MarketSummary/blob/af6eb0c93d7c14efaa49bd658c0a502f4e9aedb9/book/cobertura/2026-10-07/modelos/BR_MILLS.json,não certificada por este inventário
BR_MINERVA,Minerva,BR,Consumer Staples,corporativo,"[{""issuer_id"": ""BR_MINERVA"", ""issuer_name"": ""Minerva"", ""country"": ""BR"", ""gics_sector"": ""Consumer Staples"", ""line_type"": ""LOCAL"", ""yahoo_ticker"": ""BEEF3.SA"", ""exchange"": ""B3"", ""currency"": ""BRL"", ""adr_ratio"": """", ""primary_line"": ""true"", ""notes"": ""classe ON""}]",BEEF3.SA,BRL,2026-10-07,Em revisão,C,False,16.6787,"[""fcff"", ""rim"", ""multiplo_justificado""]","[""G9"", ""G11""]","[""G18"", ""G20""]",True,False,BRL,BRL,[],"[""eps_fy1"", ""eps_fy2"", ""dps_12m""]","[""dps_12m""]",False,"[{""insumo"": ""reinvestimento"", ""motivo"": ""FCFF sem identidade observada completa de EBIT, capex, depreciação da DFC, variação do capital de giro operacional e adições de direitos de uso no mesmo período, base contábil e moeda: reinvestimento projetado por g ÷ RONIC, sem substituir ausência por zero"", ""nome"": ""reinvestimento observado""}]",d0f9ad6618227cd50fffb12980d9382cb270f01b506c2519bbdc028ee5eaef8b,https://github.com/arielassayag/MarketSummary/blob/af6eb0c93d7c14efaa49bd658c0a502f4e9aedb9/book/cobertura/2026-10-07/modelos/BR_MINERVA.json,não certificada por este inventário
BR_MOTIVA,Motiva (ex-CCR),BR,Industrials,concessao,"[{""issuer_id"": ""BR_MOTIVA"", ""issuer_name"": ""Motiva (ex-CCR)"", ""country"": ""BR"", ""gics_sector"": ""Industrials"", ""line_type"": ""LOCAL"", ""yahoo_ticker"": ""MOTV3.SA"", ""exchange"": ""B3"", ""currency"": ""BRL"", ""adr_ratio"": """", ""primary_line"": ""true"", ""notes"": ""classe ON | CCRO3 -> MOTV3 (2025)""}]",MOTV3.SA,BRL,2026-10-07,Venda,B,True,13.9117,"[""fcff_vida_finita"", ""rim""]",[],[],True,False,BRL,BRL,[],"[""eps_fy1"", ""eps_fy2""]",[],False,"[{""insumo"": ""g_receita_fy1"", ""motivo"": ""crescimento de consenso da receita de −17,9% contra a receita de 12 meses, acima de 15% em módulo numa concessão ou utilidade regulada (provável receita de construção da infraestrutura na receita da DRE, sem reconciliação pela DVA): não usado"", ""nome"": ""g receita fy1""}, {""insumo"": ""reinvestimento"", ""motivo"": ""FCFF sem identidade observada completa de EBIT, capex, depreciação da DFC, variação do capital de giro operacional e adições de direitos de uso no mesmo período, base contábil e moeda: reinvestimento projetado por g ÷ RONIC, sem substituir ausência por zero"", ""nome"": ""reinvestimento observado""}]",bc22d83c66270c635429d2cbbe71db18cd52c8cc99f060f1a6fb7347d5b21915,https://github.com/arielassayag/MarketSummary/blob/af6eb0c93d7c14efaa49bd658c0a502f4e9aedb9/book/cobertura/2026-10-07/modelos/BR_MOTIVA.json,não certificada por este inventário
BR_MOURADUBEUX,Moura Dubeux,BR,Consumer Discretionary,imobiliario,"[{""issuer_id"": ""BR_MOURADUBEUX"", ""issuer_name"": ""Moura Dubeux"", ""country"": ""BR"", ""gics_sector"": ""Consumer Discretionary"", ""line_type"": ""LOCAL"", ""yahoo_ticker"": ""MDNE3.SA"", ""exchange"": ""B3"", ""currency"": ""BRL"", ""adr_ratio"": """", ""primary_line"": ""true"", ""notes"": ""classe ON""}]",MDNE3.SA,BRL,2026-10-07,Compra,B,True,53.3064,"[""rim"", ""regressao_pb_roe""]",[],[],True,False,BRL,BRL,[],"[""eps_fy1"", ""eps_fy2""]",[],True,"[{""insumo"": ""g_receita_historico"", ""motivo"": ""crescimento histórico da receita de 32,4% fora da faixa plausível (provável efeito contábil): não usado"", ""nome"": ""crescimento histórico da receita""}, {""insumo"": ""reinvestimento"", ""motivo"": ""FCFF sem identidade observada completa de EBIT, capex, depreciação da DFC, variação do capital de giro operacional e adições de direitos de uso no mesmo período, base contábil e moeda: reinvestimento projetado por g ÷ RONIC, sem substituir ausência por zero"", ""nome"": ""reinvestimento observado""}]",3a5d5af79d823c7f0e8782549e3ebf5d27dd64830eecf069390f6333efe75967,https://github.com/arielassayag/MarketSummary/blob/af6eb0c93d7c14efaa49bd658c0a502f4e9aedb9/book/cobertura/2026-10-07/modelos/BR_MOURADUBEUX.json,não certificada por este inventário
BR_MOVIDA,Movida,BR,Industrials,corporativo,"[{""issuer_id"": ""BR_MOVIDA"", ""issuer_name"": ""Movida"", ""country"": ""BR"", ""gics_sector"": ""Industrials"", ""line_type"": ""LOCAL"", ""yahoo_ticker"": ""MOVI3.SA"", ""exchange"": ""B3"", ""currency"": ""BRL"", ""adr_ratio"": """", ""primary_line"": ""true"", ""notes"": ""classe ON""}]",MOVI3.SA,BRL,2026-10-07,Em revisão,C,False,46.7957,"[""fcff"", ""rim"", ""multiplo_justificado""]","[""G9"", ""G11""]","[""G18"", ""G20""]",True,False,BRL,BRL,[],"[""eps_fy1"", ""eps_fy2""]",[],False,"[{""insumo"": ""d_a_dfc"", ""motivo"": ""item defasado em relação ao último balanço: depreciação e amortização restituídas na DFC (2022-12-31)"", ""nome"": ""depreciação e amortização restituídas na DFC""}, {""insumo"": ""reinvestimento"", ""motivo"": ""FCFF sem identidade observada completa de EBIT, capex, depreciação da DFC, variação do capital de giro operacional e adições de direitos de uso no mesmo período, base contábil e moeda: reinvestimento projetado por g ÷ RONIC, sem substituir ausência por zero"", ""nome"": ""reinvestimento observado""}]",c316daf039a89c26fb0ee52b51cb6c2f45949cfa19cc6c8f1e3a5fd6a5848b28,https://github.com/arielassayag/MarketSummary/blob/af6eb0c93d7c14efaa49bd658c0a502f4e9aedb9/book/cobertura/2026-10-07/modelos/BR_MOVIDA.json,não certificada por este inventário
BR_MRV,MRV Engenharia,BR,Consumer Discretionary,imobiliario,"[{""issuer_id"": ""BR_MRV"", ""issuer_name"": ""MRV Engenharia"", ""country"": ""BR"", ""gics_sector"": ""Consumer Discretionary"", ""line_type"": ""LOCAL"", ""yahoo_ticker"": ""MRVE3.SA"", ""exchange"": ""B3"", ""currency"": ""BRL"", ""adr_ratio"": """", ""primary_line"": ""true"", ""notes"": ""classe ON""}]",MRVE3.SA,BRL,2026-10-07,Venda,B,True,4.54284,"[""rim"", ""regressao_pb_roe""]",[],[],True,False,BRL,BRL,[],"[""eps_fy1"", ""eps_fy2""]",[],True,"[{""insumo"": ""reinvestimento"", ""motivo"": ""FCFF sem identidade observada completa de EBIT, capex, depreciação da DFC, variação do capital de giro operacional e adições de direitos de uso no mesmo período, base contábil e moeda: reinvestimento projetado por g ÷ RONIC, sem substituir ausência por zero"", ""nome"": ""reinvestimento observado""}]",3017d758e3e1cab9001d79dc4324449cafdf1356d1f097b1098ef77c5cc080ec,https://github.com/arielassayag/MarketSummary/blob/af6eb0c93d7c14efaa49bd658c0a502f4e9aedb9/book/cobertura/2026-10-07/modelos/BR_MRV.json,não certificada por este inventário
BR_MULTIPLAN,Multiplan,BR,Real Estate,imobiliario,"[{""issuer_id"": ""BR_MULTIPLAN"", ""issuer_name"": ""Multiplan"", ""country"": ""BR"", ""gics_sector"": ""Real Estate"", ""line_type"": ""LOCAL"", ""yahoo_ticker"": ""MULT3.SA"", ""exchange"": ""B3"", ""currency"": ""BRL"", ""adr_ratio"": """", ""primary_line"": ""true"", ""notes"": ""classe ON""}]",MULT3.SA,BRL,2026-10-07,Venda,B,True,24.4169,"[""rim"", ""regressao_pb_roe""]",[],[],True,False,BRL,BRL,[],"[""eps_fy1"", ""eps_fy2""]",[],True,"[{""insumo"": ""reinvestimento"", ""motivo"": ""FCFF sem identidade observada completa de EBIT, capex, depreciação da DFC, variação do capital de giro operacional e adições de direitos de uso no mesmo período, base contábil e moeda: reinvestimento projetado por g ÷ RONIC, sem substituir ausência por zero"", ""nome"": ""reinvestimento observado""}]",33ad13896f3d5aca874a08ea5e400d013060ed9c20ace1773516bc4d5c4cd37e,https://github.com/arielassayag/MarketSummary/blob/af6eb0c93d7c14efaa49bd658c0a502f4e9aedb9/book/cobertura/2026-10-07/modelos/BR_MULTIPLAN.json,não certificada por este inventário
BR_NATURA,Natura Cosméticos,BR,Consumer Staples,corporativo,"[{""issuer_id"": ""BR_NATURA"", ""issuer_name"": ""Natura Cosmeticos"", ""country"": ""BR"", ""gics_sector"": ""Consumer Staples"", ""line_type"": ""LOCAL"", ""yahoo_ticker"": ""NATU3.SA"", ""exchange"": ""B3"", ""currency"": ""BRL"", ""adr_ratio"": """", ""primary_line"": ""true"", ""notes"": ""classe ON | NTCO3->NATU3 apos incorporacao da Natura &Co (01/07/2025); ADR NTCO deslistado""}]",NATU3.SA,BRL,2026-10-07,Neutro,C,True,9.13642,"[""fcff"", ""rim"", ""multiplo_justificado""]",[],"[""G18""]",True,False,BRL,BRL,[],"[""eps_fy1"", ""eps_fy2""]",[],False,"[{""insumo"": ""reinvestimento"", ""motivo"": ""FCFF sem identidade observada completa de EBIT, capex, depreciação da DFC, variação do capital de giro operacional e adições de direitos de uso no mesmo período, base contábil e moeda: reinvestimento projetado por g ÷ RONIC, sem substituir ausência por zero"", ""nome"": ""reinvestimento observado""}]",8c4116ebaf4813c3169ee7f4e7130c5699ac3542c26595326db474086d3c3811,https://github.com/arielassayag/MarketSummary/blob/af6eb0c93d7c14efaa49bd658c0a502f4e9aedb9/book/cobertura/2026-10-07/modelos/BR_NATURA.json,não certificada por este inventário
BR_NU,Nu Holdings,BR,Financials,banco,"[{""issuer_id"": ""BR_NU"", ""issuer_name"": ""Nu Holdings"", ""country"": ""BR"", ""gics_sector"": ""Financials"", ""line_type"": ""US_LISTED"", ""yahoo_ticker"": ""NU"", ""exchange"": ""NYSE"", ""currency"": ""USD"", ""adr_ratio"": """", ""primary_line"": ""true"", ""notes"": ""Cayman; Brasil/Mexico/Colombia""}]",NU,USD,2026-10-07,Venda,B,True,8.55004,"[""rim"", ""pb_justificado""]",[],[],False,True,USD,USD,[],"[""eps_fy1"", ""eps_fy2""]",[],False,"[{""insumo"": ""recompras"", ""motivo"": ""item defasado em relação ao último balanço: recompra de ações (2023-12-31)"", ""nome"": ""recompra de ações""}, {""insumo"": ""dps_12m"", ""motivo"": ""sem histórico de proventos nem dividendos pagos no DFC"", ""nome"": ""dividendos dos últimos 12 meses""}, {""insumo"": ""margem"", ""motivo"": ""ebit: valor ausente ou não finito; ebit: período de 12 meses não demonstrado; ebit: moeda da fonte não demonstrada; ebit: base contábil não demonstrada"", ""nome"": ""margem EBIT comparável""}, {""insumo"": ""margem_historica"", ""motivo"": ""pares anuais sem alinhamento/proveniência: 2022, 2023, 2024, 2025"", ""nome"": ""margem EBIT histórica comparável""}, {""insumo"": ""metodo.regressao_pb_roe"", ""motivo"": ""fundamentos do emissor incompletos para a regressão"", ""nome"": ""P/VPA de regressão transversal (ROE, crescimento, β, payout)""}]",3eb6446440ff17029bba10600ac5f0481e13d00d64d3fc67f6f60b414ff274d7,https://github.com/arielassayag/MarketSummary/blob/af6eb0c93d7c14efaa49bd658c0a502f4e9aedb9/book/cobertura/2026-10-07/modelos/BR_NU.json,não certificada por este inventário
BR_ONCOCLINICAS,Oncoclínicas,BR,Health Care,corporativo,"[{""issuer_id"": ""BR_ONCOCLINICAS"", ""issuer_name"": ""Oncoclinicas"", ""country"": ""BR"", ""gics_sector"": ""Health Care"", ""line_type"": ""LOCAL"", ""yahoo_ticker"": ""ONCO3.SA"", ""exchange"": ""B3"", ""currency"": ""BRL"", ""adr_ratio"": """", ""primary_line"": ""true"", ""notes"": ""classe ON | ADTV 3m < US$ 5 mi""}]",ONCO3.SA,BRL,2026-10-07,Sem preço-alvo,Insuficiente,False,,[],"[""G3""]",[],True,False,BRL,BRL,[],"[""eps_fy1"", ""eps_fy2""]",[],,"[{""insumo"": ""reinvestimento"", ""motivo"": ""FCFF sem identidade observada completa de EBIT, capex, depreciação da DFC, variação do capital de giro operacional e adições de direitos de uso no mesmo período, base contábil e moeda: reinvestimento projetado por g ÷ RONIC, sem substituir ausência por zero"", ""nome"": ""reinvestimento observado""}, {""insumo"": ""metodo.fcff"", ""motivo"": ""valor do patrimônio não positivo (dissidência: conta na dispersão como zero)"", ""nome"": ""Fluxo de caixa livre da firma (três estágios)""}, {""insumo"": ""metodo.rim"", ""motivo"": ""LPA, payout ou ROE de convergência indisponível"", ""nome"": ""Lucro residual (GLS)""}, {""insumo"": ""metodo.multiplo_justificado"", ""motivo"": ""LPA positivo ou ROE sustentável indisponível"", ""nome"": ""P/L justificado pelos fundamentos""}]",7f3ea18c9a1df52617cd45ad2701fccdd180272ea8a52bd1ff11ac3c56db94d2,https://github.com/arielassayag/MarketSummary/blob/af6eb0c93d7c14efaa49bd658c0a502f4e9aedb9/book/cobertura/2026-10-07/modelos/BR_ONCOCLINICAS.json,não certificada por este inventário
BR_ORIZON,Orizon,BR,Industrials,corporativo,"[{""issuer_id"": ""BR_ORIZON"", ""issuer_name"": ""Orizon"", ""country"": ""BR"", ""gics_sector"": ""Industrials"", ""line_type"": ""LOCAL"", ""yahoo_ticker"": ""ORVR3.SA"", ""exchange"": ""B3"", ""currency"": ""BRL"", ""adr_ratio"": """", ""primary_line"": ""true"", ""notes"": ""classe ON""}]",ORVR3.SA,BRL,2026-10-07,Neutro,C,True,9.46971,"[""fcff"", ""rim"", ""multiplo_justificado""]",[],"[""G5"", ""G11"", ""G18""]",True,False,BRL,BRL,[],"[""eps_fy1"", ""eps_fy2""]",[],False,"[{""insumo"": ""dps_12m"", ""motivo"": ""sem histórico de proventos nem dividendos pagos no DFC"", ""nome"": ""dividendos dos últimos 12 meses""}, {""insumo"": ""g_receita_historico"", ""motivo"": ""crescimento histórico da receita de 52,3% fora da faixa plausível (provável efeito contábil): não usado"", ""nome"": ""crescimento histórico da receita""}, {""insumo"": ""reinvestimento"", ""motivo"": ""FCFF sem identidade observada completa de EBIT, capex, depreciação da DFC, variação do capital de giro operacional e adições de direitos de uso no mesmo período, base contábil e moeda: reinvestimento projetado por g ÷ RONIC, sem substituir ausência por zero"", ""nome"": ""reinvestimento observado""}]",836fbf26f957f8ec866bdc2ca2ed562378ff362e1d3f396023cd030528158b0a,https://github.com/arielassayag/MarketSummary/blob/af6eb0c93d7c14efaa49bd658c0a502f4e9aedb9/book/cobertura/2026-10-07/modelos/BR_ORIZON.json,não certificada por este inventário
BR_PAGS,PagSeguro Digital,BR,Financials,banco,"[{""issuer_id"": ""BR_PAGS"", ""issuer_name"": ""PagSeguro Digital"", ""country"": ""BR"", ""gics_sector"": ""Financials"", ""line_type"": ""US_LISTED"", ""yahoo_ticker"": ""PAGS"", ""exchange"": ""NYSE"", ""currency"": ""USD"", ""adr_ratio"": """", ""primary_line"": ""true"", ""notes"": """"}]",PAGS,USD,2026-10-07,Compra,B,True,19.7731,"[""rim"", ""pb_justificado"", ""regressao_pb_roe""]",[],[],False,True,BRL,BRL,[],"[""eps_fy1"", ""eps_fy2""]",[],False,"[{""insumo"": ""participacao_minoritarios"", ""motivo"": ""item defasado em relação ao último balanço: participação de não controladores (2021-12-31)"", ""nome"": ""participação de não controladores""}]",7dda5e350c55ffea1771e11f9874294b87b965ab136e706f55a112632dcd8a2e,https://github.com/arielassayag/MarketSummary/blob/af6eb0c93d7c14efaa49bd658c0a502f4e9aedb9/book/cobertura/2026-10-07/modelos/BR_PAGS.json,não certificada por este inventário
BR_PAGUEMENOS,Pague Menos,BR,Consumer Staples,corporativo,"[{""issuer_id"": ""BR_PAGUEMENOS"", ""issuer_name"": ""Pague Menos"", ""country"": ""BR"", ""gics_sector"": ""Consumer Staples"", ""line_type"": ""LOCAL"", ""yahoo_ticker"": ""PGMN3.SA"", ""exchange"": ""B3"", ""currency"": ""BRL"", ""adr_ratio"": """", ""primary_line"": ""true"", ""notes"": ""classe ON | ADTV 3m < US$ 5 mi""}]",PGMN3.SA,BRL,2026-10-07,Neutro,C,True,7.8026,"[""fcff"", ""rim"", ""multiplo_justificado""]",[],"[""G5""]",True,False,BRL,BRL,[],"[""eps_fy1"", ""eps_fy2""]",[],False,"[{""insumo"": ""reinvestimento"", ""motivo"": ""FCFF sem identidade observada completa de EBIT, capex, depreciação da DFC, variação do capital de giro operacional e adições de direitos de uso no mesmo período, base contábil e moeda: reinvestimento projetado por g ÷ RONIC, sem substituir ausência por zero"", ""nome"": ""reinvestimento observado""}]",4cab985d3e67d391068578019cd2e1f2049e010f4c5a01343f16e90fca19ff31,https://github.com/arielassayag/MarketSummary/blob/af6eb0c93d7c14efaa49bd658c0a502f4e9aedb9/book/cobertura/2026-10-07/modelos/BR_PAGUEMENOS.json,não certificada por este inventário
BR_PATRIA,Patria Investments,BR,Financials,corporativo,"[{""issuer_id"": ""BR_PATRIA"", ""issuer_name"": ""Patria Investments"", ""country"": ""BR"", ""gics_sector"": ""Financials"", ""line_type"": ""US_LISTED"", ""yahoo_ticker"": ""PAX"", ""exchange"": ""NASDAQ"", ""currency"": ""USD"", ""adr_ratio"": """", ""primary_line"": ""true"", ""notes"": """"}]",PAX,USD,2026-10-07,Compra,B,True,15.2762,"[""rim"", ""multiplo_justificado""]",[],[],False,True,USD,USD,[],"[""eps_fy1"", ""eps_fy2""]",[],False,"[{""insumo"": ""metodo.fcff"", ""motivo"": ""fluxo de caixa da firma não se aplica a financeiras"", ""nome"": ""Fluxo de caixa livre da firma (três estágios)""}]",bed4d33fbf4031f6ce33c6b9dce44c555fb997a23d399de274f562e8e7b2dae1,https://github.com/arielassayag/MarketSummary/blob/af6eb0c93d7c14efaa49bd658c0a502f4e9aedb9/book/cobertura/2026-10-07/modelos/BR_PATRIA.json,não certificada por este inventário
BR_PETROBRAS,Petrobras,BR,Energy,commodity,"[{""issuer_id"": ""BR_PETROBRAS"", ""issuer_name"": ""Petrobras"", ""country"": ""BR"", ""gics_sector"": ""Energy"", ""line_type"": ""ADR"", ""yahoo_ticker"": ""PBR"", ""exchange"": ""NYSE"", ""currency"": ""USD"", ""adr_ratio"": ""2"", ""primary_line"": ""true"", ""notes"": ""ADS = 2 ações locais | ON e PN; PBR=2 ON, PBR-A=2 PN | OK (implicito 1.994, desvio -0.3%, n=20)""}, {""issuer_id"": ""BR_PETROBRAS"", ""issuer_name"": ""Petrobras"", ""country"": ""BR"", ""gics_sector"": ""Energy"", ""line_type"": ""ADR"", ""yahoo_ticker"": ""PBR-A"", ""exchange"": ""NYSE"", ""currency"": ""USD"", ""adr_ratio"": ""2"", ""primary_line"": ""false"", ""notes"": ""ADS = 2 ações locais | ON e PN; PBR=2 ON, PBR-A=2 PN | OK (implicito 1.996, desvio -0.2%, n=20)""}, {""issuer_id"": ""BR_PETROBRAS"", ""issuer_name"": ""Petrobras"", ""country"": ""BR"", ""gics_sector"": ""Energy"", ""line_type"": ""LOCAL"", ""yahoo_ticker"": ""PETR3.SA"", ""exchange"": ""B3"", ""currency"": ""BRL"", ""adr_ratio"": """", ""primary_line"": ""false"", ""notes"": ""classe ON | ON e PN; PBR=2 ON, PBR-A=2 PN""}, {""issuer_id"": ""BR_PETROBRAS"", ""issuer_name"": ""Petrobras"", ""country"": ""BR"", ""gics_sector"": ""Energy"", ""line_type"": ""LOCAL"", ""yahoo_ticker"": ""PETR4.SA"", ""exchange"": ""B3"", ""currency"": ""BRL"", ""adr_ratio"": """", ""primary_line"": ""false"", ""notes"": ""classe PN | ON e PN; PBR=2 ON, PBR-A=2 PN""}]",PETR4.SA,BRL,2026-10-07,Neutro,C,True,118.19,"[""fcff_normalizado"", ""rim"", ""regressao_ev_receita""]",[],"[""G11""]",True,False,BRL,BRL,[],"[""eps_fy1"", ""eps_fy2""]",[],False,"[{""insumo"": ""reinvestimento"", ""motivo"": ""FCFF sem identidade observada completa de EBIT, capex, depreciação da DFC, variação do capital de giro operacional e adições de direitos de uso no mesmo período, base contábil e moeda: reinvestimento projetado por g ÷ RONIC, sem substituir ausência por zero"", ""nome"": ""reinvestimento observado""}]",b67d679fb3447a96bc7799906643daf655b7b6a5b4f479417b383f2d502cbd5a,https://github.com/arielassayag/MarketSummary/blob/af6eb0c93d7c14efaa49bd658c0a502f4e9aedb9/book/cobertura/2026-10-07/modelos/BR_PETROBRAS.json,não certificada por este inventário
BR_PETZCOBASI,Petz-Cobasi,BR,Consumer Discretionary,corporativo,"[{""issuer_id"": ""BR_PETZCOBASI"", ""issuer_name"": ""Petz-Cobasi"", ""country"": ""BR"", ""gics_sector"": ""Consumer Discretionary"", ""line_type"": ""LOCAL"", ""yahoo_ticker"": ""AUAU3.SA"", ""exchange"": ""B3"", ""currency"": ""BRL"", ""adr_ratio"": """", ""primary_line"": ""true"", ""notes"": ""classe ON | Fusao Petz+Cobasi; ticker AUAU3 | ADTV 3m < US$ 5 mi | histórico válido desde 2026-01-05""}]",AUAU3.SA,BRL,2026-10-07,Venda,B,True,2.37912,"[""fcff"", ""rim"", ""multiplo_justificado""]",[],[],True,False,BRL,BRL,[],"[""eps_fy1"", ""eps_fy2"", ""dps_12m""]","[""dps_12m""]",False,"[{""insumo"": ""g_receita_historico"", ""motivo"": ""crescimento histórico da receita de 76,0% fora da faixa plausível (provável efeito contábil): não usado"", ""nome"": ""crescimento histórico da receita""}, {""insumo"": ""reinvestimento"", ""motivo"": ""FCFF sem identidade observada completa de EBIT, capex, depreciação da DFC, variação do capital de giro operacional e adições de direitos de uso no mesmo período, base contábil e moeda: reinvestimento projetado por g ÷ RONIC, sem substituir ausência por zero"", ""nome"": ""reinvestimento observado""}]",cc02c2a8619ba12af492a22fadc46e9bd9baff258ba17c3bb3185299d2ddf94b,https://github.com/arielassayag/MarketSummary/blob/af6eb0c93d7c14efaa49bd658c0a502f4e9aedb9/book/cobertura/2026-10-07/modelos/BR_PETZCOBASI.json,não certificada por este inventário
BR_PICPAY,PicPay (PicS N.V.),BR,Financials,banco,"[{""issuer_id"": ""BR_PICPAY"", ""issuer_name"": ""PicPay (PicS N.V.)"", ""country"": ""BR"", ""gics_sector"": ""Financials"", ""line_type"": ""US_LISTED"", ""yahoo_ticker"": ""PICS"", ""exchange"": ""NASDAQ"", ""currency"": ""USD"", ""adr_ratio"": """", ""primary_line"": ""true"", ""notes"": ""IPO Nasdaq 29/01/2026 a US$19 | ADTV 3m < US$ 5 mi | histórico válido desde 2026-01-29""}]",PICS,USD,2026-10-07,Neutro,C,True,25.369,"[""rim"", ""pb_justificado""]",[],"[""G11""]",False,True,BRL,BRL,[],"[""eps_fy1"", ""eps_fy2""]",[],False,"[{""insumo"": ""dps_12m"", ""motivo"": ""sem histórico de proventos nem dividendos pagos no DFC"", ""nome"": ""dividendos dos últimos 12 meses""}, {""insumo"": ""margem"", ""motivo"": ""ebit: valor ausente ou não finito; ebit: período de 12 meses não demonstrado; ebit: moeda da fonte não demonstrada; ebit: base contábil não demonstrada"", ""nome"": ""margem EBIT comparável""}, {""insumo"": ""margem_historica"", ""motivo"": ""pares anuais sem alinhamento/proveniência: 2022, 2023, 2024, 2025"", ""nome"": ""margem EBIT histórica comparável""}, {""insumo"": ""metodo.regressao_pb_roe"", ""motivo"": ""fundamentos do emissor incompletos para a regressão"", ""nome"": ""P/VPA de regressão transversal (ROE, crescimento, β, payout)""}]",9ebfeb68c8b38832ad38f3cd4d2306cf261c207910e517a20bd07f8cb16e2d56,https://github.com/arielassayag/MarketSummary/blob/af6eb0c93d7c14efaa49bd658c0a502f4e9aedb9/book/cobertura/2026-10-07/modelos/BR_PICPAY.json,não certificada por este inventário
BR_PINE,Banco Pine,BR,Financials,banco,"[{""issuer_id"": ""BR_PINE"", ""issuer_name"": ""Banco Pine"", ""country"": ""BR"", ""gics_sector"": ""Financials"", ""line_type"": ""LOCAL"", ""yahoo_ticker"": ""PINE4.SA"", ""exchange"": ""B3"", ""currency"": ""BRL"", ""adr_ratio"": """", ""primary_line"": ""true"", ""notes"": ""classe PN | ADTV 3m < US$ 5 mi""}]",PINE4.SA,BRL,2026-10-07,Compra,B,True,20.6094,"[""rim"", ""pb_justificado"", ""regressao_pb_roe""]",[],[],True,False,BRL,BRL,[],"[""eps_fy1"", ""eps_fy2""]",[],False,"[{""insumo"": ""d_a"", ""motivo"": ""item defasado em relação ao último balanço: depreciação e amortização (2024-12-31)"", ""nome"": ""depreciação e amortização""}, {""insumo"": ""d_a_dfc"", ""motivo"": ""item defasado em relação ao último balanço: depreciação e amortização restituídas na DFC (2024-12-31)"", ""nome"": ""depreciação e amortização restituídas na DFC""}, {""insumo"": ""margem"", ""motivo"": ""ebit: valor ausente ou não finito; ebit: período de 12 meses não demonstrado; ebit: moeda da fonte não demonstrada; ebit: base contábil não demonstrada"", ""nome"": ""margem EBIT comparável""}, {""insumo"": ""margem_historica"", ""motivo"": ""pares anuais sem alinhamento/proveniência: 2021, 2022, 2023, 2024, 2025"", ""nome"": ""margem EBIT histórica comparável""}]",e6c28efb1cc89a5f282ec11e84b224fa1855f72290392d6b94fdc4e9fd3326d4,https://github.com/arielassayag/MarketSummary/blob/af6eb0c93d7c14efaa49bd658c0a502f4e9aedb9/book/cobertura/2026-10-07/modelos/BR_PINE.json,não certificada por este inventário
BR_PLANO,Plano & Plano,BR,Consumer Discretionary,imobiliario,"[{""issuer_id"": ""BR_PLANO"", ""issuer_name"": ""Plano & Plano"", ""country"": ""BR"", ""gics_sector"": ""Consumer Discretionary"", ""line_type"": ""LOCAL"", ""yahoo_ticker"": ""PLPL3.SA"", ""exchange"": ""B3"", ""currency"": ""BRL"", ""adr_ratio"": """", ""primary_line"": ""true"", ""notes"": ""classe ON | ADTV 3m < US$ 5 mi""}]",PLPL3.SA,BRL,2026-10-07,Neutro,C,True,20.2466,"[""rim"", ""regressao_pb_roe""]",[],"[""G11""]",True,False,BRL,BRL,[],"[""eps_fy1"", ""eps_fy2""]",[],True,"[{""insumo"": ""reinvestimento"", ""motivo"": ""FCFF sem identidade observada completa de EBIT, capex, depreciação da DFC, variação do capital de giro operacional e adições de direitos de uso no mesmo período, base contábil e moeda: reinvestimento projetado por g ÷ RONIC, sem substituir ausência por zero"", ""nome"": ""reinvestimento observado""}]",98de745ec65e10fff53a8bf069ef4cbf0c2c4ef462233887f26414aa3e692a50,https://github.com/arielassayag/MarketSummary/blob/af6eb0c93d7c14efaa49bd658c0a502f4e9aedb9/book/cobertura/2026-10-07/modelos/BR_PLANO.json,não certificada por este inventário
BR_PORTO,Porto Seguro,BR,Financials,seguradora,"[{""issuer_id"": ""BR_PORTO"", ""issuer_name"": ""Porto Seguro"", ""country"": ""BR"", ""gics_sector"": ""Financials"", ""line_type"": ""LOCAL"", ""yahoo_ticker"": ""PSSA3.SA"", ""exchange"": ""B3"", ""currency"": ""BRL"", ""adr_ratio"": """", ""primary_line"": ""true"", ""notes"": ""classe ON""}]",PSSA3.SA,BRL,2026-10-07,Neutro,B,True,53.6797,"[""ddm"", ""rim""]",[],[],True,False,BRL,BRL,[],"[""eps_fy1"", ""eps_fy2""]",[],False,"[{""insumo"": ""metodo.regressao_pl"", ""motivo"": ""regressão transversal indisponível (R² de 0,18 abaixo do mínimo de 0,25)"", ""nome"": ""P/L de regressão transversal (crescimento, payout, β)""}]",d28222c202674effa462383d980011b9127db0d6c89706be444bf39fd73337fb,https://github.com/arielassayag/MarketSummary/blob/af6eb0c93d7c14efaa49bd658c0a502f4e9aedb9/book/cobertura/2026-10-07/modelos/BR_PORTO.json,não certificada por este inventário
BR_PRIO,PRIO,BR,Energy,commodity,"[{""issuer_id"": ""BR_PRIO"", ""issuer_name"": ""PRIO"", ""country"": ""BR"", ""gics_sector"": ""Energy"", ""line_type"": ""LOCAL"", ""yahoo_ticker"": ""PRIO3.SA"", ""exchange"": ""B3"", ""currency"": ""BRL"", ""adr_ratio"": """", ""primary_line"": ""true"", ""notes"": ""classe ON""}]",PRIO3.SA,BRL,2026-10-07,Neutro,A,True,81.6864,"[""fcff_normalizado"", ""rim"", ""regressao_ev_receita""]",[],[],True,False,BRL,BRL,[],"[""eps_fy1"", ""eps_fy2""]",[],False,"[{""insumo"": ""g_receita_historico"", ""motivo"": ""crescimento histórico da receita de 49,0% fora da faixa plausível (provável efeito contábil): não usado"", ""nome"": ""crescimento histórico da receita""}, {""insumo"": ""reinvestimento"", ""motivo"": ""FCFF sem identidade observada completa de EBIT, capex, depreciação da DFC, variação do capital de giro operacional e adições de direitos de uso no mesmo período, base contábil e moeda: reinvestimento projetado por g ÷ RONIC, sem substituir ausência por zero"", ""nome"": ""reinvestimento observado""}]",6e4eb5fc1c3dc443fa4d92bad3e3e7aeb3e3bb13783f4ed27919c9a3571e2596,https://github.com/arielassayag/MarketSummary/blob/af6eb0c93d7c14efaa49bd658c0a502f4e9aedb9/book/cobertura/2026-10-07/modelos/BR_PRIO.json,não certificada por este inventário
BR_RAIADROGASIL,Raia Drogasil,BR,Consumer Staples,corporativo,"[{""issuer_id"": ""BR_RAIADROGASIL"", ""issuer_name"": ""Raia Drogasil"", ""country"": ""BR"", ""gics_sector"": ""Consumer Staples"", ""line_type"": ""LOCAL"", ""yahoo_ticker"": ""RADL3.SA"", ""exchange"": ""B3"", ""currency"": ""BRL"", ""adr_ratio"": """", ""primary_line"": ""true"", ""notes"": ""classe ON""}]",RADL3.SA,BRL,2026-10-07,Neutro,C,True,13.9517,"[""fcff"", ""rim"", ""multiplo_justificado""]",[],[],True,False,BRL,BRL,[],"[""eps_fy1"", ""eps_fy2""]",[],False,"[{""insumo"": ""reinvestimento"", ""motivo"": ""FCFF sem identidade observada completa de EBIT, capex, depreciação da DFC, variação do capital de giro operacional e adições de direitos de uso no mesmo período, base contábil e moeda: reinvestimento projetado por g ÷ RONIC, sem substituir ausência por zero"", ""nome"": ""reinvestimento observado""}]",29d6a64a2128885a3fe0b3c322ae83825e238d30c79c578e71274e659bf5d768,https://github.com/arielassayag/MarketSummary/blob/af6eb0c93d7c14efaa49bd658c0a502f4e9aedb9/book/cobertura/2026-10-07/modelos/BR_RAIADROGASIL.json,não certificada por este inventário
BR_RANDON,Randoncorp,BR,Industrials,corporativo,"[{""issuer_id"": ""BR_RANDON"", ""issuer_name"": ""Randoncorp"", ""country"": ""BR"", ""gics_sector"": ""Industrials"", ""line_type"": ""LOCAL"", ""yahoo_ticker"": ""RAPT4.SA"", ""exchange"": ""B3"", ""currency"": ""BRL"", ""adr_ratio"": """", ""primary_line"": ""true"", ""notes"": ""classe PN | ADTV 3m < US$ 5 mi""}]",RAPT4.SA,BRL,2026-10-07,Neutro,C,True,9.76583,"[""rim"", ""multiplo_justificado""]",[],[],True,False,BRL,BRL,[],"[""eps_fy1"", ""eps_fy2""]",[],False,"[{""insumo"": ""reinvestimento"", ""motivo"": ""FCFF sem identidade observada completa de EBIT, capex, depreciação da DFC, variação do capital de giro operacional e adições de direitos de uso no mesmo período, base contábil e moeda: reinvestimento projetado por g ÷ RONIC, sem substituir ausência por zero"", ""nome"": ""reinvestimento observado""}, {""insumo"": ""metodo.fcff"", ""motivo"": ""valor do patrimônio não positivo (dissidência: conta na dispersão como zero)"", ""nome"": ""Fluxo de caixa livre da firma (três estágios)""}]",351c0a86acac2dd17936f8baad36a55560cc2ec02e9d186905fbfc7d3cff2ba2,https://github.com/arielassayag/MarketSummary/blob/af6eb0c93d7c14efaa49bd658c0a502f4e9aedb9/book/cobertura/2026-10-07/modelos/BR_RANDON.json,não certificada por este inventário
BR_RECV,PetroRecôncavo,BR,Energy,commodity,"[{""issuer_id"": ""BR_RECV"", ""issuer_name"": ""PetroReconcavo"", ""country"": ""BR"", ""gics_sector"": ""Energy"", ""line_type"": ""LOCAL"", ""yahoo_ticker"": ""RECV3.SA"", ""exchange"": ""B3"", ""currency"": ""BRL"", ""adr_ratio"": """", ""primary_line"": ""true"", ""notes"": ""classe ON | ADTV 3m < US$ 5 mi""}]",RECV3.SA,BRL,2026-10-07,Neutro,A,True,15.945,"[""fcff_normalizado"", ""rim"", ""regressao_ev_receita""]",[],[],True,False,BRL,BRL,[],"[""eps_fy1"", ""eps_fy2""]",[],False,"[{""insumo"": ""recompras"", ""motivo"": ""item defasado em relação ao último balanço: recompra de ações (2023-12-31)"", ""nome"": ""recompra de ações""}, {""insumo"": ""reinvestimento"", ""motivo"": ""FCFF sem identidade observada completa de EBIT, capex, depreciação da DFC, variação do capital de giro operacional e adições de direitos de uso no mesmo período, base contábil e moeda: reinvestimento projetado por g ÷ RONIC, sem substituir ausência por zero"", ""nome"": ""reinvestimento observado""}]",fadd7fe111d01a852d55547d8d3a2971f0c2c92405f2a8297f18be9aa08f136a,https://github.com/arielassayag/MarketSummary/blob/af6eb0c93d7c14efaa49bd658c0a502f4e9aedb9/book/cobertura/2026-10-07/modelos/BR_RECV.json,não certificada por este inventário
BR_REDEDOR,Rede D'Or São Luiz,BR,Health Care,corporativo,"[{""issuer_id"": ""BR_REDEDOR"", ""issuer_name"": ""Rede D'Or Sao Luiz"", ""country"": ""BR"", ""gics_sector"": ""Health Care"", ""line_type"": ""LOCAL"", ""yahoo_ticker"": ""RDOR3.SA"", ""exchange"": ""B3"", ""currency"": ""BRL"", ""adr_ratio"": """", ""primary_line"": ""true"", ""notes"": ""classe ON""}]",RDOR3.SA,BRL,2026-10-07,Neutro,B,True,40.8345,"[""fcff"", ""rim"", ""multiplo_justificado""]",[],[],True,False,BRL,BRL,[],"[""eps_fy1"", ""eps_fy2""]",[],False,"[{""insumo"": ""reinvestimento"", ""motivo"": ""FCFF sem identidade observada completa de EBIT, capex, depreciação da DFC, variação do capital de giro operacional e adições de direitos de uso no mesmo período, base contábil e moeda: reinvestimento projetado por g ÷ RONIC, sem substituir ausência por zero"", ""nome"": ""reinvestimento observado""}]",c09f55eabb2c78ed66adb4e117fa9f5e4f1448cb86294ebbb43574a76c4824c6,https://github.com/arielassayag/MarketSummary/blob/af6eb0c93d7c14efaa49bd658c0a502f4e9aedb9/book/cobertura/2026-10-07/modelos/BR_REDEDOR.json,não certificada por este inventário
BR_RENNER,Lojas Renner,BR,Consumer Discretionary,corporativo,"[{""issuer_id"": ""BR_RENNER"", ""issuer_name"": ""Lojas Renner"", ""country"": ""BR"", ""gics_sector"": ""Consumer Discretionary"", ""line_type"": ""LOCAL"", ""yahoo_ticker"": ""LREN3.SA"", ""exchange"": ""B3"", ""currency"": ""BRL"", ""adr_ratio"": """", ""primary_line"": ""true"", ""notes"": ""classe ON""}]",LREN3.SA,BRL,2026-10-07,Neutro,A,True,12.8405,"[""fcff"", ""rim"", ""multiplo_justificado""]",[],[],True,False,BRL,BRL,[],"[""eps_fy1"", ""eps_fy2""]",[],False,"[{""insumo"": ""reinvestimento"", ""motivo"": ""FCFF sem identidade observada completa de EBIT, capex, depreciação da DFC, variação do capital de giro operacional e adições de direitos de uso no mesmo período, base contábil e moeda: reinvestimento projetado por g ÷ RONIC, sem substituir ausência por zero"", ""nome"": ""reinvestimento observado""}]",5d25b8495f322909e5fd6e8a2e265ce34ab89aa822996f398c3bca58b343a85a,https://github.com/arielassayag/MarketSummary/blob/af6eb0c93d7c14efaa49bd658c0a502f4e9aedb9/book/cobertura/2026-10-07/modelos/BR_RENNER.json,não certificada por este inventário
BR_RIACHUELO,Riachuelo (ex-Guararapes),BR,Consumer Discretionary,corporativo,"[{""issuer_id"": ""BR_RIACHUELO"", ""issuer_name"": ""Riachuelo (ex-Guararapes)"", ""country"": ""BR"", ""gics_sector"": ""Consumer Discretionary"", ""line_type"": ""LOCAL"", ""yahoo_ticker"": ""RIAA3.SA"", ""exchange"": ""B3"", ""currency"": ""BRL"", ""adr_ratio"": """", ""primary_line"": ""true"", ""notes"": ""classe ON | ADTV 3m < US$ 5 mi""}]",RIAA3.SA,BRL,2026-10-07,Em revisão,C,False,33.8333,"[""fcff"", ""rim"", ""multiplo_justificado""]","[""G9"", ""G11""]","[""G18"", ""G20""]",True,False,BRL,BRL,[],"[""eps_fy1"", ""eps_fy2""]",[],False,"[{""insumo"": ""reinvestimento"", ""motivo"": ""FCFF sem identidade observada completa de EBIT, capex, depreciação da DFC, variação do capital de giro operacional e adições de direitos de uso no mesmo período, base contábil e moeda: reinvestimento projetado por g ÷ RONIC, sem substituir ausência por zero"", ""nome"": ""reinvestimento observado""}]",e2e587b865f7cbfed6312cbf7ad1ba772a4b30399f2adad744a33507f9d5049f,https://github.com/arielassayag/MarketSummary/blob/af6eb0c93d7c14efaa49bd658c0a502f4e9aedb9/book/cobertura/2026-10-07/modelos/BR_RIACHUELO.json,não certificada por este inventário
BR_RUMO,Rumo,BR,Industrials,concessao,"[{""issuer_id"": ""BR_RUMO"", ""issuer_name"": ""Rumo"", ""country"": ""BR"", ""gics_sector"": ""Industrials"", ""line_type"": ""LOCAL"", ""yahoo_ticker"": ""RAIL3.SA"", ""exchange"": ""B3"", ""currency"": ""BRL"", ""adr_ratio"": """", ""primary_line"": ""true"", ""notes"": ""classe ON""}]",RAIL3.SA,BRL,2026-10-07,Em revisão,C,False,3.34465,"[""fcff_vida_finita"", ""rim""]","[""G9"", ""G11""]","[""G16"", ""G20""]",True,False,BRL,BRL,[],"[""fim_concessao"", ""eps_fy1"", ""eps_fy2""]",[],False,"[{""insumo"": ""reinvestimento"", ""motivo"": ""FCFF sem identidade observada completa de EBIT, capex, depreciação da DFC, variação do capital de giro operacional e adições de direitos de uso no mesmo período, base contábil e moeda: reinvestimento projetado por g ÷ RONIC, sem substituir ausência por zero"", ""nome"": ""reinvestimento observado""}]",f11dc5b32317f700c1c9fef2c6ace4c44b05049281cc447c1b1a27c1d1e30a48,https://github.com/arielassayag/MarketSummary/blob/af6eb0c93d7c14efaa49bd658c0a502f4e9aedb9/book/cobertura/2026-10-07/modelos/BR_RUMO.json,não certificada por este inventário
BR_SABESP,Sabesp,BR,Utilities,utilidade_regulada,"[{""issuer_id"": ""BR_SABESP"", ""issuer_name"": ""Sabesp"", ""country"": ""BR"", ""gics_sector"": ""Utilities"", ""line_type"": ""LOCAL"", ""yahoo_ticker"": ""SBSP3.SA"", ""exchange"": ""B3"", ""currency"": ""BRL"", ""adr_ratio"": """", ""primary_line"": ""true"", ""notes"": ""classe ON""}, {""issuer_id"": ""BR_SABESP"", ""issuer_name"": ""Sabesp"", ""country"": ""BR"", ""gics_sector"": ""Utilities"", ""line_type"": ""ADR"", ""yahoo_ticker"": ""SBS"", ""exchange"": ""NYSE"", ""currency"": ""USD"", ""adr_ratio"": ""1"", ""primary_line"": ""false"", ""notes"": ""ADS = 1 ações locais | OK (implicito 0.998, desvio -0.2%, n=20)""}]",SBSP3.SA,BRL,2026-10-07,Neutro,C,True,29.9192,"[""rim_real"", ""ddm_real"", ""fcff_real"", ""regressao_pb_roe""]",[],"[""G5"", ""G17""]",True,False,BRL,BRL,[],"[""eps_fy1"", ""eps_fy2""]",[],False,"[{""insumo"": ""acoes_em_circulacao"", ""motivo"": ""em conferência na fonte em 2026-06-30: valor do período ausente na fonte pública (o período anterior não é usado)"", ""nome"": ""ações em circulação""}, {""insumo"": ""acoes_emitidas"", ""motivo"": ""em conferência na fonte em 2026-06-30: valor do período ausente na fonte pública (o período anterior não é usado)"", ""nome"": ""ações emitidas""}, {""insumo"": ""acoes_tesouraria"", ""motivo"": ""em conferência na fonte em 2026-06-30: valor do período ausente na fonte pública (o período anterior não é usado)"", ""nome"": ""ações em tesouraria""}, {""insumo"": ""g_receita_historico"", ""motivo"": ""crescimento histórico da receita com a receita de construção (não comparável com a base sem ela): não usado"", ""nome"": ""crescimento histórico da receita""}, {""insumo"": ""reinvestimento"", ""motivo"": ""FCFF sem identidade observada completa de EBIT, capex, depreciação da DFC, variação do capital de giro operacional e adições de direitos de uso no mesmo período, base contábil e moeda: reinvestimento projetado por g ÷ RONIC, sem substituir ausência por zero"", ""nome"": ""reinvestimento observado""}]",a2683508e5b7ab0f22876a50101ae29db4952bc7edbb177d864c179f0069814a,https://github.com/arielassayag/MarketSummary/blob/af6eb0c93d7c14efaa49bd658c0a502f4e9aedb9/book/cobertura/2026-10-07/modelos/BR_SABESP.json,não certificada por este inventário
BR_SANEPAR,Sanepar,BR,Utilities,utilidade_regulada,"[{""issuer_id"": ""BR_SANEPAR"", ""issuer_name"": ""Sanepar"", ""country"": ""BR"", ""gics_sector"": ""Utilities"", ""line_type"": ""LOCAL"", ""yahoo_ticker"": ""SAPR11.SA"", ""exchange"": ""B3"", ""currency"": ""BRL"", ""adr_ratio"": """", ""primary_line"": ""true"", ""notes"": ""classe Unit""}]",SAPR11.SA,BRL,2026-10-07,Neutro,B,True,44.8991,"[""rim_real"", ""ddm_real"", ""fcff_real"", ""regressao_pb_roe""]",[],[],True,False,BRL,BRL,[],"[""eps_fy1"", ""eps_fy2""]",[],False,"[{""insumo"": ""reinvestimento"", ""motivo"": ""FCFF sem identidade observada completa de EBIT, capex, depreciação da DFC, variação do capital de giro operacional e adições de direitos de uso no mesmo período, base contábil e moeda: reinvestimento projetado por g ÷ RONIC, sem substituir ausência por zero"", ""nome"": ""reinvestimento observado""}]",1bd50f1c55b4b058c3d06c8f1178d7a01c102dfdbe50c244f7f3b6d5e380aac1,https://github.com/arielassayag/MarketSummary/blob/af6eb0c93d7c14efaa49bd658c0a502f4e9aedb9/book/cobertura/2026-10-07/modelos/BR_SANEPAR.json,não certificada por este inventário
BR_SANTANDER,Banco Santander Brasil,BR,Financials,banco,"[{""issuer_id"": ""BR_SANTANDER"", ""issuer_name"": ""Banco Santander Brasil"", ""country"": ""BR"", ""gics_sector"": ""Financials"", ""line_type"": ""LOCAL"", ""yahoo_ticker"": ""SANB11.SA"", ""exchange"": ""B3"", ""currency"": ""BRL"", ""adr_ratio"": """", ""primary_line"": ""true"", ""notes"": ""classe Unit | BSBR = 1 unit SANB11""}, {""issuer_id"": ""BR_SANTANDER"", ""issuer_name"": ""Banco Santander Brasil"", ""country"": ""BR"", ""gics_sector"": ""Financials"", ""line_type"": ""ADR"", ""yahoo_ticker"": ""BSBR"", ""exchange"": ""NYSE"", ""currency"": ""USD"", ""adr_ratio"": ""1"", ""primary_line"": ""false"", ""notes"": ""ADS = 1 ações locais | BSBR = 1 unit SANB11 | OK (implicito 1.003, desvio +0.3%, n=20)""}]",SANB11.SA,BRL,2026-10-07,Compra,A,True,44.4021,"[""rim"", ""pb_justificado"", ""regressao_pb_roe""]",[],[],True,False,BRL,BRL,[],"[""eps_fy1"", ""eps_fy2""]",[],False,"[{""insumo"": ""recompras"", ""motivo"": ""item defasado em relação ao último balanço: recompra de ações (2022-12-31)"", ""nome"": ""recompra de ações""}, {""insumo"": ""carteira_credito"", ""motivo"": ""item defasado em relação ao último balanço: carteira de crédito (2024-12-31)"", ""nome"": ""carteira de crédito""}, {""insumo"": ""margem"", ""motivo"": ""ebit: valor ausente ou não finito; ebit: período de 12 meses não demonstrado; ebit: moeda da fonte não demonstrada; ebit: base contábil não demonstrada"", ""nome"": ""margem EBIT comparável""}, {""insumo"": ""margem_historica"", ""motivo"": ""pares anuais sem alinhamento/proveniência: 2021, 2022, 2023, 2024, 2025"", ""nome"": ""margem EBIT histórica comparável""}]",fa2c1755c8dd9e6958fa68fa3edc7e9ed7bc40ed9e61b7e63cc8000259f12a82,https://github.com/arielassayag/MarketSummary/blob/af6eb0c93d7c14efaa49bd658c0a502f4e9aedb9/book/cobertura/2026-10-07/modelos/BR_SANTANDER.json,não certificada por este inventário
BR_SAOMARTINHO,São Martinho,BR,Consumer Staples,commodity,"[{""issuer_id"": ""BR_SAOMARTINHO"", ""issuer_name"": ""Sao Martinho"", ""country"": ""BR"", ""gics_sector"": ""Consumer Staples"", ""line_type"": ""LOCAL"", ""yahoo_ticker"": ""SMTO3.SA"", ""exchange"": ""B3"", ""currency"": ""BRL"", ""adr_ratio"": """", ""primary_line"": ""true"", ""notes"": ""classe ON""}]",SMTO3.SA,BRL,2026-10-07,Neutro,C,True,28.8469,"[""fcff_normalizado"", ""rim"", ""regressao_ev_receita""]",[],"[""G5""]",True,False,BRL,BRL,[],"[""eps_fy1"", ""eps_fy2""]",[],False,"[{""insumo"": ""reinvestimento"", ""motivo"": ""FCFF sem identidade observada completa de EBIT, capex, depreciação da DFC, variação do capital de giro operacional e adições de direitos de uso no mesmo período, base contábil e moeda: reinvestimento projetado por g ÷ RONIC, sem substituir ausência por zero"", ""nome"": ""reinvestimento observado""}]",b32e414a75eeb437ef21497306219ae514ec75d791b2bb7a5dbb9a129715c6ef,https://github.com/arielassayag/MarketSummary/blob/af6eb0c93d7c14efaa49bd658c0a502f4e9aedb9/book/cobertura/2026-10-07/modelos/BR_SAOMARTINHO.json,não certificada por este inventário
BR_SBF,Grupo SBF (Centauro),BR,Consumer Discretionary,corporativo,"[{""issuer_id"": ""BR_SBF"", ""issuer_name"": ""Grupo SBF (Centauro)"", ""country"": ""BR"", ""gics_sector"": ""Consumer Discretionary"", ""line_type"": ""LOCAL"", ""yahoo_ticker"": ""SBFG3.SA"", ""exchange"": ""B3"", ""currency"": ""BRL"", ""adr_ratio"": """", ""primary_line"": ""true"", ""notes"": ""classe ON | ADTV 3m < US$ 5 mi""}]",SBFG3.SA,BRL,2026-10-07,Neutro,B,True,13.3829,"[""fcff"", ""rim"", ""multiplo_justificado""]",[],[],True,False,BRL,BRL,[],"[""eps_fy1"", ""eps_fy2""]",[],False,"[{""insumo"": ""reinvestimento"", ""motivo"": ""FCFF sem identidade observada completa de EBIT, capex, depreciação da DFC, variação do capital de giro operacional e adições de direitos de uso no mesmo período, base contábil e moeda: reinvestimento projetado por g ÷ RONIC, sem substituir ausência por zero"", ""nome"": ""reinvestimento observado""}]",40a0cfcdce048fe1e350e4fbb2d4beb10da34780b9a3fd9e783a04d06875f2f1,https://github.com/arielassayag/MarketSummary/blob/af6eb0c93d7c14efaa49bd658c0a502f4e9aedb9/book/cobertura/2026-10-07/modelos/BR_SBF.json,não certificada por este inventário
BR_SER,Ser Educacional,BR,Consumer Discretionary,corporativo,"[{""issuer_id"": ""BR_SER"", ""issuer_name"": ""Ser Educacional"", ""country"": ""BR"", ""gics_sector"": ""Consumer Discretionary"", ""line_type"": ""LOCAL"", ""yahoo_ticker"": ""SEER3.SA"", ""exchange"": ""B3"", ""currency"": ""BRL"", ""adr_ratio"": """", ""primary_line"": ""true"", ""notes"": ""classe ON | ADTV 3m < US$ 5 mi""}]",SEER3.SA,BRL,2026-10-07,Compra,B,True,24.0073,"[""fcff"", ""rim"", ""multiplo_justificado""]",[],[],True,False,BRL,BRL,[],"[""eps_fy1"", ""eps_fy2""]",[],False,"[{""insumo"": ""reinvestimento"", ""motivo"": ""FCFF sem identidade observada completa de EBIT, capex, depreciação da DFC, variação do capital de giro operacional e adições de direitos de uso no mesmo período, base contábil e moeda: reinvestimento projetado por g ÷ RONIC, sem substituir ausência por zero"", ""nome"": ""reinvestimento observado""}]",8871f83b7f2bee7cfa3a6d8e0f6f847d6b2422ac8be9f2f0953ee25616f1c71d,https://github.com/arielassayag/MarketSummary/blob/af6eb0c93d7c14efaa49bd658c0a502f4e9aedb9/book/cobertura/2026-10-07/modelos/BR_SER.json,não certificada por este inventário
BR_SIGMALITH,Sigma Lithium,BR,Materials,commodity,"[{""issuer_id"": ""BR_SIGMALITH"", ""issuer_name"": ""Sigma Lithium"", ""country"": ""BR"", ""gics_sector"": ""Materials"", ""line_type"": ""US_LISTED"", ""yahoo_ticker"": ""SGML"", ""exchange"": ""NASDAQ"", ""currency"": ""USD"", ""adr_ratio"": """", ""primary_line"": ""true"", ""notes"": """"}]",SGML,USD,2026-10-07,Em revisão,C,False,6.59881,"[""rim"", ""regressao_ev_receita""]","[""G13"", ""G13b""]","[""G20""]",False,True,USD,USD,[],"[""eps_fy1"", ""eps_fy2""]",[],True,"[{""insumo"": ""dps_12m"", ""motivo"": ""sem histórico de proventos nem dividendos pagos no DFC"", ""nome"": ""dividendos dos últimos 12 meses""}, {""insumo"": ""margem_historica"", ""motivo"": ""pares anuais sem alinhamento/proveniência: 2022"", ""nome"": ""margem EBIT histórica comparável""}, {""insumo"": ""reinvestimento"", ""motivo"": ""FCFF sem identidade observada completa de EBIT, capex, depreciação da DFC, variação do capital de giro operacional e adições de direitos de uso no mesmo período, base contábil e moeda: reinvestimento projetado por g ÷ RONIC, sem substituir ausência por zero"", ""nome"": ""reinvestimento observado""}, {""insumo"": ""metodo.fcff_normalizado"", ""motivo"": ""valor do patrimônio não positivo (dissidência: conta na dispersão como zero)"", ""nome"": ""Fluxo de caixa livre com margem ao longo do ciclo""}]",398f379fe707fdf968d0a7be6aaf51d0233b43b22b0b7c5f66fc4ae7fb416501,https://github.com/arielassayag/MarketSummary/blob/af6eb0c93d7c14efaa49bd658c0a502f4e9aedb9/book/cobertura/2026-10-07/modelos/BR_SIGMALITH.json,não certificada por este inventário
BR_SIMPAR,Simpar,BR,Industrials,holding,"[{""issuer_id"": ""BR_SIMPAR"", ""issuer_name"": ""Simpar"", ""country"": ""BR"", ""gics_sector"": ""Industrials"", ""line_type"": ""LOCAL"", ""yahoo_ticker"": ""SIMH3.SA"", ""exchange"": ""B3"", ""currency"": ""BRL"", ""adr_ratio"": """", ""primary_line"": ""true"", ""notes"": ""classe ON | ADTV 3m < US$ 5 mi""}]",SIMH3.SA,BRL,2026-10-07,Neutro,C,True,11.4974,"[""soma_partes""]",[],[],True,False,BRL,BRL,[],"[""eps_fy1"", ""eps_fy2""]",[],True,"[{""insumo"": ""d_a_dfc"", ""motivo"": ""item defasado em relação ao último balanço: depreciação e amortização restituídas na DFC (2022-12-31)"", ""nome"": ""depreciação e amortização restituídas na DFC""}, {""insumo"": ""reinvestimento"", ""motivo"": ""FCFF sem identidade observada completa de EBIT, capex, depreciação da DFC, variação do capital de giro operacional e adições de direitos de uso no mesmo período, base contábil e moeda: reinvestimento projetado por g ÷ RONIC, sem substituir ausência por zero"", ""nome"": ""reinvestimento observado""}]",626b832e4cb11428d6025017955bbc28ac6b52a5de8e29104322dcbd6a5b5ac7,https://github.com/arielassayag/MarketSummary/blob/af6eb0c93d7c14efaa49bd658c0a502f4e9aedb9/book/cobertura/2026-10-07/modelos/BR_SIMPAR.json,não certificada por este inventário
BR_SLC,SLC Agrícola,BR,Consumer Staples,commodity,"[{""issuer_id"": ""BR_SLC"", ""issuer_name"": ""SLC Agricola"", ""country"": ""BR"", ""gics_sector"": ""Consumer Staples"", ""line_type"": ""LOCAL"", ""yahoo_ticker"": ""SLCE3.SA"", ""exchange"": ""B3"", ""currency"": ""BRL"", ""adr_ratio"": """", ""primary_line"": ""true"", ""notes"": ""classe ON""}]",SLCE3.SA,BRL,2026-10-07,Neutro,C,True,7.37763,"[""fcff_normalizado"", ""rim"", ""regressao_ev_receita""]",[],"[""G11"", ""G16""]",True,False,BRL,BRL,[],"[""eps_fy1"", ""eps_fy2""]",[],False,"[{""insumo"": ""reinvestimento"", ""motivo"": ""FCFF sem identidade observada completa de EBIT, capex, depreciação da DFC, variação do capital de giro operacional e adições de direitos de uso no mesmo período, base contábil e moeda: reinvestimento projetado por g ÷ RONIC, sem substituir ausência por zero"", ""nome"": ""reinvestimento observado""}]",fd949c70251756e4c2d1da8a4f37832a5e99054ee6e55ffe984940ffe198674b,https://github.com/arielassayag/MarketSummary/blob/af6eb0c93d7c14efaa49bd658c0a502f4e9aedb9/book/cobertura/2026-10-07/modelos/BR_SLC.json,não certificada por este inventário
BR_SMARTFIT,Smart Fit,BR,Consumer Discretionary,corporativo,"[{""issuer_id"": ""BR_SMARTFIT"", ""issuer_name"": ""Smart Fit"", ""country"": ""BR"", ""gics_sector"": ""Consumer Discretionary"", ""line_type"": ""LOCAL"", ""yahoo_ticker"": ""SMFT3.SA"", ""exchange"": ""B3"", ""currency"": ""BRL"", ""adr_ratio"": """", ""primary_line"": ""true"", ""notes"": ""classe ON""}]",SMFT3.SA,BRL,2026-10-07,Neutro,C,True,17.6276,"[""fcff"", ""rim"", ""multiplo_justificado""]",[],"[""G5""]",True,False,BRL,BRL,[],"[""eps_fy1"", ""eps_fy2""]",[],False,"[{""insumo"": ""reinvestimento"", ""motivo"": ""FCFF sem identidade observada completa de EBIT, capex, depreciação da DFC, variação do capital de giro operacional e adições de direitos de uso no mesmo período, base contábil e moeda: reinvestimento projetado por g ÷ RONIC, sem substituir ausência por zero"", ""nome"": ""reinvestimento observado""}]",baa60aa8664f534eabfc754027fc98c8f6aef19633b6c758c2adf6193fc6d119,https://github.com/arielassayag/MarketSummary/blob/af6eb0c93d7c14efaa49bd658c0a502f4e9aedb9/book/cobertura/2026-10-07/modelos/BR_SMARTFIT.json,não certificada por este inventário
BR_STONE,StoneCo,BR,Financials,banco,"[{""issuer_id"": ""BR_STONE"", ""issuer_name"": ""StoneCo"", ""country"": ""BR"", ""gics_sector"": ""Financials"", ""line_type"": ""US_LISTED"", ""yahoo_ticker"": ""STNE"", ""exchange"": ""NASDAQ"", ""currency"": ""USD"", ""adr_ratio"": """", ""primary_line"": ""true"", ""notes"": ""GICS 2023: payments -> Financials""}]",STNE,USD,2026-10-07,Compra,B,True,18.0691,"[""rim"", ""pb_justificado""]",[],[],False,True,BRL,BRL,[],"[""eps_fy1"", ""eps_fy2""]",[],False,"[{""insumo"": ""dps_12m"", ""motivo"": ""sem histórico de proventos nem dividendos pagos no DFC"", ""nome"": ""dividendos dos últimos 12 meses""}, {""insumo"": ""metodo.regressao_pb_roe"", ""motivo"": ""fundamentos do emissor incompletos para a regressão"", ""nome"": ""P/VPA de regressão transversal (ROE, crescimento, β, payout)""}]",968eb1073b05f4a093b0c31805030a559e9b23103f9c69d7398a9d8a5944f8a6,https://github.com/arielassayag/MarketSummary/blob/af6eb0c93d7c14efaa49bd658c0a502f4e9aedb9/book/cobertura/2026-10-07/modelos/BR_STONE.json,não certificada por este inventário
BR_SUZANO,Suzano,BR,Materials,commodity,"[{""issuer_id"": ""BR_SUZANO"", ""issuer_name"": ""Suzano"", ""country"": ""BR"", ""gics_sector"": ""Materials"", ""line_type"": ""LOCAL"", ""yahoo_ticker"": ""SUZB3.SA"", ""exchange"": ""B3"", ""currency"": ""BRL"", ""adr_ratio"": """", ""primary_line"": ""true"", ""notes"": ""classe ON""}, {""issuer_id"": ""BR_SUZANO"", ""issuer_name"": ""Suzano"", ""country"": ""BR"", ""gics_sector"": ""Materials"", ""line_type"": ""ADR"", ""yahoo_ticker"": ""SUZ"", ""exchange"": ""NYSE"", ""currency"": ""USD"", ""adr_ratio"": ""1"", ""primary_line"": ""false"", ""notes"": ""ADS = 1 ações locais | OK (implicito 1.000, desvio -0.0%, n=20)""}]",SUZB3.SA,BRL,2026-10-07,Neutro,C,True,54.6151,"[""fcff_normalizado"", ""rim"", ""regressao_ev_receita""]",[],"[""G5""]",True,False,BRL,BRL,[],"[""eps_fy1"", ""eps_fy2""]",[],False,"[{""insumo"": ""reinvestimento"", ""motivo"": ""FCFF sem identidade observada completa de EBIT, capex, depreciação da DFC, variação do capital de giro operacional e adições de direitos de uso no mesmo período, base contábil e moeda: reinvestimento projetado por g ÷ RONIC, sem substituir ausência por zero"", ""nome"": ""reinvestimento observado""}]",007122aac6e3e3d7febdf7a268ad891ac3b93f8ac3907aa10c0f0c0672fe3152,https://github.com/arielassayag/MarketSummary/blob/af6eb0c93d7c14efaa49bd658c0a502f4e9aedb9/book/cobertura/2026-10-07/modelos/BR_SUZANO.json,não certificada por este inventário
BR_TAESA,Taesa,BR,Utilities,utilidade_regulada,"[{""issuer_id"": ""BR_TAESA"", ""issuer_name"": ""Taesa"", ""country"": ""BR"", ""gics_sector"": ""Utilities"", ""line_type"": ""LOCAL"", ""yahoo_ticker"": ""TAEE11.SA"", ""exchange"": ""B3"", ""currency"": ""BRL"", ""adr_ratio"": """", ""primary_line"": ""true"", ""notes"": ""classe Unit""}]",TAEE11.SA,BRL,2026-10-07,Compra,A,True,57.8128,"[""rim_real"", ""ddm_real"", ""fcff_real"", ""regressao_pb_roe""]",[],[],True,False,BRL,BRL,[],"[""eps_fy1"", ""eps_fy2""]",[],False,"[{""insumo"": ""g_receita_fy1"", ""motivo"": ""crescimento de consenso da receita de −35,6% contra a receita de 12 meses, acima de 15% em módulo numa concessão ou utilidade regulada (provável receita de construção da infraestrutura na receita da DRE, sem reconciliação pela DVA): não usado"", ""nome"": ""g receita fy1""}, {""insumo"": ""reinvestimento"", ""motivo"": ""FCFF sem identidade observada completa de EBIT, capex, depreciação da DFC, variação do capital de giro operacional e adições de direitos de uso no mesmo período, base contábil e moeda: reinvestimento projetado por g ÷ RONIC, sem substituir ausência por zero"", ""nome"": ""reinvestimento observado""}]",e54183cf01bac3f7763f1c4b772f858c502254fb575072186574f1d89e40a87e,https://github.com/arielassayag/MarketSummary/blob/af6eb0c93d7c14efaa49bd658c0a502f4e9aedb9/book/cobertura/2026-10-07/modelos/BR_TAESA.json,não certificada por este inventário
BR_TENDA,Tenda,BR,Consumer Discretionary,imobiliario,"[{""issuer_id"": ""BR_TENDA"", ""issuer_name"": ""Tenda"", ""country"": ""BR"", ""gics_sector"": ""Consumer Discretionary"", ""line_type"": ""LOCAL"", ""yahoo_ticker"": ""TEND3.SA"", ""exchange"": ""B3"", ""currency"": ""BRL"", ""adr_ratio"": """", ""primary_line"": ""true"", ""notes"": ""classe ON""}]",TEND3.SA,BRL,2026-10-07,Compra,B,True,36.4056,"[""rim"", ""regressao_pb_roe""]",[],[],True,False,BRL,BRL,[],"[""eps_fy1"", ""eps_fy2""]",[],True,"[{""insumo"": ""g_receita_historico"", ""motivo"": ""crescimento histórico da receita de 32,4% fora da faixa plausível (provável efeito contábil): não usado"", ""nome"": ""crescimento histórico da receita""}, {""insumo"": ""reinvestimento"", ""motivo"": ""FCFF sem identidade observada completa de EBIT, capex, depreciação da DFC, variação do capital de giro operacional e adições de direitos de uso no mesmo período, base contábil e moeda: reinvestimento projetado por g ÷ RONIC, sem substituir ausência por zero"", ""nome"": ""reinvestimento observado""}]",0830ca1b28daf25cca1acb056b45cda5ce43fb9090dbc0449cd8a1705df06436,https://github.com/arielassayag/MarketSummary/blob/af6eb0c93d7c14efaa49bd658c0a502f4e9aedb9/book/cobertura/2026-10-07/modelos/BR_TENDA.json,não certificada por este inventário
BR_TIM,TIM Brasil,BR,Communication Services,corporativo,"[{""issuer_id"": ""BR_TIM"", ""issuer_name"": ""TIM Brasil"", ""country"": ""BR"", ""gics_sector"": ""Communication Services"", ""line_type"": ""LOCAL"", ""yahoo_ticker"": ""TIMS3.SA"", ""exchange"": ""B3"", ""currency"": ""BRL"", ""adr_ratio"": """", ""primary_line"": ""true"", ""notes"": ""classe ON | TIMB = 5 ON""}, {""issuer_id"": ""BR_TIM"", ""issuer_name"": ""TIM Brasil"", ""country"": ""BR"", ""gics_sector"": ""Communication Services"", ""line_type"": ""ADR"", ""yahoo_ticker"": ""TIMB"", ""exchange"": ""NYSE"", ""currency"": ""USD"", ""adr_ratio"": ""5"", ""primary_line"": ""false"", ""notes"": ""ADS = 5 ações locais | TIMB = 5 ON | OK (implicito 5.006, desvio +0.1%, n=20)""}]",TIMS3.SA,BRL,2026-10-07,Neutro,B,True,22.0969,"[""rim"", ""multiplo_justificado""]",[],[],True,False,BRL,BRL,[],"[""eps_fy1"", ""eps_fy2""]",[],False,"[{""insumo"": ""lucro_liquido_controladores"", ""motivo"": ""item defasado em relação ao último balanço: lucro líquido dos controladores (2023-12-31)"", ""nome"": ""lucro líquido dos controladores""}, {""insumo"": ""dividendos_pagos"", ""motivo"": ""item defasado em relação ao último balanço: dividendos e juros sobre capital pagos (2023-12-31)"", ""nome"": ""dividendos e juros sobre capital pagos""}, {""insumo"": ""dps_12m"", ""motivo"": ""sem histórico de proventos nem dividendos pagos no DFC"", ""nome"": ""dividendos dos últimos 12 meses""}, {""insumo"": ""margem"", ""motivo"": ""receita: base contábil não demonstrada; ebit: base contábil não demonstrada"", ""nome"": ""margem EBIT comparável""}, {""insumo"": ""reinvestimento"", ""motivo"": ""FCFF sem identidade observada completa de EBIT, capex, depreciação da DFC, variação do capital de giro operacional e adições de direitos de uso no mesmo período, base contábil e moeda: reinvestimento projetado por g ÷ RONIC, sem substituir ausência por zero"", ""nome"": ""reinvestimento observado""}, {""insumo"": ""metodo.fcff"", ""motivo"": ""indisponível: margem EBIT"", ""nome"": ""Fluxo de caixa livre da firma (três estágios)""}]",44f05887d73320cf6e0bffd91ff42bbda0719825922b7708ad803ea0ab8a6cbb,https://github.com/arielassayag/MarketSummary/blob/af6eb0c93d7c14efaa49bd658c0a502f4e9aedb9/book/cobertura/2026-10-07/modelos/BR_TIM.json,não certificada por este inventário
BR_TOTVS,Totvs,BR,Information Technology,corporativo,"[{""issuer_id"": ""BR_TOTVS"", ""issuer_name"": ""Totvs"", ""country"": ""BR"", ""gics_sector"": ""Information Technology"", ""line_type"": ""LOCAL"", ""yahoo_ticker"": ""TOTS3.SA"", ""exchange"": ""B3"", ""currency"": ""BRL"", ""adr_ratio"": """", ""primary_line"": ""true"", ""notes"": ""classe ON""}]",TOTS3.SA,BRL,2026-10-07,Neutro,C,True,15.0975,"[""fcff"", ""rim"", ""multiplo_justificado""]",[],"[""G11""]",True,False,BRL,BRL,[],"[""eps_fy1"", ""eps_fy2""]",[],False,"[{""insumo"": ""dps_12m"", ""motivo"": ""sem histórico de proventos nem dividendos pagos no DFC"", ""nome"": ""dividendos dos últimos 12 meses""}, {""insumo"": ""reinvestimento"", ""motivo"": ""FCFF sem identidade observada completa de EBIT, capex, depreciação da DFC, variação do capital de giro operacional e adições de direitos de uso no mesmo período, base contábil e moeda: reinvestimento projetado por g ÷ RONIC, sem substituir ausência por zero"", ""nome"": ""reinvestimento observado""}]",c0ea700ff8ec4ca837e484bacc58fc34ac900b094fd7c5353256b7f452ba36be,https://github.com/arielassayag/MarketSummary/blob/af6eb0c93d7c14efaa49bd658c0a502f4e9aedb9/book/cobertura/2026-10-07/modelos/BR_TOTVS.json,não certificada por este inventário
BR_TUPY,Tupy,BR,Industrials,corporativo,"[{""issuer_id"": ""BR_TUPY"", ""issuer_name"": ""Tupy"", ""country"": ""BR"", ""gics_sector"": ""Industrials"", ""line_type"": ""LOCAL"", ""yahoo_ticker"": ""TUPY3.SA"", ""exchange"": ""B3"", ""currency"": ""BRL"", ""adr_ratio"": """", ""primary_line"": ""true"", ""notes"": ""classe ON | ADTV 3m < US$ 5 mi""}]",TUPY3.SA,BRL,2026-10-07,Neutro,C,True,36.1804,"[""rim"", ""multiplo_justificado""]",[],"[""G20""]",True,False,BRL,BRL,[],"[""eps_fy1"", ""eps_fy2""]",[],False,"[{""insumo"": ""reinvestimento"", ""motivo"": ""FCFF sem identidade observada completa de EBIT, capex, depreciação da DFC, variação do capital de giro operacional e adições de direitos de uso no mesmo período, base contábil e moeda: reinvestimento projetado por g ÷ RONIC, sem substituir ausência por zero"", ""nome"": ""reinvestimento observado""}, {""insumo"": ""metodo.fcff"", ""motivo"": ""valor do patrimônio não positivo (dissidência: conta na dispersão como zero)"", ""nome"": ""Fluxo de caixa livre da firma (três estágios)""}]",b87d46ec6b2f68914181f97420ee7a41dee99217fd5c79ad24ce3e1adc24c82c,https://github.com/arielassayag/MarketSummary/blob/af6eb0c93d7c14efaa49bd658c0a502f4e9aedb9/book/cobertura/2026-10-07/modelos/BR_TUPY.json,não certificada por este inventário
BR_ULTRAPAR,Ultrapar,BR,Energy,corporativo,"[{""issuer_id"": ""BR_ULTRAPAR"", ""issuer_name"": ""Ultrapar"", ""country"": ""BR"", ""gics_sector"": ""Energy"", ""line_type"": ""LOCAL"", ""yahoo_ticker"": ""UGPA3.SA"", ""exchange"": ""B3"", ""currency"": ""BRL"", ""adr_ratio"": """", ""primary_line"": ""true"", ""notes"": ""classe ON | QUEBRA de nível na série Yahoo em 2021-06-28 (+119%, evento não ajustado): histórico anterior não comparável""}, {""issuer_id"": ""BR_ULTRAPAR"", ""issuer_name"": ""Ultrapar"", ""country"": ""BR"", ""gics_sector"": ""Energy"", ""line_type"": ""ADR"", ""yahoo_ticker"": ""UGP"", ""exchange"": ""NYSE"", ""currency"": ""USD"", ""adr_ratio"": ""1"", ""primary_line"": ""false"", ""notes"": ""ADS = 1 ações locais | OK (implicito 0.998, desvio -0.2%, n=20)""}]",UGPA3.SA,BRL,2026-10-07,Neutro,A,True,42.6755,"[""fcff"", ""rim"", ""multiplo_justificado""]",[],[],True,False,BRL,BRL,[],"[""eps_fy1"", ""eps_fy2""]",[],False,"[{""insumo"": ""reinvestimento"", ""motivo"": ""FCFF sem identidade observada completa de EBIT, capex, depreciação da DFC, variação do capital de giro operacional e adições de direitos de uso no mesmo período, base contábil e moeda: reinvestimento projetado por g ÷ RONIC, sem substituir ausência por zero"", ""nome"": ""reinvestimento observado""}]",f20d582aca4ee46cec397cee0c21e74cd8da966897acd8f8e43a68ad12b76344,https://github.com/arielassayag/MarketSummary/blob/af6eb0c93d7c14efaa49bd658c0a502f4e9aedb9/book/cobertura/2026-10-07/modelos/BR_ULTRAPAR.json,não certificada por este inventário
BR_UNIPAR,Unipar,BR,Materials,commodity,"[{""issuer_id"": ""BR_UNIPAR"", ""issuer_name"": ""Unipar"", ""country"": ""BR"", ""gics_sector"": ""Materials"", ""line_type"": ""LOCAL"", ""yahoo_ticker"": ""UNIP6.SA"", ""exchange"": ""B3"", ""currency"": ""BRL"", ""adr_ratio"": """", ""primary_line"": ""true"", ""notes"": ""classe PNB | ADTV 3m < US$ 5 mi""}]",UNIP6.SA,BRL,2026-10-07,Venda,B,True,32.9899,"[""fcff_normalizado"", ""rim"", ""regressao_ev_receita""]",[],[],True,False,BRL,BRL,[],"[""eps_fy1"", ""eps_fy2""]",[],False,"[{""insumo"": ""reinvestimento"", ""motivo"": ""FCFF sem identidade observada completa de EBIT, capex, depreciação da DFC, variação do capital de giro operacional e adições de direitos de uso no mesmo período, base contábil e moeda: reinvestimento projetado por g ÷ RONIC, sem substituir ausência por zero"", ""nome"": ""reinvestimento observado""}]",c87d28d8e1b25f069768d141c899ad70a3a32a9061c9a0cd5cb5c0e723d77ee6,https://github.com/arielassayag/MarketSummary/blob/af6eb0c93d7c14efaa49bd658c0a502f4e9aedb9/book/cobertura/2026-10-07/modelos/BR_UNIPAR.json,não certificada por este inventário
BR_USIMINAS,Usiminas,BR,Materials,commodity,"[{""issuer_id"": ""BR_USIMINAS"", ""issuer_name"": ""Usiminas"", ""country"": ""BR"", ""gics_sector"": ""Materials"", ""line_type"": ""LOCAL"", ""yahoo_ticker"": ""USIM5.SA"", ""exchange"": ""B3"", ""currency"": ""BRL"", ""adr_ratio"": """", ""primary_line"": ""true"", ""notes"": ""classe PNA""}]",USIM5.SA,BRL,2026-10-07,Neutro,C,True,8.46633,"[""fcff_normalizado"", ""rim"", ""regressao_ev_receita""]",[],"[""G5"", ""G16"", ""G18""]",True,False,BRL,BRL,[],"[""eps_fy1"", ""eps_fy2""]",[],False,"[{""insumo"": ""reinvestimento"", ""motivo"": ""FCFF sem identidade observada completa de EBIT, capex, depreciação da DFC, variação do capital de giro operacional e adições de direitos de uso no mesmo período, base contábil e moeda: reinvestimento projetado por g ÷ RONIC, sem substituir ausência por zero"", ""nome"": ""reinvestimento observado""}]",a3164e5b9e362df6d832f9c610f34a2a636c0f21ef0d6cb13748eb54a1927bdc,https://github.com/arielassayag/MarketSummary/blob/af6eb0c93d7c14efaa49bd658c0a502f4e9aedb9/book/cobertura/2026-10-07/modelos/BR_USIMINAS.json,não certificada por este inventário
BR_VALE,Vale,BR,Materials,commodity,"[{""issuer_id"": ""BR_VALE"", ""issuer_name"": ""Vale"", ""country"": ""BR"", ""gics_sector"": ""Materials"", ""line_type"": ""ADR"", ""yahoo_ticker"": ""VALE"", ""exchange"": ""NYSE"", ""currency"": ""USD"", ""adr_ratio"": ""1"", ""primary_line"": ""true"", ""notes"": ""ADS = 1 ações locais | OK (implicito 0.996, desvio -0.4%, n=20)""}, {""issuer_id"": ""BR_VALE"", ""issuer_name"": ""Vale"", ""country"": ""BR"", ""gics_sector"": ""Materials"", ""line_type"": ""LOCAL"", ""yahoo_ticker"": ""VALE3.SA"", ""exchange"": ""B3"", ""currency"": ""BRL"", ""adr_ratio"": """", ""primary_line"": ""false"", ""notes"": ""classe ON""}]",VALE3.SA,BRL,2026-10-07,Neutro,A,True,60.0967,"[""fcff_normalizado"", ""rim"", ""regressao_ev_receita""]",[],[],True,False,BRL,USD,[],"[""eps_fy1"", ""eps_fy2""]",[],False,"[{""insumo"": ""reinvestimento"", ""motivo"": ""FCFF sem identidade observada completa de EBIT, capex, depreciação da DFC, variação do capital de giro operacional e adições de direitos de uso no mesmo período, base contábil e moeda: reinvestimento projetado por g ÷ RONIC, sem substituir ausência por zero"", ""nome"": ""reinvestimento observado""}]",fa096993d15ccafcd8fadc4bec81d8bd51dfe5c12b3ada9d2099211a3210e936,https://github.com/arielassayag/MarketSummary/blob/af6eb0c93d7c14efaa49bd658c0a502f4e9aedb9/book/cobertura/2026-10-07/modelos/BR_VALE.json,não certificada por este inventário
BR_VAMOS,Vamos,BR,Industrials,corporativo,"[{""issuer_id"": ""BR_VAMOS"", ""issuer_name"": ""Vamos"", ""country"": ""BR"", ""gics_sector"": ""Industrials"", ""line_type"": ""LOCAL"", ""yahoo_ticker"": ""VAMO3.SA"", ""exchange"": ""B3"", ""currency"": ""BRL"", ""adr_ratio"": """", ""primary_line"": ""true"", ""notes"": ""classe ON""}]",VAMO3.SA,BRL,2026-10-07,Em revisão,B,False,12.0491,"[""fcff"", ""rim"", ""multiplo_justificado""]","[""G11""]",[],True,False,BRL,BRL,[],"[""eps_fy1"", ""eps_fy2""]",[],False,"[{""insumo"": ""g_receita_historico"", ""motivo"": ""crescimento histórico da receita de 61,6% fora da faixa plausível (provável efeito contábil): não usado"", ""nome"": ""crescimento histórico da receita""}, {""insumo"": ""reinvestimento"", ""motivo"": ""FCFF sem identidade observada completa de EBIT, capex, depreciação da DFC, variação do capital de giro operacional e adições de direitos de uso no mesmo período, base contábil e moeda: reinvestimento projetado por g ÷ RONIC, sem substituir ausência por zero"", ""nome"": ""reinvestimento observado""}]",b210844835bff85ee7bd7af9fc9993913673c860b16819b4fe82527209906cde,https://github.com/arielassayag/MarketSummary/blob/af6eb0c93d7c14efaa49bd658c0a502f4e9aedb9/book/cobertura/2026-10-07/modelos/BR_VAMOS.json,não certificada por este inventário
BR_VIBRA,Vibra Energia,BR,Energy,corporativo,"[{""issuer_id"": ""BR_VIBRA"", ""issuer_name"": ""Vibra Energia"", ""country"": ""BR"", ""gics_sector"": ""Energy"", ""line_type"": ""LOCAL"", ""yahoo_ticker"": ""VBBR3.SA"", ""exchange"": ""B3"", ""currency"": ""BRL"", ""adr_ratio"": """", ""primary_line"": ""true"", ""notes"": ""classe ON""}]",VBBR3.SA,BRL,2026-10-07,Neutro,A,True,49.3674,"[""fcff"", ""rim"", ""multiplo_justificado""]",[],[],True,False,BRL,BRL,[],"[""eps_fy1"", ""eps_fy2""]",[],False,"[{""insumo"": ""reinvestimento"", ""motivo"": ""FCFF sem identidade observada completa de EBIT, capex, depreciação da DFC, variação do capital de giro operacional e adições de direitos de uso no mesmo período, base contábil e moeda: reinvestimento projetado por g ÷ RONIC, sem substituir ausência por zero"", ""nome"": ""reinvestimento observado""}]",fc5e38a933bd2517a9607386ccd3916768606c136bbb07fab49effeac5e83b23,https://github.com/arielassayag/MarketSummary/blob/af6eb0c93d7c14efaa49bd658c0a502f4e9aedb9/book/cobertura/2026-10-07/modelos/BR_VIBRA.json,não certificada por este inventário
BR_VIVARA,Vivara,BR,Consumer Discretionary,corporativo,"[{""issuer_id"": ""BR_VIVARA"", ""issuer_name"": ""Vivara"", ""country"": ""BR"", ""gics_sector"": ""Consumer Discretionary"", ""line_type"": ""LOCAL"", ""yahoo_ticker"": ""VIVA3.SA"", ""exchange"": ""B3"", ""currency"": ""BRL"", ""adr_ratio"": """", ""primary_line"": ""true"", ""notes"": ""classe ON""}]",VIVA3.SA,BRL,2026-10-07,Neutro,B,True,29.3993,"[""fcff"", ""rim"", ""multiplo_justificado""]",[],[],True,False,BRL,BRL,[],"[""eps_fy1"", ""eps_fy2""]",[],False,"[{""insumo"": ""reinvestimento"", ""motivo"": ""FCFF sem identidade observada completa de EBIT, capex, depreciação da DFC, variação do capital de giro operacional e adições de direitos de uso no mesmo período, base contábil e moeda: reinvestimento projetado por g ÷ RONIC, sem substituir ausência por zero"", ""nome"": ""reinvestimento observado""}]",bb00c32326a8e236d0b608a7d57dcb899baa8b39212a8cf116d430f7aa67ecac,https://github.com/arielassayag/MarketSummary/blob/af6eb0c93d7c14efaa49bd658c0a502f4e9aedb9/book/cobertura/2026-10-07/modelos/BR_VIVARA.json,não certificada por este inventário
BR_VIVO,Telefônica Brasil (Vivo),BR,Communication Services,corporativo,"[{""issuer_id"": ""BR_VIVO"", ""issuer_name"": ""Telefonica Brasil (Vivo)"", ""country"": ""BR"", ""gics_sector"": ""Communication Services"", ""line_type"": ""LOCAL"", ""yahoo_ticker"": ""VIVT3.SA"", ""exchange"": ""B3"", ""currency"": ""BRL"", ""adr_ratio"": """", ""primary_line"": ""true"", ""notes"": ""classe ON | Desdobramento 1:2 de VIVT3 em 15/04/2025 sem ajuste do ADS => 1 ADS = 2 ON (inferido por preco)""}, {""issuer_id"": ""BR_VIVO"", ""issuer_name"": ""Telefonica Brasil (Vivo)"", ""country"": ""BR"", ""gics_sector"": ""Communication Services"", ""line_type"": ""ADR"", ""yahoo_ticker"": ""VIV"", ""exchange"": ""NYSE"", ""currency"": ""USD"", ""adr_ratio"": ""2"", ""primary_line"": ""false"", ""notes"": ""ADS = 2 ações locais | Desdobramento 1:2 de VIVT3 em 15/04/2025 sem ajuste do ADS => 1 ADS = 2 ON (inferido por preco) | OK (implicito 1.990, desvio -0.5%, n=20)""}]",VIVT3.SA,BRL,2026-10-07,Venda,B,True,28.1467,"[""fcff"", ""rim"", ""multiplo_justificado""]",[],[],True,False,BRL,BRL,[],"[""eps_fy1"", ""eps_fy2""]",[],False,"[{""insumo"": ""reinvestimento"", ""motivo"": ""FCFF sem identidade observada completa de EBIT, capex, depreciação da DFC, variação do capital de giro operacional e adições de direitos de uso no mesmo período, base contábil e moeda: reinvestimento projetado por g ÷ RONIC, sem substituir ausência por zero"", ""nome"": ""reinvestimento observado""}]",588a1296f3e10c8c2e7f2143497a5a182509966a526f8d3e4b29727458cd4316,https://github.com/arielassayag/MarketSummary/blob/af6eb0c93d7c14efaa49bd658c0a502f4e9aedb9/book/cobertura/2026-10-07/modelos/BR_VIVO.json,não certificada por este inventário
BR_VTEX,VTEX,BR,Information Technology,corporativo,"[{""issuer_id"": ""BR_VTEX"", ""issuer_name"": ""VTEX"", ""country"": ""BR"", ""gics_sector"": ""Information Technology"", ""line_type"": ""US_LISTED"", ""yahoo_ticker"": ""VTEX"", ""exchange"": ""NYSE"", ""currency"": ""USD"", ""adr_ratio"": """", ""primary_line"": ""true"", ""notes"": ""ADTV 3m < US$ 5 mi""}]",VTEX,USD,2026-10-07,Neutro,B,True,2.89759,"[""fcff"", ""rim"", ""multiplo_justificado""]",[],[],False,True,USD,USD,[],"[""eps_fy1"", ""eps_fy2""]",[],False,"[{""insumo"": ""dividendos_pagos"", ""motivo"": ""item defasado em relação ao último balanço: dividendos e juros sobre capital pagos (2024-12-31)"", ""nome"": ""dividendos e juros sobre capital pagos""}, {""insumo"": ""dps_12m"", ""motivo"": ""sem histórico de proventos nem dividendos pagos no DFC"", ""nome"": ""dividendos dos últimos 12 meses""}, {""insumo"": ""reinvestimento"", ""motivo"": ""FCFF sem identidade observada completa de EBIT, capex, depreciação da DFC, variação do capital de giro operacional e adições de direitos de uso no mesmo período, base contábil e moeda: reinvestimento projetado por g ÷ RONIC, sem substituir ausência por zero"", ""nome"": ""reinvestimento observado""}]",cb714a17390f6295552e4d2315bd28bbfaed3114eec8eb35acb8ad3e88b42b93,https://github.com/arielassayag/MarketSummary/blob/af6eb0c93d7c14efaa49bd658c0a502f4e9aedb9/book/cobertura/2026-10-07/modelos/BR_VTEX.json,não certificada por este inventário
BR_VULCABRAS,Vulcabras,BR,Consumer Discretionary,corporativo,"[{""issuer_id"": ""BR_VULCABRAS"", ""issuer_name"": ""Vulcabras"", ""country"": ""BR"", ""gics_sector"": ""Consumer Discretionary"", ""line_type"": ""LOCAL"", ""yahoo_ticker"": ""VULC3.SA"", ""exchange"": ""B3"", ""currency"": ""BRL"", ""adr_ratio"": """", ""primary_line"": ""true"", ""notes"": ""classe ON | ADTV 3m < US$ 5 mi""}]",VULC3.SA,BRL,2026-10-07,Compra,B,True,18.6341,"[""fcff"", ""rim"", ""multiplo_justificado""]",[],[],True,False,BRL,BRL,[],"[""eps_fy1"", ""eps_fy2""]",[],False,"[{""insumo"": ""reinvestimento"", ""motivo"": ""FCFF sem identidade observada completa de EBIT, capex, depreciação da DFC, variação do capital de giro operacional e adições de direitos de uso no mesmo período, base contábil e moeda: reinvestimento projetado por g ÷ RONIC, sem substituir ausência por zero"", ""nome"": ""reinvestimento observado""}]",a45a56e2b137db4a11ca30b4709800b48f1ba142ac62276ce5b71392e1942f4a,https://github.com/arielassayag/MarketSummary/blob/af6eb0c93d7c14efaa49bd658c0a502f4e9aedb9/book/cobertura/2026-10-07/modelos/BR_VULCABRAS.json,não certificada por este inventário
BR_WEG,WEG,BR,Industrials,corporativo,"[{""issuer_id"": ""BR_WEG"", ""issuer_name"": ""WEG"", ""country"": ""BR"", ""gics_sector"": ""Industrials"", ""line_type"": ""LOCAL"", ""yahoo_ticker"": ""WEGE3.SA"", ""exchange"": ""B3"", ""currency"": ""BRL"", ""adr_ratio"": """", ""primary_line"": ""true"", ""notes"": ""classe ON""}]",WEGE3.SA,BRL,2026-10-07,Venda,B,True,29.0107,"[""fcff"", ""rim"", ""multiplo_justificado""]",[],[],True,False,BRL,BRL,[],"[""eps_fy1"", ""eps_fy2""]",[],False,"[{""insumo"": ""reinvestimento"", ""motivo"": ""FCFF sem identidade observada completa de EBIT, capex, depreciação da DFC, variação do capital de giro operacional e adições de direitos de uso no mesmo período, base contábil e moeda: reinvestimento projetado por g ÷ RONIC, sem substituir ausência por zero"", ""nome"": ""reinvestimento observado""}]",05bc74fcfbce923a755537b7a8102ea7d5fc0a3ed59406b2bac5091c1a592c05,https://github.com/arielassayag/MarketSummary/blob/af6eb0c93d7c14efaa49bd658c0a502f4e9aedb9/book/cobertura/2026-10-07/modelos/BR_WEG.json,não certificada por este inventário
BR_XP,XP Inc,BR,Financials,banco,"[{""issuer_id"": ""BR_XP"", ""issuer_name"": ""XP Inc"", ""country"": ""BR"", ""gics_sector"": ""Financials"", ""line_type"": ""US_LISTED"", ""yahoo_ticker"": ""XP"", ""exchange"": ""NASDAQ"", ""currency"": ""USD"", ""adr_ratio"": """", ""primary_line"": ""true"", ""notes"": ""BDR XPBR31 nao incluido""}]",XP,USD,2026-10-07,Venda,B,True,28.4771,"[""rim"", ""pb_justificado"", ""regressao_pb_roe""]",[],[],False,True,BRL,BRL,[],"[""eps_fy1"", ""eps_fy2""]",[],False,[],8ebe8b1e4094ba2a0c22df256fb166c74d14adae5971d69358b87d4819758077,https://github.com/arielassayag/MarketSummary/blob/af6eb0c93d7c14efaa49bd658c0a502f4e9aedb9/book/cobertura/2026-10-07/modelos/BR_XP.json,não certificada por este inventário
BR_YDUQS,Yduqs,BR,Consumer Discretionary,corporativo,"[{""issuer_id"": ""BR_YDUQS"", ""issuer_name"": ""Yduqs"", ""country"": ""BR"", ""gics_sector"": ""Consumer Discretionary"", ""line_type"": ""LOCAL"", ""yahoo_ticker"": ""YDUQ3.SA"", ""exchange"": ""B3"", ""currency"": ""BRL"", ""adr_ratio"": """", ""primary_line"": ""true"", ""notes"": ""classe ON""}]",YDUQ3.SA,BRL,2026-10-07,Neutro,C,True,13.0417,"[""fcff"", ""rim"", ""multiplo_justificado""]",[],"[""G18""]",True,False,BRL,BRL,[],"[""eps_fy1"", ""eps_fy2""]",[],False,"[{""insumo"": ""reinvestimento"", ""motivo"": ""FCFF sem identidade observada completa de EBIT, capex, depreciação da DFC, variação do capital de giro operacional e adições de direitos de uso no mesmo período, base contábil e moeda: reinvestimento projetado por g ÷ RONIC, sem substituir ausência por zero"", ""nome"": ""reinvestimento observado""}]",c8a35b347e1fbd3e41952575824d82e0af35e8b61fd3386c43dab629c74ab86f,https://github.com/arielassayag/MarketSummary/blob/af6eb0c93d7c14efaa49bd658c0a502f4e9aedb9/book/cobertura/2026-10-07/modelos/BR_YDUQS.json,não certificada por este inventário
CL_ANDINA,Embotelladora Andina,CL,Consumer Staples,corporativo,"[{""issuer_id"": ""CL_ANDINA"", ""issuer_name"": ""Embotelladora Andina"", ""country"": ""CL"", ""gics_sector"": ""Consumer Staples"", ""line_type"": ""LOCAL"", ""yahoo_ticker"": ""ANDINA-B.SN"", ""exchange"": ""BCS"", ""currency"": ""CLP"", ""adr_ratio"": """", ""primary_line"": ""true"", ""notes"": ""AKO-B = 6 serie B | YAHOO_VOLUME_GAPS (media de 10 pregoes com volume) | ADTV 3m < US$ 5 mi""}]",ANDINA-B.SN,CLP,2026-10-07,Neutro,B,True,5752.81,"[""fcff"", ""rim"", ""multiplo_justificado""]",[],[],False,True,CLP,CLP,[],"[""eps_fy1"", ""eps_fy2"", ""dps_12m""]","[""dps_12m""]",False,"[{""insumo"": ""reinvestimento"", ""motivo"": ""FCFF sem identidade observada completa de EBIT, capex, depreciação da DFC, variação do capital de giro operacional e adições de direitos de uso no mesmo período, base contábil e moeda: reinvestimento projetado por g ÷ RONIC, sem substituir ausência por zero"", ""nome"": ""reinvestimento observado""}]",04de403953d63553e2e2f50c1516e2c37e11df1218ede5e614e64ff7c5ff4153,https://github.com/arielassayag/MarketSummary/blob/af6eb0c93d7c14efaa49bd658c0a502f4e9aedb9/book/cobertura/2026-10-07/modelos/CL_ANDINA.json,não certificada por este inventário
CL_BCHILE,Banco de Chile,CL,Financials,banco,"[{""issuer_id"": ""CL_BCHILE"", ""issuer_name"": ""Banco de Chile"", ""country"": ""CL"", ""gics_sector"": ""Financials"", ""line_type"": ""ADR"", ""yahoo_ticker"": ""BCH"", ""exchange"": ""NYSE"", ""currency"": ""USD"", ""adr_ratio"": ""200"", ""primary_line"": ""true"", ""notes"": ""ADS = 200 ações locais | BCH = 200 acoes | OK (implicito 199.286, desvio -0.4%, n=20)""}, {""issuer_id"": ""CL_BCHILE"", ""issuer_name"": ""Banco de Chile"", ""country"": ""CL"", ""gics_sector"": ""Financials"", ""line_type"": ""LOCAL"", ""yahoo_ticker"": ""CHILE.SN"", ""exchange"": ""BCS"", ""currency"": ""CLP"", ""adr_ratio"": """", ""primary_line"": ""false"", ""notes"": ""BCH = 200 acoes""}]",CHILE.SN,CLP,2026-10-07,Venda,B,True,165.361,"[""rim"", ""pb_justificado"", ""regressao_pb_roe""]",[],[],False,True,CLP,CLP,[],"[""eps_fy1"", ""eps_fy2"", ""dps_12m""]","[""dps_12m""]",False,"[{""insumo"": ""margem"", ""motivo"": ""ebit: valor ausente ou não finito; ebit: período de 12 meses não demonstrado; ebit: moeda da fonte não demonstrada; ebit: base contábil não demonstrada"", ""nome"": ""margem EBIT comparável""}, {""insumo"": ""margem_historica"", ""motivo"": ""pares anuais sem alinhamento/proveniência: 2022, 2023, 2024, 2025"", ""nome"": ""margem EBIT histórica comparável""}]",5ee3e0a644ad7e8c7d73fbb1717ed0a942b6f2b6d4ff882941d9bb6be48c5aee,https://github.com/arielassayag/MarketSummary/blob/af6eb0c93d7c14efaa49bd658c0a502f4e9aedb9/book/cobertura/2026-10-07/modelos/CL_BCHILE.json,não certificada por este inventário
CL_BCI,Banco de Crédito e Inversiones,CL,Financials,banco,"[{""issuer_id"": ""CL_BCI"", ""issuer_name"": ""Banco de Credito e Inversiones"", ""country"": ""CL"", ""gics_sector"": ""Financials"", ""line_type"": ""LOCAL"", ""yahoo_ticker"": ""BCI.SN"", ""exchange"": ""BCS"", ""currency"": ""CLP"", ""adr_ratio"": """", ""primary_line"": ""true"", ""notes"": ""YAHOO_VOLUME_GAPS (media de 13 pregoes com volume)""}]",BCI.SN,CLP,2026-10-07,Neutro,B,True,69275.0,"[""rim"", ""pb_justificado"", ""regressao_pb_roe""]",[],[],False,True,CLP,CLP,[],"[""eps_fy1"", ""eps_fy2"", ""dps_12m""]","[""dps_12m""]",False,"[{""insumo"": ""margem"", ""motivo"": ""ebit: valor ausente ou não finito; ebit: período de 12 meses não demonstrado; ebit: moeda da fonte não demonstrada; ebit: base contábil não demonstrada"", ""nome"": ""margem EBIT comparável""}, {""insumo"": ""margem_historica"", ""motivo"": ""pares anuais sem alinhamento/proveniência: 2022, 2023, 2024, 2025"", ""nome"": ""margem EBIT histórica comparável""}]",348b0932f7dbd91a7371a6a5223f8f9c5c26b9ce5bc3df5d4522aae84658efe0,https://github.com/arielassayag/MarketSummary/blob/af6eb0c93d7c14efaa49bd658c0a502f4e9aedb9/book/cobertura/2026-10-07/modelos/CL_BCI.json,não certificada por este inventário
CL_BSAC,Banco Santander-Chile,CL,Financials,banco,"[{""issuer_id"": ""CL_BSAC"", ""issuer_name"": ""Banco Santander-Chile"", ""country"": ""CL"", ""gics_sector"": ""Financials"", ""line_type"": ""ADR"", ""yahoo_ticker"": ""BSAC"", ""exchange"": ""NYSE"", ""currency"": ""USD"", ""adr_ratio"": ""400"", ""primary_line"": ""true"", ""notes"": ""ADS = 400 ações locais | BSAC = 400 acoes | OK (implicito 397.731, desvio -0.6%, n=20)""}, {""issuer_id"": ""CL_BSAC"", ""issuer_name"": ""Banco Santander-Chile"", ""country"": ""CL"", ""gics_sector"": ""Financials"", ""line_type"": ""LOCAL"", ""yahoo_ticker"": ""BSANTANDER.SN"", ""exchange"": ""BCS"", ""currency"": ""CLP"", ""adr_ratio"": """", ""primary_line"": ""false"", ""notes"": ""BSAC = 400 acoes""}]",BSANTANDER.SN,CLP,2026-10-07,Neutro,B,True,78.3569,"[""rim"", ""pb_justificado"", ""regressao_pb_roe""]",[],[],False,True,CLP,CLP,[],"[""eps_fy1"", ""eps_fy2"", ""dps_12m""]","[""dps_12m""]",False,"[{""insumo"": ""margem"", ""motivo"": ""ebit: valor ausente ou não finito; ebit: período de 12 meses não demonstrado; ebit: moeda da fonte não demonstrada; ebit: base contábil não demonstrada"", ""nome"": ""margem EBIT comparável""}, {""insumo"": ""margem_historica"", ""motivo"": ""pares anuais sem alinhamento/proveniência: 2021"", ""nome"": ""margem EBIT histórica comparável""}]",7288aadfab69da9d8cf68531a12e742a8be7f58568781419af5cccd36c52b82b,https://github.com/arielassayag/MarketSummary/blob/af6eb0c93d7c14efaa49bd658c0a502f4e9aedb9/book/cobertura/2026-10-07/modelos/CL_BSAC.json,não certificada por este inventário
CL_CENCOMALLS,Cencosud Shopping,CL,Real Estate,imobiliario,"[{""issuer_id"": ""CL_CENCOMALLS"", ""issuer_name"": ""Cencosud Shopping"", ""country"": ""CL"", ""gics_sector"": ""Real Estate"", ""line_type"": ""LOCAL"", ""yahoo_ticker"": ""CENCOMALLS.SN"", ""exchange"": ""BCS"", ""currency"": ""CLP"", ""adr_ratio"": """", ""primary_line"": ""true"", ""notes"": ""YAHOO_VOLUME_GAPS (media de 13 pregoes com volume) | ADTV 3m < US$ 5 mi""}]",CENCOMALLS.SN,CLP,2026-10-07,Neutro,B,True,2216.26,"[""rim"", ""regressao_pb_roe""]",[],[],False,True,CLP,CLP,[],"[""eps_fy1"", ""eps_fy2"", ""dps_12m""]","[""dps_12m""]",True,"[{""insumo"": ""reinvestimento"", ""motivo"": ""FCFF sem identidade observada completa de EBIT, capex, depreciação da DFC, variação do capital de giro operacional e adições de direitos de uso no mesmo período, base contábil e moeda: reinvestimento projetado por g ÷ RONIC, sem substituir ausência por zero"", ""nome"": ""reinvestimento observado""}]",874f48d849274510d153bf4cab8ed495952011b634ba49c0dbaf48e4fc582f66,https://github.com/arielassayag/MarketSummary/blob/af6eb0c93d7c14efaa49bd658c0a502f4e9aedb9/book/cobertura/2026-10-07/modelos/CL_CENCOMALLS.json,não certificada por este inventário
CL_CENCOSUD,Cencosud,CL,Consumer Staples,corporativo,"[{""issuer_id"": ""CL_CENCOSUD"", ""issuer_name"": ""Cencosud"", ""country"": ""CL"", ""gics_sector"": ""Consumer Staples"", ""line_type"": ""LOCAL"", ""yahoo_ticker"": ""CENCOSUD.SN"", ""exchange"": ""BCS"", ""currency"": ""CLP"", ""adr_ratio"": """", ""primary_line"": ""true"", ""notes"": ""YAHOO_VOLUME_GAPS (media de 13 pregoes com volume)""}]",CENCOSUD.SN,CLP,2026-10-07,Neutro,C,True,1199.12,"[""fcff"", ""rim"", ""multiplo_justificado""]",[],"[""G18"", ""G20""]",False,True,CLP,CLP,[],"[""eps_fy1"", ""eps_fy2"", ""dps_12m""]","[""dps_12m""]",False,"[{""insumo"": ""reinvestimento"", ""motivo"": ""FCFF sem identidade observada completa de EBIT, capex, depreciação da DFC, variação do capital de giro operacional e adições de direitos de uso no mesmo período, base contábil e moeda: reinvestimento projetado por g ÷ RONIC, sem substituir ausência por zero"", ""nome"": ""reinvestimento observado""}]",ca4cfbfbdc56120d213aab559d5711fb1da94dbedde7f23d79fed58b712d068d,https://github.com/arielassayag/MarketSummary/blob/af6eb0c93d7c14efaa49bd658c0a502f4e9aedb9/book/cobertura/2026-10-07/modelos/CL_CENCOSUD.json,não certificada por este inventário
CL_CMPC,Empresas CMPC,CL,Materials,commodity,"[{""issuer_id"": ""CL_CMPC"", ""issuer_name"": ""Empresas CMPC"", ""country"": ""CL"", ""gics_sector"": ""Materials"", ""line_type"": ""LOCAL"", ""yahoo_ticker"": ""CMPC.SN"", ""exchange"": ""BCS"", ""currency"": ""CLP"", ""adr_ratio"": """", ""primary_line"": ""true"", ""notes"": ""YAHOO_VOLUME_GAPS (media de 13 pregoes com volume) | ADTV 3m < US$ 5 mi""}]",CMPC.SN,CLP,2026-10-07,Em revisão,C,False,3593.84,"[""rim""]","[""G9"", ""G11""]",[],False,True,USD,USD,[],"[""eps_fy1"", ""eps_fy2"", ""dps_12m""]","[""dps_12m""]",True,"[{""insumo"": ""reinvestimento"", ""motivo"": ""FCFF sem identidade observada completa de EBIT, capex, depreciação da DFC, variação do capital de giro operacional e adições de direitos de uso no mesmo período, base contábil e moeda: reinvestimento projetado por g ÷ RONIC, sem substituir ausência por zero"", ""nome"": ""reinvestimento observado""}, {""insumo"": ""metodo.fcff_normalizado"", ""motivo"": ""valor do patrimônio não positivo (dissidência: conta na dispersão como zero)"", ""nome"": ""Fluxo de caixa livre com margem ao longo do ciclo""}, {""insumo"": ""metodo.regressao_ev_receita"", ""motivo"": ""fundamentos do emissor incompletos para a regressão"", ""nome"": ""EV/Receita de regressão transversal (margem, crescimento, alavancagem)""}]",cb279bfcf30c8c1c45eddae2118b7aa20f73f9c3c8a3c4b697620a333a97ae30,https://github.com/arielassayag/MarketSummary/blob/af6eb0c93d7c14efaa49bd658c0a502f4e9aedb9/book/cobertura/2026-10-07/modelos/CL_CMPC.json,não certificada por este inventário
CL_COLBUN,Colbún,CL,Utilities,utilidade_regulada,"[{""issuer_id"": ""CL_COLBUN"", ""issuer_name"": ""Colbun"", ""country"": ""CL"", ""gics_sector"": ""Utilities"", ""line_type"": ""LOCAL"", ""yahoo_ticker"": ""COLBUN.SN"", ""exchange"": ""BCS"", ""currency"": ""CLP"", ""adr_ratio"": """", ""primary_line"": ""true"", ""notes"": ""YAHOO_VOLUME_GAPS (media de 13 pregoes com volume) | ADTV 3m < US$ 5 mi""}]",COLBUN.SN,CLP,2026-10-07,Neutro,C,True,207.268,"[""rim_real"", ""ddm_real"", ""fcff_real"", ""regressao_pb_roe""]",[],"[""G5""]",False,True,USD,USD,[],"[""eps_fy1"", ""eps_fy2"", ""dps_12m""]","[""dps_12m""]",False,"[{""insumo"": ""reinvestimento"", ""motivo"": ""FCFF sem identidade observada completa de EBIT, capex, depreciação da DFC, variação do capital de giro operacional e adições de direitos de uso no mesmo período, base contábil e moeda: reinvestimento projetado por g ÷ RONIC, sem substituir ausência por zero"", ""nome"": ""reinvestimento observado""}]",06bf52939fec6c4263de1c200b755f3b5900e25edaf14540c402f597d03508d7,https://github.com/arielassayag/MarketSummary/blob/af6eb0c93d7c14efaa49bd658c0a502f4e9aedb9/book/cobertura/2026-10-07/modelos/CL_COLBUN.json,não certificada por este inventário
CL_COPEC,Empresas Copec,CL,Energy,corporativo,"[{""issuer_id"": ""CL_COPEC"", ""issuer_name"": ""Empresas Copec"", ""country"": ""CL"", ""gics_sector"": ""Energy"", ""line_type"": ""LOCAL"", ""yahoo_ticker"": ""COPEC.SN"", ""exchange"": ""BCS"", ""currency"": ""CLP"", ""adr_ratio"": """", ""primary_line"": ""true"", ""notes"": ""YAHOO_VOLUME_GAPS (media de 13 pregoes com volume)""}]",COPEC.SN,CLP,2026-10-07,Neutro,C,True,3898.78,"[""fcff"", ""rim"", ""multiplo_justificado""]",[],"[""G18"", ""G20""]",False,True,USD,USD,[],"[""eps_fy1"", ""eps_fy2"", ""dps_12m""]","[""dps_12m""]",False,"[{""insumo"": ""reinvestimento"", ""motivo"": ""FCFF sem identidade observada completa de EBIT, capex, depreciação da DFC, variação do capital de giro operacional e adições de direitos de uso no mesmo período, base contábil e moeda: reinvestimento projetado por g ÷ RONIC, sem substituir ausência por zero"", ""nome"": ""reinvestimento observado""}]",3086915a6511db7291b3b07d50d290917d278d36cedcebbed2ef7569983236e8,https://github.com/arielassayag/MarketSummary/blob/af6eb0c93d7c14efaa49bd658c0a502f4e9aedb9/book/cobertura/2026-10-07/modelos/CL_COPEC.json,não certificada por este inventário
CL_ECL,Engie Energía Chile,CL,Utilities,utilidade_regulada,"[{""issuer_id"": ""CL_ECL"", ""issuer_name"": ""Engie Energia Chile"", ""country"": ""CL"", ""gics_sector"": ""Utilities"", ""line_type"": ""LOCAL"", ""yahoo_ticker"": ""ECL.SN"", ""exchange"": ""BCS"", ""currency"": ""CLP"", ""adr_ratio"": """", ""primary_line"": ""true"", ""notes"": ""YAHOO_VOLUME_GAPS (media de 13 pregoes com volume) | ADTV 3m < US$ 5 mi""}]",ECL.SN,CLP,2026-10-07,Compra,B,True,2642.76,"[""rim_real"", ""ddm_real"", ""fcff_real"", ""regressao_pb_roe""]",[],"[""G18""]",False,True,USD,USD,[],"[""eps_fy1"", ""eps_fy2"", ""dps_12m""]","[""dps_12m""]",False,"[{""insumo"": ""recompras"", ""motivo"": ""item defasado em relação ao último balanço: recompra de ações (2022-12-31)"", ""nome"": ""recompra de ações""}, {""insumo"": ""reinvestimento"", ""motivo"": ""FCFF sem identidade observada completa de EBIT, capex, depreciação da DFC, variação do capital de giro operacional e adições de direitos de uso no mesmo período, base contábil e moeda: reinvestimento projetado por g ÷ RONIC, sem substituir ausência por zero"", ""nome"": ""reinvestimento observado""}]",564b3d02cebd77eb205214add523bdc0750121bb7827d285b871e66d2c542724,https://github.com/arielassayag/MarketSummary/blob/af6eb0c93d7c14efaa49bd658c0a502f4e9aedb9/book/cobertura/2026-10-07/modelos/CL_ECL.json,não certificada por este inventário
CL_EISA,Echeverría Izquierdo,CL,Industrials,corporativo,"[{""issuer_id"": ""CL_EISA"", ""issuer_name"": ""Echeverria Izquierdo"", ""country"": ""CL"", ""gics_sector"": ""Industrials"", ""line_type"": ""LOCAL"", ""yahoo_ticker"": ""EISA.SN"", ""exchange"": ""BCS"", ""currency"": ""CLP"", ""adr_ratio"": """", ""primary_line"": ""true"", ""notes"": ""YAHOO_VOLUME_GAPS (media de 13 pregoes com volume) | ADTV 3m < US$ 5 mi""}]",EISA.SN,CLP,2026-10-07,Venda,B,True,468.93,"[""fcff"", ""rim"", ""multiplo_justificado""]",[],[],False,True,CLP,,[],"[""dps_12m""]","[""dps_12m""]",False,"[{""insumo"": ""eps_fy1"", ""motivo"": ""consenso de LPA indisponível ou inconsistente"", ""nome"": ""LPA de consenso (ano 1)""}, {""insumo"": ""g_receita_fy1"", ""motivo"": ""receita de consenso do ano 1 = 0,00× a receita de 12 meses (fora de 0,5–2×): unidade, moeda ou perímetro diferentes; não usada"", ""nome"": ""g receita fy1""}, {""insumo"": ""g_receita_historico"", ""motivo"": ""crescimento histórico da receita de 37,5% fora da faixa plausível (provável efeito contábil): não usado"", ""nome"": ""crescimento histórico da receita""}, {""insumo"": ""reinvestimento"", ""motivo"": ""FCFF sem identidade observada completa de EBIT, capex, depreciação da DFC, variação do capital de giro operacional e adições de direitos de uso no mesmo período, base contábil e moeda: reinvestimento projetado por g ÷ RONIC, sem substituir ausência por zero"", ""nome"": ""reinvestimento observado""}]",e406478c042fa11212ce691332918d8b3b33e25d66f7c9335ddc5982fa74f6ff,https://github.com/arielassayag/MarketSummary/blob/af6eb0c93d7c14efaa49bd658c0a502f4e9aedb9/book/cobertura/2026-10-07/modelos/CL_EISA.json,não certificada por este inventário
CL_ENELAM,Enel Américas,CL,Utilities,utilidade_regulada,"[{""issuer_id"": ""CL_ENELAM"", ""issuer_name"": ""Enel Americas"", ""country"": ""CL"", ""gics_sector"": ""Utilities"", ""line_type"": ""LOCAL"", ""yahoo_ticker"": ""ENELAM.SN"", ""exchange"": ""BCS"", ""currency"": ""CLP"", ""adr_ratio"": """", ""primary_line"": ""true"", ""notes"": ""YAHOO_VOLUME_GAPS (media de 13 pregoes com volume) | ADTV 3m < US$ 5 mi""}]",ENELAM.SN,CLP,2026-10-07,Neutro,C,True,186.252,"[""rim_real"", ""ddm_real"", ""fcff_real"", ""regressao_pb_roe""]",[],"[""G11""]",False,True,USD,USD,[],"[""eps_fy1"", ""eps_fy2"", ""dps_12m""]","[""dps_12m""]",False,"[{""insumo"": ""reinvestimento"", ""motivo"": ""FCFF sem identidade observada completa de EBIT, capex, depreciação da DFC, variação do capital de giro operacional e adições de direitos de uso no mesmo período, base contábil e moeda: reinvestimento projetado por g ÷ RONIC, sem substituir ausência por zero"", ""nome"": ""reinvestimento observado""}]",2beb1744c4ca66c3f7db701d1a0195e1458cd0a6ac5246ad07172bfc82874800,https://github.com/arielassayag/MarketSummary/blob/af6eb0c93d7c14efaa49bd658c0a502f4e9aedb9/book/cobertura/2026-10-07/modelos/CL_ENELAM.json,não certificada por este inventário
CL_ENELCHILE,Enel Chile,CL,Utilities,utilidade_regulada,"[{""issuer_id"": ""CL_ENELCHILE"", ""issuer_name"": ""Enel Chile"", ""country"": ""CL"", ""gics_sector"": ""Utilities"", ""line_type"": ""LOCAL"", ""yahoo_ticker"": ""ENELCHILE.SN"", ""exchange"": ""BCS"", ""currency"": ""CLP"", ""adr_ratio"": """", ""primary_line"": ""true"", ""notes"": ""ENIC = 50 acoes | YAHOO_VOLUME_GAPS (media de 13 pregoes com volume) | ADTV 3m < US$ 5 mi""}, {""issuer_id"": ""CL_ENELCHILE"", ""issuer_name"": ""Enel Chile"", ""country"": ""CL"", ""gics_sector"": ""Utilities"", ""line_type"": ""ADR"", ""yahoo_ticker"": ""ENIC"", ""exchange"": ""NYSE"", ""currency"": ""USD"", ""adr_ratio"": ""50"", ""primary_line"": ""false"", ""notes"": ""ADS = 50 ações locais | ENIC = 50 acoes | OK (implicito 50.566, desvio +1.1%, n=20) | ADTV 3m < US$ 5 mi""}]",ENIC,USD,2026-10-07,Compra,B,True,6.06761,"[""rim_real"", ""ddm_real"", ""fcff_real"", ""regressao_pb_roe""]",[],[],False,True,USD,CLP,[],"[""eps_fy1"", ""eps_fy2"", ""dps_12m""]","[""dps_12m""]",False,"[{""insumo"": ""reinvestimento"", ""motivo"": ""FCFF sem identidade observada completa de EBIT, capex, depreciação da DFC, variação do capital de giro operacional e adições de direitos de uso no mesmo período, base contábil e moeda: reinvestimento projetado por g ÷ RONIC, sem substituir ausência por zero"", ""nome"": ""reinvestimento observado""}]",0428df36b62814013c9f1fcde0e937556aca1db4cdc5135f7adf836120566b7d,https://github.com/arielassayag/MarketSummary/blob/af6eb0c93d7c14efaa49bd658c0a502f4e9aedb9/book/cobertura/2026-10-07/modelos/CL_ENELCHILE.json,não certificada por este inventário
CL_FALABELLA,Falabella,CL,Consumer Discretionary,corporativo,"[{""issuer_id"": ""CL_FALABELLA"", ""issuer_name"": ""Falabella"", ""country"": ""CL"", ""gics_sector"": ""Consumer Discretionary"", ""line_type"": ""LOCAL"", ""yahoo_ticker"": ""FALABELLA.SN"", ""exchange"": ""BCS"", ""currency"": ""CLP"", ""adr_ratio"": """", ""primary_line"": ""true"", ""notes"": ""YAHOO_VOLUME_GAPS (media de 13 pregoes com volume)""}]",FALABELLA.SN,CLP,2026-10-07,Venda,B,True,5155.7,"[""fcff"", ""rim"", ""multiplo_justificado""]",[],[],False,True,CLP,CLP,[],"[""eps_fy1"", ""eps_fy2"", ""dps_12m""]","[""dps_12m""]",False,"[{""insumo"": ""reinvestimento"", ""motivo"": ""FCFF sem identidade observada completa de EBIT, capex, depreciação da DFC, variação do capital de giro operacional e adições de direitos de uso no mesmo período, base contábil e moeda: reinvestimento projetado por g ÷ RONIC, sem substituir ausência por zero"", ""nome"": ""reinvestimento observado""}]",4b257c34d75f19984fee4b3529b96b4632a574343d49b1aa7527ac2c48c2ec8d,https://github.com/arielassayag/MarketSummary/blob/af6eb0c93d7c14efaa49bd658c0a502f4e9aedb9/book/cobertura/2026-10-07/modelos/CL_FALABELLA.json,não certificada por este inventário
CL_ITAU,Banco Itaú Chile,CL,Financials,banco,"[{""issuer_id"": ""CL_ITAU"", ""issuer_name"": ""Banco Itau Chile"", ""country"": ""CL"", ""gics_sector"": ""Financials"", ""line_type"": ""LOCAL"", ""yahoo_ticker"": ""ITAUCL.SN"", ""exchange"": ""BCS"", ""currency"": ""CLP"", ""adr_ratio"": """", ""primary_line"": ""true"", ""notes"": ""YAHOO_VOLUME_GAPS (media de 13 pregoes com volume)""}]",ITAUCL.SN,CLP,2026-10-07,Neutro,B,True,29122.5,"[""rim"", ""pb_justificado"", ""regressao_pb_roe""]",[],[],False,True,CLP,CLP,[],"[""eps_fy1"", ""eps_fy2""]",[],False,"[{""insumo"": ""margem"", ""motivo"": ""ebit: valor ausente ou não finito; ebit: período de 12 meses não demonstrado; ebit: moeda da fonte não demonstrada; ebit: base contábil não demonstrada"", ""nome"": ""margem EBIT comparável""}, {""insumo"": ""margem_historica"", ""motivo"": ""pares anuais sem alinhamento/proveniência: 2022, 2023, 2024, 2025"", ""nome"": ""margem EBIT histórica comparável""}]",19b292cbd600764d12d7dcd2f9f689805f1b61aed10a0f2831ac2f9456e19769,https://github.com/arielassayag/MarketSummary/blob/af6eb0c93d7c14efaa49bd658c0a502f4e9aedb9/book/cobertura/2026-10-07/modelos/CL_ITAU.json,não certificada por este inventário
CL_LATAM,LATAM Airlines Group,CL,Industrials,corporativo,"[{""issuer_id"": ""CL_LATAM"", ""issuer_name"": ""LATAM Airlines Group"", ""country"": ""CL"", ""gics_sector"": ""Industrials"", ""line_type"": ""LOCAL"", ""yahoo_ticker"": ""LTM.SN"", ""exchange"": ""BCS"", ""currency"": ""CLP"", ""adr_ratio"": """", ""primary_line"": ""true"", ""notes"": ""Relistado NYSE 25/07/2024; LTM = 2000 acoes | YAHOO_VOLUME_GAPS (media de 13 pregoes com volume) | QUEBRA de nível na série Yahoo em 2022-09-14 (+312%, evento não ajustado): histórico anterior não comparável | linha primária pela regra de histórico (rascunho: LTM)""}, {""issuer_id"": ""CL_LATAM"", ""issuer_name"": ""LATAM Airlines Group"", ""country"": ""CL"", ""gics_sector"": ""Industrials"", ""line_type"": ""ADR"", ""yahoo_ticker"": ""LTM"", ""exchange"": ""NYSE"", ""currency"": ""USD"", ""adr_ratio"": ""2000"", ""primary_line"": ""false"", ""notes"": ""ADS = 2000 ações locais | Relistado NYSE 25/07/2024; LTM = 2000 acoes | OK (implicito 1982.952, desvio -0.9%, n=20) | histórico válido desde 2024-07-25""}]",LTM,USD,2026-10-07,Em revisão,C,False,137.586,"[""fcff"", ""rim"", ""multiplo_justificado""]","[""G11""]","[""G18"", ""G20""]",False,True,USD,USD,[],"[""eps_fy1"", ""eps_fy2""]",[],False,"[{""insumo"": ""reinvestimento"", ""motivo"": ""FCFF sem identidade observada completa de EBIT, capex, depreciação da DFC, variação do capital de giro operacional e adições de direitos de uso no mesmo período, base contábil e moeda: reinvestimento projetado por g ÷ RONIC, sem substituir ausência por zero"", ""nome"": ""reinvestimento observado""}]",ac4194af78549a4886f26f37ffe73fda05120b2d10d1e816a521ad515307f1cd,https://github.com/arielassayag/MarketSummary/blob/af6eb0c93d7c14efaa49bd658c0a502f4e9aedb9/book/cobertura/2026-10-07/modelos/CL_LATAM.json,não certificada por este inventário
CL_MALLPLAZA,Plaza SA (Mallplaza),CL,Real Estate,imobiliario,"[{""issuer_id"": ""CL_MALLPLAZA"", ""issuer_name"": ""Plaza SA (Mallplaza)"", ""country"": ""CL"", ""gics_sector"": ""Real Estate"", ""line_type"": ""LOCAL"", ""yahoo_ticker"": ""MALLPLAZA.SN"", ""exchange"": ""BCS"", ""currency"": ""CLP"", ""adr_ratio"": """", ""primary_line"": ""true"", ""notes"": ""YAHOO_VOLUME_GAPS (media de 13 pregoes com volume) | ADTV 3m < US$ 5 mi""}]",MALLPLAZA.SN,CLP,2026-10-07,Neutro,B,True,3385.18,"[""rim"", ""regressao_pb_roe""]",[],[],False,True,CLP,CLP,[],"[""eps_fy1"", ""eps_fy2""]",[],True,"[{""insumo"": ""g_receita_historico"", ""motivo"": ""crescimento histórico da receita de 36,9% fora da faixa plausível (provável efeito contábil): não usado"", ""nome"": ""crescimento histórico da receita""}, {""insumo"": ""reinvestimento"", ""motivo"": ""FCFF sem identidade observada completa de EBIT, capex, depreciação da DFC, variação do capital de giro operacional e adições de direitos de uso no mesmo período, base contábil e moeda: reinvestimento projetado por g ÷ RONIC, sem substituir ausência por zero"", ""nome"": ""reinvestimento observado""}]",96a64a035856d65609b23a632245242900e9061cf0f7e4e43f5778574ccd2336,https://github.com/arielassayag/MarketSummary/blob/af6eb0c93d7c14efaa49bd658c0a502f4e9aedb9/book/cobertura/2026-10-07/modelos/CL_MALLPLAZA.json,não certificada por este inventário
CL_PARAUCO,Parque Arauco,CL,Real Estate,imobiliario,"[{""issuer_id"": ""CL_PARAUCO"", ""issuer_name"": ""Parque Arauco"", ""country"": ""CL"", ""gics_sector"": ""Real Estate"", ""line_type"": ""LOCAL"", ""yahoo_ticker"": ""PARAUCO.SN"", ""exchange"": ""BCS"", ""currency"": ""CLP"", ""adr_ratio"": """", ""primary_line"": ""true"", ""notes"": ""YAHOO_VOLUME_GAPS (media de 13 pregoes com volume) | ADTV 3m < US$ 5 mi""}]",PARAUCO.SN,CLP,2026-10-07,Venda,B,True,2447.22,"[""rim"", ""regressao_pb_roe""]",[],[],False,True,CLP,CLP,[],"[""eps_fy1"", ""eps_fy2""]",[],True,"[{""insumo"": ""g_receita_historico"", ""motivo"": ""crescimento histórico da receita de 31,4% fora da faixa plausível (provável efeito contábil): não usado"", ""nome"": ""crescimento histórico da receita""}, {""insumo"": ""reinvestimento"", ""motivo"": ""FCFF sem identidade observada completa de EBIT, capex, depreciação da DFC, variação do capital de giro operacional e adições de direitos de uso no mesmo período, base contábil e moeda: reinvestimento projetado por g ÷ RONIC, sem substituir ausência por zero"", ""nome"": ""reinvestimento observado""}]",846429ba17da707af42ceeedbd90914f4753effb2afdcd5a78ccdaaa5ca90972,https://github.com/arielassayag/MarketSummary/blob/af6eb0c93d7c14efaa49bd658c0a502f4e9aedb9/book/cobertura/2026-10-07/modelos/CL_PARAUCO.json,não certificada por este inventário
CL_SQM,SQM,CL,Materials,commodity,"[{""issuer_id"": ""CL_SQM"", ""issuer_name"": ""SQM"", ""country"": ""CL"", ""gics_sector"": ""Materials"", ""line_type"": ""ADR"", ""yahoo_ticker"": ""SQM"", ""exchange"": ""NYSE"", ""currency"": ""USD"", ""adr_ratio"": ""1"", ""primary_line"": ""true"", ""notes"": ""ADS = 1 ações locais | SQM = 1 serie B | OK (implicito 1.002, desvio +0.2%, n=20)""}, {""issuer_id"": ""CL_SQM"", ""issuer_name"": ""SQM"", ""country"": ""CL"", ""gics_sector"": ""Materials"", ""line_type"": ""LOCAL"", ""yahoo_ticker"": ""SQM-B.SN"", ""exchange"": ""BCS"", ""currency"": ""CLP"", ""adr_ratio"": """", ""primary_line"": ""false"", ""notes"": ""SQM = 1 serie B | YAHOO_VOLUME_GAPS (media de 10 pregoes com volume)""}]",SQM,USD,2026-10-07,Neutro,B,True,71.4444,"[""fcff_normalizado"", ""rim""]",[],[],False,True,USD,USD,[],"[""eps_fy1"", ""eps_fy2""]",[],False,"[{""insumo"": ""g_receita_historico"", ""motivo"": ""crescimento histórico da receita de 48,5% fora da faixa plausível (provável efeito contábil): não usado"", ""nome"": ""crescimento histórico da receita""}, {""insumo"": ""reinvestimento"", ""motivo"": ""FCFF sem identidade observada completa de EBIT, capex, depreciação da DFC, variação do capital de giro operacional e adições de direitos de uso no mesmo período, base contábil e moeda: reinvestimento projetado por g ÷ RONIC, sem substituir ausência por zero"", ""nome"": ""reinvestimento observado""}, {""insumo"": ""metodo.regressao_ev_receita"", ""motivo"": ""fundamentos do emissor incompletos para a regressão"", ""nome"": ""EV/Receita de regressão transversal (margem, crescimento, alavancagem)""}]",2823bc2ac28102e7f9d92ec4eba5c72fd28f0c1297e7c7f03c1f23de026f80ef,https://github.com/arielassayag/MarketSummary/blob/af6eb0c93d7c14efaa49bd658c0a502f4e9aedb9/book/cobertura/2026-10-07/modelos/CL_SQM.json,não certificada por este inventário
CO_CEMARGOS,Cementos Argos,CO,Materials,corporativo,"[{""issuer_id"": ""CO_CEMARGOS"", ""issuer_name"": ""Cementos Argos"", ""country"": ""CO"", ""gics_sector"": ""Materials"", ""line_type"": ""LOCAL"", ""yahoo_ticker"": ""CEMARGOS.CL"", ""exchange"": ""BVC"", ""currency"": ""COP"", ""adr_ratio"": """", ""primary_line"": ""true"", ""notes"": ""classe ordinária | ADTV 3m < US$ 5 mi""}]",CEMARGOS.CL,COP,2026-10-07,Venda,B,True,8370.73,"[""fcff"", ""rim"", ""multiplo_justificado""]",[],[],False,True,COP,COP,[],"[""eps_fy1"", ""eps_fy2"", ""dps_12m""]","[""dps_12m""]",False,"[{""insumo"": ""reinvestimento"", ""motivo"": ""FCFF sem identidade observada completa de EBIT, capex, depreciação da DFC, variação do capital de giro operacional e adições de direitos de uso no mesmo período, base contábil e moeda: reinvestimento projetado por g ÷ RONIC, sem substituir ausência por zero"", ""nome"": ""reinvestimento observado""}]",9440ffb2e9bd5a4927e0f0b72d88816d74c4ae60ee878ef78874d600c7176719,https://github.com/arielassayag/MarketSummary/blob/af6eb0c93d7c14efaa49bd658c0a502f4e9aedb9/book/cobertura/2026-10-07/modelos/CO_CEMARGOS.json,não certificada por este inventário
CO_CIBEST,Grupo Cibest (ex-Bancolombia),CO,Financials,banco,"[{""issuer_id"": ""CO_CIBEST"", ""issuer_name"": ""Grupo Cibest (ex-Bancolombia)"", ""country"": ""CO"", ""gics_sector"": ""Financials"", ""line_type"": ""ADR"", ""yahoo_ticker"": ""CIB"", ""exchange"": ""NYSE"", ""currency"": ""USD"", ""adr_ratio"": ""4"", ""primary_line"": ""true"", ""notes"": ""ADS = 4 ações locais | Holding criada 16/05/2025; CIB = 4 preferenciais | OK (implicito 4.006, desvio +0.1%, n=20)""}, {""issuer_id"": ""CO_CIBEST"", ""issuer_name"": ""Grupo Cibest (ex-Bancolombia)"", ""country"": ""CO"", ""gics_sector"": ""Financials"", ""line_type"": ""LOCAL"", ""yahoo_ticker"": ""CIBEST.CL"", ""exchange"": ""BVC"", ""currency"": ""COP"", ""adr_ratio"": """", ""primary_line"": ""false"", ""notes"": ""classe ordinária | Holding criada 16/05/2025; CIB = 4 preferenciais | ADTV 3m < US$ 5 mi | pico isolado na série Yahoo em 2020-03-09 (-68%; provável erro)""}, {""issuer_id"": ""CO_CIBEST"", ""issuer_name"": ""Grupo Cibest (ex-Bancolombia)"", ""country"": ""CO"", ""gics_sector"": ""Financials"", ""line_type"": ""LOCAL"", ""yahoo_ticker"": ""PFCIBEST.CL"", ""exchange"": ""BVC"", ""currency"": ""COP"", ""adr_ratio"": """", ""primary_line"": ""false"", ""notes"": ""classe preferencial | Holding criada 16/05/2025; CIB = 4 preferenciais""}]",PFCIBEST.CL,COP,2026-10-07,Neutro,B,True,74773.9,"[""rim"", ""pb_justificado"", ""regressao_pb_roe""]",[],[],False,True,COP,USD,[],"[""eps_fy1"", ""eps_fy2""]",[],False,"[{""insumo"": ""margem"", ""motivo"": ""ebit: valor ausente ou não finito; ebit: período de 12 meses não demonstrado; ebit: moeda da fonte não demonstrada; ebit: base contábil não demonstrada"", ""nome"": ""margem EBIT comparável""}, {""insumo"": ""margem_historica"", ""motivo"": ""pares anuais sem alinhamento/proveniência: 2022, 2023, 2024, 2025"", ""nome"": ""margem EBIT histórica comparável""}]",f834f28d8782274b49569b8dd1cb47af2b60da8d90f685f25c4b9a465638cb59,https://github.com/arielassayag/MarketSummary/blob/af6eb0c93d7c14efaa49bd658c0a502f4e9aedb9/book/cobertura/2026-10-07/modelos/CO_CIBEST.json,não certificada por este inventário
CO_ECOPETROL,Ecopetrol,CO,Energy,commodity,"[{""issuer_id"": ""CO_ECOPETROL"", ""issuer_name"": ""Ecopetrol"", ""country"": ""CO"", ""gics_sector"": ""Energy"", ""line_type"": ""ADR"", ""yahoo_ticker"": ""EC"", ""exchange"": ""NYSE"", ""currency"": ""USD"", ""adr_ratio"": ""20"", ""primary_line"": ""true"", ""notes"": ""ADS = 20 ações locais | EC = 20 acoes | OK (implicito 20.025, desvio +0.1%, n=20)""}, {""issuer_id"": ""CO_ECOPETROL"", ""issuer_name"": ""Ecopetrol"", ""country"": ""CO"", ""gics_sector"": ""Energy"", ""line_type"": ""LOCAL"", ""yahoo_ticker"": ""ECOPETROL.CL"", ""exchange"": ""BVC"", ""currency"": ""COP"", ""adr_ratio"": """", ""primary_line"": ""false"", ""notes"": ""classe ordinária | EC = 20 acoes""}]",ECOPETROL.CL,COP,2026-10-07,Neutro,C,True,4301.93,"[""fcff_normalizado"", ""rim"", ""regressao_ev_receita""]",[],"[""G17""]",False,True,COP,USD,[],"[""eps_fy1"", ""eps_fy2"", ""dps_12m""]","[""dps_12m""]",False,"[{""insumo"": ""reinvestimento"", ""motivo"": ""FCFF sem identidade observada completa de EBIT, capex, depreciação da DFC, variação do capital de giro operacional e adições de direitos de uso no mesmo período, base contábil e moeda: reinvestimento projetado por g ÷ RONIC, sem substituir ausência por zero"", ""nome"": ""reinvestimento observado""}]",3a36cf68c6879f919ef98927829d7d317eec309ef537e35703cefe87f46ea885,https://github.com/arielassayag/MarketSummary/blob/af6eb0c93d7c14efaa49bd658c0a502f4e9aedb9/book/cobertura/2026-10-07/modelos/CO_ECOPETROL.json,não certificada por este inventário
CO_GEOPARK,GeoPark,CO,Energy,commodity,"[{""issuer_id"": ""CO_GEOPARK"", ""issuer_name"": ""GeoPark"", ""country"": ""CO"", ""gics_sector"": ""Energy"", ""line_type"": ""US_LISTED"", ""yahoo_ticker"": ""GPRK"", ""exchange"": ""NYSE"", ""currency"": ""USD"", ""adr_ratio"": """", ""primary_line"": ""true"", ""notes"": """"}]",GPRK,USD,2026-10-07,Em revisão,C,False,51.5349,"[""fcff_normalizado"", ""rim"", ""regressao_ev_receita""]","[""G9"", ""G11""]","[""G18"", ""G20""]",False,True,USD,USD,[],"[""eps_fy1"", ""eps_fy2"", ""dps_12m""]","[""dps_12m""]",False,"[{""insumo"": ""reinvestimento"", ""motivo"": ""FCFF sem identidade observada completa de EBIT, capex, depreciação da DFC, variação do capital de giro operacional e adições de direitos de uso no mesmo período, base contábil e moeda: reinvestimento projetado por g ÷ RONIC, sem substituir ausência por zero"", ""nome"": ""reinvestimento observado""}]",9accc0bc8059ad196a078a37a58a646c3b3fbc1aecf9e4760a89f87a457fc19d,https://github.com/arielassayag/MarketSummary/blob/af6eb0c93d7c14efaa49bd658c0a502f4e9aedb9/book/cobertura/2026-10-07/modelos/CO_GEOPARK.json,não certificada por este inventário
CO_GRANTIERRA,Gran Tierra Energy,CO,Energy,commodity,"[{""issuer_id"": ""CO_GRANTIERRA"", ""issuer_name"": ""Gran Tierra Energy"", ""country"": ""CO"", ""gics_sector"": ""Energy"", ""line_type"": ""US_LISTED"", ""yahoo_ticker"": ""GTE"", ""exchange"": ""NYSE American"", ""currency"": ""USD"", ""adr_ratio"": """", ""primary_line"": ""true"", ""notes"": """"}]",GTE,USD,2026-10-07,Neutro,C,True,11.5747,"[""fcff_normalizado"", ""rim"", ""regressao_ev_receita""]",[],"[""G5"", ""G16"", ""G18""]",False,True,USD,USD,[],"[""eps_fy1"", ""eps_fy2""]",[],False,"[{""insumo"": ""aplicacoes_cp"", ""motivo"": ""item defasado em relação ao último balanço: aplicações financeiras de curto prazo (2021-12-31)"", ""nome"": ""aplicações financeiras de curto prazo""}, {""insumo"": ""dps_12m"", ""motivo"": ""sem histórico de proventos nem dividendos pagos no DFC"", ""nome"": ""dividendos dos últimos 12 meses""}, {""insumo"": ""reinvestimento"", ""motivo"": ""FCFF sem identidade observada completa de EBIT, capex, depreciação da DFC, variação do capital de giro operacional e adições de direitos de uso no mesmo período, base contábil e moeda: reinvestimento projetado por g ÷ RONIC, sem substituir ausência por zero"", ""nome"": ""reinvestimento observado""}]",b95e0b5558db31cbb83f3b8b3e4ca5423570aa2e40d8dc2f8fc804b76fc233d8,https://github.com/arielassayag/MarketSummary/blob/af6eb0c93d7c14efaa49bd658c0a502f4e9aedb9/book/cobertura/2026-10-07/modelos/CO_GRANTIERRA.json,não certificada por este inventário
CO_GRUPOARGOS,Grupo Argos,CO,Materials,holding,"[{""issuer_id"": ""CO_GRUPOARGOS"", ""issuer_name"": ""Grupo Argos"", ""country"": ""CO"", ""gics_sector"": ""Materials"", ""line_type"": ""LOCAL"", ""yahoo_ticker"": ""PFGRUPOARG.CL"", ""exchange"": ""BVC"", ""currency"": ""COP"", ""adr_ratio"": """", ""primary_line"": ""true"", ""notes"": ""classe preferencial | ADTV 3m < US$ 5 mi""}, {""issuer_id"": ""CO_GRUPOARGOS"", ""issuer_name"": ""Grupo Argos"", ""country"": ""CO"", ""gics_sector"": ""Materials"", ""line_type"": ""LOCAL"", ""yahoo_ticker"": ""GRUPOARGOS.CL"", ""exchange"": ""BVC"", ""currency"": ""COP"", ""adr_ratio"": """", ""primary_line"": ""false"", ""notes"": ""classe ordinária | ADTV 3m < US$ 5 mi""}]",PFGRUPOARG.CL,COP,2026-10-07,Neutro,C,True,7798.5,"[""soma_partes""]",[],"[""G20""]",False,True,COP,COP,[],"[""eps_fy1"", ""eps_fy2""]",[],True,"[{""insumo"": ""reinvestimento"", ""motivo"": ""FCFF sem identidade observada completa de EBIT, capex, depreciação da DFC, variação do capital de giro operacional e adições de direitos de uso no mesmo período, base contábil e moeda: reinvestimento projetado por g ÷ RONIC, sem substituir ausência por zero"", ""nome"": ""reinvestimento observado""}]",c570819f04ec02ed12e10aedc42108d34c1e48566adb79f219e38a5b6f2b4ba8,https://github.com/arielassayag/MarketSummary/blob/af6eb0c93d7c14efaa49bd658c0a502f4e9aedb9/book/cobertura/2026-10-07/modelos/CO_GRUPOARGOS.json,não certificada por este inventário
CO_ISA,Interconexión Eléctrica (ISA),CO,Utilities,utilidade_regulada,"[{""issuer_id"": ""CO_ISA"", ""issuer_name"": ""Interconexion Electrica (ISA)"", ""country"": ""CO"", ""gics_sector"": ""Utilities"", ""line_type"": ""LOCAL"", ""yahoo_ticker"": ""ISA.CL"", ""exchange"": ""BVC"", ""currency"": ""COP"", ""adr_ratio"": """", ""primary_line"": ""true"", ""notes"": ""classe ordinária | ADTV 3m < US$ 5 mi""}]",ISA.CL,COP,2026-10-07,Neutro,B,True,32444.1,"[""rim_real"", ""ddm_real"", ""fcff_real"", ""regressao_pb_roe""]",[],[],False,True,COP,COP,[],"[""eps_fy1"", ""eps_fy2""]",[],False,"[{""insumo"": ""reinvestimento"", ""motivo"": ""FCFF sem identidade observada completa de EBIT, capex, depreciação da DFC, variação do capital de giro operacional e adições de direitos de uso no mesmo período, base contábil e moeda: reinvestimento projetado por g ÷ RONIC, sem substituir ausência por zero"", ""nome"": ""reinvestimento observado""}]",5ff8a508845738d18675a06d8c5168a02f56650f02d905344042abdbc738f03d,https://github.com/arielassayag/MarketSummary/blob/af6eb0c93d7c14efaa49bd658c0a502f4e9aedb9/book/cobertura/2026-10-07/modelos/CO_ISA.json,não certificada por este inventário
CO_SURA,Grupo Sura,CO,Financials,holding,"[{""issuer_id"": ""CO_SURA"", ""issuer_name"": ""Grupo Sura"", ""country"": ""CO"", ""gics_sector"": ""Financials"", ""line_type"": ""LOCAL"", ""yahoo_ticker"": ""PFGRUPSURA.CL"", ""exchange"": ""BVC"", ""currency"": ""COP"", ""adr_ratio"": """", ""primary_line"": ""true"", ""notes"": ""classe preferencial | ADTV 3m < US$ 5 mi | pico isolado na série Yahoo em 2021-06-23 (+110%; provável erro)""}, {""issuer_id"": ""CO_SURA"", ""issuer_name"": ""Grupo Sura"", ""country"": ""CO"", ""gics_sector"": ""Financials"", ""line_type"": ""LOCAL"", ""yahoo_ticker"": ""GRUPOSURA.CL"", ""exchange"": ""BVC"", ""currency"": ""COP"", ""adr_ratio"": """", ""primary_line"": ""false"", ""notes"": ""classe ordinária | ADTV 3m < US$ 5 mi""}]",PFGRUPSURA.CL,COP,2026-10-07,Venda,B,True,57363.6,"[""soma_partes""]",[],[],False,True,COP,COP,[],"[""eps_fy1"", ""eps_fy2""]",[],True,"[{""insumo"": ""recompras"", ""motivo"": ""item defasado em relação ao último balanço: recompra de ações (2022-12-31)"", ""nome"": ""recompra de ações""}]",b8a650e1bbee53cfbda1490e54183de787270dc6f57a13790baf5e305ba6f0fd,https://github.com/arielassayag/MarketSummary/blob/af6eb0c93d7c14efaa49bd658c0a502f4e9aedb9/book/cobertura/2026-10-07/modelos/CO_SURA.json,não certificada por este inventário
CO_TECNOGLASS,Tecnoglass,CO,Industrials,corporativo,"[{""issuer_id"": ""CO_TECNOGLASS"", ""issuer_name"": ""Tecnoglass"", ""country"": ""CO"", ""gics_sector"": ""Industrials"", ""line_type"": ""US_LISTED"", ""yahoo_ticker"": ""TGLS"", ""exchange"": ""NYSE"", ""currency"": ""USD"", ""adr_ratio"": """", ""primary_line"": ""true"", ""notes"": """"}]",TGLS,USD,2026-10-07,Compra,B,True,56.8744,"[""fcff"", ""rim"", ""multiplo_justificado""]",[],[],False,True,USD,USD,[],"[""eps_fy1"", ""eps_fy2""]",[],False,"[{""insumo"": ""participacao_minoritarios"", ""motivo"": ""item defasado em relação ao último balanço: participação de não controladores (2023-12-31)"", ""nome"": ""participação de não controladores""}, {""insumo"": ""reinvestimento"", ""motivo"": ""FCFF sem identidade observada completa de EBIT, capex, depreciação da DFC, variação do capital de giro operacional e adições de direitos de uso no mesmo período, base contábil e moeda: reinvestimento projetado por g ÷ RONIC, sem substituir ausência por zero"", ""nome"": ""reinvestimento observado""}]",d8ac99473ad7a49394b1306504b61b116669310272877cd13b6630ad2453cb61,https://github.com/arielassayag/MarketSummary/blob/af6eb0c93d7c14efaa49bd658c0a502f4e9aedb9/book/cobertura/2026-10-07/modelos/CO_TECNOGLASS.json,não certificada por este inventário
LA_ARCOS,Arcos Dorados,LATAM,Consumer Discretionary,corporativo,"[{""issuer_id"": ""LA_ARCOS"", ""issuer_name"": ""Arcos Dorados"", ""country"": ""LATAM"", ""gics_sector"": ""Consumer Discretionary"", ""line_type"": ""US_LISTED"", ""yahoo_ticker"": ""ARCO"", ""exchange"": ""NYSE"", ""currency"": ""USD"", ""adr_ratio"": """", ""primary_line"": ""true"", ""notes"": ""BVI/Uruguai; Brasil maior divisao""}]",ARCO,USD,2026-10-07,Neutro,B,True,7.47774,"[""fcff"", ""rim"", ""multiplo_justificado""]",[],[],False,True,USD,USD,[],"[""eps_fy1"", ""eps_fy2"", ""dps_12m""]","[""dps_12m""]",False,"[{""insumo"": ""recompras"", ""motivo"": ""item defasado em relação ao último balanço: recompra de ações (2021-12-31)"", ""nome"": ""recompra de ações""}, {""insumo"": ""reinvestimento"", ""motivo"": ""FCFF sem identidade observada completa de EBIT, capex, depreciação da DFC, variação do capital de giro operacional e adições de direitos de uso no mesmo período, base contábil e moeda: reinvestimento projetado por g ÷ RONIC, sem substituir ausência por zero"", ""nome"": ""reinvestimento observado""}]",b1aa41fea85087af34806c316376685ba001dac975fef5e2c2538a65d7c8624f,https://github.com/arielassayag/MarketSummary/blob/af6eb0c93d7c14efaa49bd658c0a502f4e9aedb9/book/cobertura/2026-10-07/modelos/LA_ARCOS.json,não certificada por este inventário
LA_BLADEX,Bladex,PA,Financials,banco,"[{""issuer_id"": ""LA_BLADEX"", ""issuer_name"": ""Bladex"", ""country"": ""PA"", ""gics_sector"": ""Financials"", ""line_type"": ""US_LISTED"", ""yahoo_ticker"": ""BLX"", ""exchange"": ""NYSE"", ""currency"": ""USD"", ""adr_ratio"": """", ""primary_line"": ""true"", ""notes"": """"}]",BLX,USD,2026-10-07,Compra,B,True,80.5576,"[""rim"", ""pb_justificado"", ""regressao_pb_roe""]",[],[],False,True,USD,USD,[],"[""eps_fy1"", ""eps_fy2"", ""dps_12m""]","[""dps_12m""]",False,"[{""insumo"": ""recompras"", ""motivo"": ""item defasado em relação ao último balanço: recompra de ações (2023-12-31)"", ""nome"": ""recompra de ações""}, {""insumo"": ""margem"", ""motivo"": ""ebit: valor ausente ou não finito; ebit: período de 12 meses não demonstrado; ebit: moeda da fonte não demonstrada; ebit: base contábil não demonstrada"", ""nome"": ""margem EBIT comparável""}, {""insumo"": ""margem_historica"", ""motivo"": ""pares anuais sem alinhamento/proveniência: 2022, 2023, 2024, 2025"", ""nome"": ""margem EBIT histórica comparável""}]",b8f79f4b3fcad31423a966af669880e60e25d8a7726835ef3f1dd7175b90ef3a,https://github.com/arielassayag/MarketSummary/blob/af6eb0c93d7c14efaa49bd658c0a502f4e9aedb9/book/cobertura/2026-10-07/modelos/LA_BLADEX.json,não certificada por este inventário
LA_COPA,Copa Holdings,PA,Industrials,corporativo,"[{""issuer_id"": ""LA_COPA"", ""issuer_name"": ""Copa Holdings"", ""country"": ""PA"", ""gics_sector"": ""Industrials"", ""line_type"": ""US_LISTED"", ""yahoo_ticker"": ""CPA"", ""exchange"": ""NYSE"", ""currency"": ""USD"", ""adr_ratio"": """", ""primary_line"": ""true"", ""notes"": """"}]",CPA,USD,2026-10-07,Neutro,C,True,267.335,"[""fcff"", ""rim"", ""multiplo_justificado""]",[],"[""G11""]",False,True,USD,USD,[],"[""eps_fy1"", ""eps_fy2"", ""dps_12m""]","[""dps_12m""]",False,"[{""insumo"": ""reinvestimento"", ""motivo"": ""FCFF sem identidade observada completa de EBIT, capex, depreciação da DFC, variação do capital de giro operacional e adições de direitos de uso no mesmo período, base contábil e moeda: reinvestimento projetado por g ÷ RONIC, sem substituir ausência por zero"", ""nome"": ""reinvestimento observado""}]",e4c306ef3a3214af2a49e19e8e61934ba1d2271cbf398319c9a6e4ee4a881db0,https://github.com/arielassayag/MarketSummary/blob/af6eb0c93d7c14efaa49bd658c0a502f4e9aedb9/book/cobertura/2026-10-07/modelos/LA_COPA.json,não certificada por este inventário
LA_DLOCAL,dLocal,UY,Financials,corporativo,"[{""issuer_id"": ""LA_DLOCAL"", ""issuer_name"": ""dLocal"", ""country"": ""UY"", ""gics_sector"": ""Financials"", ""line_type"": ""US_LISTED"", ""yahoo_ticker"": ""DLO"", ""exchange"": ""NASDAQ"", ""currency"": ""USD"", ""adr_ratio"": """", ""primary_line"": ""true"", ""notes"": ""GICS 2023: payments -> Financials""}]",DLO,USD,2026-10-07,Neutro,B,True,17.9646,"[""rim"", ""multiplo_justificado""]",[],[],False,True,USD,USD,[],"[""eps_fy1"", ""eps_fy2"", ""dps_12m""]","[""dps_12m""]",False,"[{""insumo"": ""divida_liquida"", ""motivo"": ""dívida bruta ou caixa indisponível"", ""nome"": ""dívida líquida""}, {""insumo"": ""g_receita_historico"", ""motivo"": ""crescimento histórico da receita de 81,8% fora da faixa plausível (provável efeito contábil): não usado"", ""nome"": ""crescimento histórico da receita""}, {""insumo"": ""reinvestimento"", ""motivo"": ""FCFF sem identidade observada completa de EBIT, capex, depreciação da DFC, variação do capital de giro operacional e adições de direitos de uso no mesmo período, base contábil e moeda: reinvestimento projetado por g ÷ RONIC, sem substituir ausência por zero"", ""nome"": ""reinvestimento observado""}, {""insumo"": ""metodo.fcff"", ""motivo"": ""indisponível: dívida líquida, WACC"", ""nome"": ""Fluxo de caixa livre da firma (três estágios)""}]",563299c9e2e413ccbc8fb55972f5d69719cf8fd51d768175e3d1053014466361,https://github.com/arielassayag/MarketSummary/blob/af6eb0c93d7c14efaa49bd658c0a502f4e9aedb9/book/cobertura/2026-10-07/modelos/LA_DLOCAL.json,não certificada por este inventário
LA_FORTUNA,Fortuna Mining,LATAM,Materials,commodity,"[{""issuer_id"": ""LA_FORTUNA"", ""issuer_name"": ""Fortuna Mining"", ""country"": ""LATAM"", ""gics_sector"": ""Materials"", ""line_type"": ""US_LISTED"", ""yahoo_ticker"": ""FSM"", ""exchange"": ""NYSE"", ""currency"": ""USD"", ""adr_ratio"": """", ""primary_line"": ""true"", ""notes"": ""Canada; Mexico/Peru/Argentina + Africa Ocidental | SATELLITE: emissor estrangeiro com ativos LatAm (opcional)""}]",FSM,USD,2026-10-07,Neutro,B,True,10.5044,"[""fcff_normalizado"", ""rim"", ""regressao_ev_receita""]",[],[],False,True,USD,USD,[],"[""eps_fy1"", ""eps_fy2""]",[],False,"[{""insumo"": ""dps_12m"", ""motivo"": ""sem histórico de proventos nem dividendos pagos no DFC"", ""nome"": ""dividendos dos últimos 12 meses""}, {""insumo"": ""g_receita_historico"", ""motivo"": ""crescimento histórico da receita de 74,6% fora da faixa plausível (provável efeito contábil): não usado"", ""nome"": ""crescimento histórico da receita""}, {""insumo"": ""reinvestimento"", ""motivo"": ""FCFF sem identidade observada completa de EBIT, capex, depreciação da DFC, variação do capital de giro operacional e adições de direitos de uso no mesmo período, base contábil e moeda: reinvestimento projetado por g ÷ RONIC, sem substituir ausência por zero"", ""nome"": ""reinvestimento observado""}]",0fa22a47d383b3715b636339715f1c3d358dde92ec4a9130b5bec1905aec53ef,https://github.com/arielassayag/MarketSummary/blob/af6eb0c93d7c14efaa49bd658c0a502f4e9aedb9/book/cobertura/2026-10-07/modelos/LA_FORTUNA.json,não certificada por este inventário
LA_LILA,Liberty Latin America,LATAM,Communication Services,corporativo,"[{""issuer_id"": ""LA_LILA"", ""issuer_name"": ""Liberty Latin America"", ""country"": ""LATAM"", ""gics_sector"": ""Communication Services"", ""line_type"": ""US_LISTED"", ""yahoo_ticker"": ""LILAK"", ""exchange"": ""NASDAQ"", ""currency"": ""USD"", ""adr_ratio"": """", ""primary_line"": ""true"", ""notes"": ""Caribe/Porto Rico/Costa Rica/Panama | SATELLITE: emissor estrangeiro com ativos LatAm (opcional)""}, {""issuer_id"": ""LA_LILA"", ""issuer_name"": ""Liberty Latin America"", ""country"": ""LATAM"", ""gics_sector"": ""Communication Services"", ""line_type"": ""US_LISTED"", ""yahoo_ticker"": ""LILA"", ""exchange"": ""NASDAQ"", ""currency"": ""USD"", ""adr_ratio"": """", ""primary_line"": ""false"", ""notes"": ""Caribe/Porto Rico/Costa Rica/Panama | SATELLITE: emissor estrangeiro com ativos LatAm (opcional) | ADTV 3m < US$ 5 mi""}]",LILAK,USD,2026-10-07,Em revisão,C,False,0.59113,"[""rim""]","[""G9"", ""G11""]",[],False,True,USD,USD,[],"[""eps_fy1"", ""eps_fy2""]",[],True,"[{""insumo"": ""dps_12m"", ""motivo"": ""sem histórico de proventos nem dividendos pagos no DFC"", ""nome"": ""dividendos dos últimos 12 meses""}, {""insumo"": ""reinvestimento"", ""motivo"": ""FCFF sem identidade observada completa de EBIT, capex, depreciação da DFC, variação do capital de giro operacional e adições de direitos de uso no mesmo período, base contábil e moeda: reinvestimento projetado por g ÷ RONIC, sem substituir ausência por zero"", ""nome"": ""reinvestimento observado""}, {""insumo"": ""metodo.fcff"", ""motivo"": ""valor do patrimônio não positivo (dissidência: conta na dispersão como zero)"", ""nome"": ""Fluxo de caixa livre da firma (três estágios)""}, {""insumo"": ""metodo.multiplo_justificado"", ""motivo"": ""LPA positivo ou ROE sustentável indisponível"", ""nome"": ""P/L justificado pelos fundamentos""}]",31cd642501603621969c77eae52e70ac5df996ce8c8d76c7f12b28f19ec90f62,https://github.com/arielassayag/MarketSummary/blob/af6eb0c93d7c14efaa49bd658c0a502f4e9aedb9/book/cobertura/2026-10-07/modelos/LA_LILA.json,não certificada por este inventário
LA_MELI,MercadoLibre,BR,Consumer Discretionary,corporativo,"[{""issuer_id"": ""LA_MELI"", ""issuer_name"": ""MercadoLibre"", ""country"": ""BR"", ""gics_sector"": ""Consumer Discretionary"", ""line_type"": ""US_LISTED"", ""yahoo_ticker"": ""MELI"", ""exchange"": ""NASDAQ"", ""currency"": ""USD"", ""adr_ratio"": """", ""primary_line"": ""true"", ""notes"": ""Delaware/Uruguai; receita ~50%+ Brasil, Mexico, Argentina (pais de risco = Brasil)""}]",MELI,USD,2026-10-07,Neutro,C,True,747.346,"[""fcff"", ""rim"", ""multiplo_justificado""]",[],"[""G5"", ""G11""]",False,True,USD,USD,[],"[""eps_fy1"", ""eps_fy2""]",[],False,"[{""insumo"": ""dividendos_pagos"", ""motivo"": ""item defasado em relação ao último balanço: dividendos e juros sobre capital pagos (2022-12-31)"", ""nome"": ""dividendos e juros sobre capital pagos""}, {""insumo"": ""dps_12m"", ""motivo"": ""sem histórico de proventos nem dividendos pagos no DFC"", ""nome"": ""dividendos dos últimos 12 meses""}, {""insumo"": ""g_receita_historico"", ""motivo"": ""crescimento histórico da receita de 69,3% fora da faixa plausível (provável efeito contábil): não usado"", ""nome"": ""crescimento histórico da receita""}, {""insumo"": ""reinvestimento"", ""motivo"": ""FCFF sem identidade observada completa de EBIT, capex, depreciação da DFC, variação do capital de giro operacional e adições de direitos de uso no mesmo período, base contábil e moeda: reinvestimento projetado por g ÷ RONIC, sem substituir ausência por zero"", ""nome"": ""reinvestimento observado""}]",4874fc6e0f165253f0d43e960ad9617926d8daea28a2eaef65d7b6bf9d6e5b0e,https://github.com/arielassayag/MarketSummary/blob/af6eb0c93d7c14efaa49bd658c0a502f4e9aedb9/book/cobertura/2026-10-07/modelos/LA_MELI.json,não certificada por este inventário
LA_MILLICOM,Millicom (Tigo),LATAM,Communication Services,corporativo,"[{""issuer_id"": ""LA_MILLICOM"", ""issuer_name"": ""Millicom (Tigo)"", ""country"": ""LATAM"", ""gics_sector"": ""Communication Services"", ""line_type"": ""US_LISTED"", ""yahoo_ticker"": ""TIGO"", ""exchange"": ""NASDAQ"", ""currency"": ""USD"", ""adr_ratio"": """", ""primary_line"": ""true"", ""notes"": ""America Central/Colombia""}]",TIGO,USD,2026-10-07,Neutro,C,True,53.6485,"[""fcff"", ""rim"", ""multiplo_justificado""]",[],"[""G18""]",False,True,USD,USD,[],"[""eps_fy1"", ""eps_fy2""]",[],False,"[{""insumo"": ""aplicacoes_cp"", ""motivo"": ""item defasado em relação ao último balanço: aplicações financeiras de curto prazo (2021-12-31)"", ""nome"": ""aplicações financeiras de curto prazo""}, {""insumo"": ""reinvestimento"", ""motivo"": ""FCFF sem identidade observada completa de EBIT, capex, depreciação da DFC, variação do capital de giro operacional e adições de direitos de uso no mesmo período, base contábil e moeda: reinvestimento projetado por g ÷ RONIC, sem substituir ausência por zero"", ""nome"": ""reinvestimento observado""}]",c464fa185a77df96b3793f3d0287b7f557c387bb050552e7e35a0176f26e691d,https://github.com/arielassayag/MarketSummary/blob/af6eb0c93d7c14efaa49bd658c0a502f4e9aedb9/book/cobertura/2026-10-07/modelos/LA_MILLICOM.json,não certificada por este inventário
LA_PAAS,Pan American Silver,LATAM,Materials,commodity,"[{""issuer_id"": ""LA_PAAS"", ""issuer_name"": ""Pan American Silver"", ""country"": ""LATAM"", ""gics_sector"": ""Materials"", ""line_type"": ""US_LISTED"", ""yahoo_ticker"": ""PAAS"", ""exchange"": ""NYSE"", ""currency"": ""USD"", ""adr_ratio"": """", ""primary_line"": ""true"", ""notes"": ""Canada; minas Mexico/Peru/Bolivia/Argentina/Brasil | SATELLITE: emissor estrangeiro com ativos LatAm (opcional)""}]",PAAS,USD,2026-10-07,Venda,B,True,24.9763,"[""fcff_normalizado"", ""rim"", ""regressao_ev_receita""]",[],[],False,True,USD,USD,[],"[""eps_fy1"", ""eps_fy2""]",[],False,"[{""insumo"": ""g_receita_historico"", ""motivo"": ""crescimento histórico da receita de 53,0% fora da faixa plausível (provável efeito contábil): não usado"", ""nome"": ""crescimento histórico da receita""}, {""insumo"": ""reinvestimento"", ""motivo"": ""FCFF sem identidade observada completa de EBIT, capex, depreciação da DFC, variação do capital de giro operacional e adições de direitos de uso no mesmo período, base contábil e moeda: reinvestimento projetado por g ÷ RONIC, sem substituir ausência por zero"", ""nome"": ""reinvestimento observado""}]",dcc56f8509c78993bd853e0a4b72dcd5675691297496f37c0141eb922e2a9fe4,https://github.com/arielassayag/MarketSummary/blob/af6eb0c93d7c14efaa49bd658c0a502f4e9aedb9/book/cobertura/2026-10-07/modelos/LA_PAAS.json,não certificada por este inventário
MX_AC,Arca Continental,MX,Consumer Staples,corporativo,"[{""issuer_id"": ""MX_AC"", ""issuer_name"": ""Arca Continental"", ""country"": ""MX"", ""gics_sector"": ""Consumer Staples"", ""line_type"": ""LOCAL"", ""yahoo_ticker"": ""AC.MX"", ""exchange"": ""BMV"", ""currency"": ""MXN"", ""adr_ratio"": """", ""primary_line"": ""true"", ""notes"": """"}]",AC.MX,MXN,2026-10-07,Venda,B,True,146.998,"[""fcff"", ""rim"", ""multiplo_justificado""]",[],[],False,True,MXN,MXN,[],"[""eps_fy1"", ""eps_fy2"", ""dps_12m""]","[""dps_12m""]",False,"[{""insumo"": ""recompras"", ""motivo"": ""item defasado em relação ao último balanço: recompra de ações (2024-12-31)"", ""nome"": ""recompra de ações""}, {""insumo"": ""reinvestimento"", ""motivo"": ""FCFF sem identidade observada completa de EBIT, capex, depreciação da DFC, variação do capital de giro operacional e adições de direitos de uso no mesmo período, base contábil e moeda: reinvestimento projetado por g ÷ RONIC, sem substituir ausência por zero"", ""nome"": ""reinvestimento observado""}]",09ed8da15c91356373c1638deb3297fbbb9fe15af97e2a733a7df8b24d85806d,https://github.com/arielassayag/MarketSummary/blob/af6eb0c93d7c14efaa49bd658c0a502f4e9aedb9/book/cobertura/2026-10-07/modelos/MX_AC.json,não certificada por este inventário
MX_AEROMEXICO,Grupo Aeroméxico,MX,Industrials,corporativo,"[{""issuer_id"": ""MX_AEROMEXICO"", ""issuer_name"": ""Grupo Aeromexico"", ""country"": ""MX"", ""gics_sector"": ""Industrials"", ""line_type"": ""ADR"", ""yahoo_ticker"": ""AERO"", ""exchange"": ""NYSE"", ""currency"": ""USD"", ""adr_ratio"": ""10"", ""primary_line"": ""true"", ""notes"": ""ADS = 10 ações locais | Relistagem 11/2025 (NYSE+BMV); 1 ADS = 10 acoes comuns (SEC 8-A12B 03/11/2025); serie AERO.MX no Yahoo sem volume/preco defasado | NAO_VERIFICAVEL (sem linha local liquida/serie) | ADTV 3m < US$ 5 mi | histórico válido desde 2025-11-06""}]",AERO,USD,2026-10-07,Em revisão,C,False,40.3375,"[""fcff""]","[""G11""]","[""G16"", ""G20""]",False,True,USD,USD,[],"[""eps_fy1"", ""eps_fy2""]",[],False,"[{""insumo"": ""dps_12m"", ""motivo"": ""sem histórico de proventos nem dividendos pagos no DFC"", ""nome"": ""dividendos dos últimos 12 meses""}, {""insumo"": ""reinvestimento"", ""motivo"": ""FCFF sem identidade observada completa de EBIT, capex, depreciação da DFC, variação do capital de giro operacional e adições de direitos de uso no mesmo período, base contábil e moeda: reinvestimento projetado por g ÷ RONIC, sem substituir ausência por zero"", ""nome"": ""reinvestimento observado""}, {""insumo"": ""metodo.rim"", ""motivo"": ""patrimônio líquido negativo"", ""nome"": ""Lucro residual (GLS)""}, {""insumo"": ""metodo.multiplo_justificado"", ""motivo"": ""LPA positivo ou ROE sustentável indisponível"", ""nome"": ""P/L justificado pelos fundamentos""}]",2cd3ec2498a197b7402995777bed9b003e115199e47710e6c96e0adfe8ea50c5,https://github.com/arielassayag/MarketSummary/blob/af6eb0c93d7c14efaa49bd658c0a502f4e9aedb9/book/cobertura/2026-10-07/modelos/MX_AEROMEXICO.json,não certificada por este inventário
MX_ALPEK,Alpek,MX,Materials,commodity,"[{""issuer_id"": ""MX_ALPEK"", ""issuer_name"": ""Alpek"", ""country"": ""MX"", ""gics_sector"": ""Materials"", ""line_type"": ""LOCAL"", ""yahoo_ticker"": ""ALPEKA.MX"", ""exchange"": ""BMV"", ""currency"": ""MXN"", ""adr_ratio"": """", ""primary_line"": ""true"", ""notes"": """"}]",ALPEKA.MX,MXN,2026-10-07,Neutro,C,True,13.0004,"[""fcff_normalizado"", ""rim"", ""regressao_ev_receita""]",[],"[""G16"", ""G18""]",False,True,MXN,MXN,[],"[""eps_fy1"", ""eps_fy2"", ""dps_12m""]","[""dps_12m""]",False,"[{""insumo"": ""reinvestimento"", ""motivo"": ""FCFF sem identidade observada completa de EBIT, capex, depreciação da DFC, variação do capital de giro operacional e adições de direitos de uso no mesmo período, base contábil e moeda: reinvestimento projetado por g ÷ RONIC, sem substituir ausência por zero"", ""nome"": ""reinvestimento observado""}]",bb8857520fbb052104362f709e07a53c58f67c2268219cd67913dc88af04ae10,https://github.com/arielassayag/MarketSummary/blob/af6eb0c93d7c14efaa49bd658c0a502f4e9aedb9/book/cobertura/2026-10-07/modelos/MX_ALPEK.json,não certificada por este inventário
MX_ALSEA,Alsea,MX,Consumer Discretionary,corporativo,"[{""issuer_id"": ""MX_ALSEA"", ""issuer_name"": ""Alsea"", ""country"": ""MX"", ""gics_sector"": ""Consumer Discretionary"", ""line_type"": ""LOCAL"", ""yahoo_ticker"": ""ALSEA.MX"", ""exchange"": ""BMV"", ""currency"": ""MXN"", ""adr_ratio"": """", ""primary_line"": ""true"", ""notes"": ""ADTV 3m < US$ 5 mi""}]",ALSEA.MX,MXN,2026-10-07,Neutro,B,True,42.3917,"[""fcff"", ""rim"", ""multiplo_justificado""]",[],[],False,True,MXN,MXN,[],"[""eps_fy1"", ""eps_fy2"", ""dps_12m""]","[""dps_12m""]",False,"[{""insumo"": ""reinvestimento"", ""motivo"": ""FCFF sem identidade observada completa de EBIT, capex, depreciação da DFC, variação do capital de giro operacional e adições de direitos de uso no mesmo período, base contábil e moeda: reinvestimento projetado por g ÷ RONIC, sem substituir ausência por zero"", ""nome"": ""reinvestimento observado""}]",f0a44fd0b71a71faf4362457ddae748bcac69995af924b41df8036217991f01d,https://github.com/arielassayag/MarketSummary/blob/af6eb0c93d7c14efaa49bd658c0a502f4e9aedb9/book/cobertura/2026-10-07/modelos/MX_ALSEA.json,não certificada por este inventário
MX_AMX,América Móvil,MX,Communication Services,corporativo,"[{""issuer_id"": ""MX_AMX"", ""issuer_name"": ""America Movil"", ""country"": ""MX"", ""gics_sector"": ""Communication Services"", ""line_type"": ""ADR"", ""yahoo_ticker"": ""AMX"", ""exchange"": ""NYSE"", ""currency"": ""USD"", ""adr_ratio"": ""20"", ""primary_line"": ""true"", ""notes"": ""ADS = 20 ações locais | AMX = 20 serie B | OK (implicito 19.952, desvio -0.2%, n=20)""}, {""issuer_id"": ""MX_AMX"", ""issuer_name"": ""America Movil"", ""country"": ""MX"", ""gics_sector"": ""Communication Services"", ""line_type"": ""LOCAL"", ""yahoo_ticker"": ""AMXB.MX"", ""exchange"": ""BMV"", ""currency"": ""MXN"", ""adr_ratio"": """", ""primary_line"": ""false"", ""notes"": ""AMX = 20 serie B""}]",AMXB.MX,MXN,2026-10-07,Neutro,C,True,23.5726,"[""fcff"", ""rim"", ""multiplo_justificado""]",[],"[""G1""]",False,True,MXN,MXN,[],"[""eps_fy1"", ""eps_fy2"", ""dps_12m""]","[""dps_12m""]",False,"[{""insumo"": ""reinvestimento"", ""motivo"": ""FCFF sem identidade observada completa de EBIT, capex, depreciação da DFC, variação do capital de giro operacional e adições de direitos de uso no mesmo período, base contábil e moeda: reinvestimento projetado por g ÷ RONIC, sem substituir ausência por zero"", ""nome"": ""reinvestimento observado""}]",9e355ace4f63676d6d85e908df32fc9278f345eff83b55205a2285b31437b80c,https://github.com/arielassayag/MarketSummary/blob/af6eb0c93d7c14efaa49bd658c0a502f4e9aedb9/book/cobertura/2026-10-07/modelos/MX_AMX.json,não certificada por este inventário
MX_ASUR,Grupo Aeroportuario del Sureste,MX,Industrials,concessao,"[{""issuer_id"": ""MX_ASUR"", ""issuer_name"": ""Grupo Aeroportuario del Sureste"", ""country"": ""MX"", ""gics_sector"": ""Industrials"", ""line_type"": ""ADR"", ""yahoo_ticker"": ""ASR"", ""exchange"": ""NYSE"", ""currency"": ""USD"", ""adr_ratio"": ""10"", ""primary_line"": ""true"", ""notes"": ""ADS = 10 ações locais | ASR = 10 B | OK (implicito 9.973, desvio -0.3%, n=20)""}, {""issuer_id"": ""MX_ASUR"", ""issuer_name"": ""Grupo Aeroportuario del Sureste"", ""country"": ""MX"", ""gics_sector"": ""Industrials"", ""line_type"": ""LOCAL"", ""yahoo_ticker"": ""ASURB.MX"", ""exchange"": ""BMV"", ""currency"": ""MXN"", ""adr_ratio"": """", ""primary_line"": ""false"", ""notes"": ""ASR = 10 B""}]",ASURB.MX,MXN,2026-10-07,Neutro,C,True,333.728,"[""fcff_vida_finita"", ""rim""]",[],"[""G20""]",False,True,MXN,MXN,[],"[""fim_concessao"", ""eps_fy1"", ""eps_fy2"", ""dps_12m""]","[""dps_12m""]",False,"[{""insumo"": ""reinvestimento"", ""motivo"": ""FCFF sem identidade observada completa de EBIT, capex, depreciação da DFC, variação do capital de giro operacional e adições de direitos de uso no mesmo período, base contábil e moeda: reinvestimento projetado por g ÷ RONIC, sem substituir ausência por zero"", ""nome"": ""reinvestimento observado""}]",4c322022ccca09a734ad6d957bc3276c4fb2e92a84cde581fa3d5e7ec05800ea,https://github.com/arielassayag/MarketSummary/blob/af6eb0c93d7c14efaa49bd658c0a502f4e9aedb9/book/cobertura/2026-10-07/modelos/MX_ASUR.json,não certificada por este inventário
MX_BAJIO,Banco del Bajío,MX,Financials,banco,"[{""issuer_id"": ""MX_BAJIO"", ""issuer_name"": ""Banco del Bajio"", ""country"": ""MX"", ""gics_sector"": ""Financials"", ""line_type"": ""LOCAL"", ""yahoo_ticker"": ""BBAJIOO.MX"", ""exchange"": ""BMV"", ""currency"": ""MXN"", ""adr_ratio"": """", ""primary_line"": ""true"", ""notes"": """"}]",BBAJIOO.MX,MXN,2026-10-07,Compra,B,True,87.1933,"[""rim"", ""pb_justificado"", ""regressao_pb_roe""]",[],[],False,True,MXN,MXN,[],"[""eps_fy1"", ""eps_fy2"", ""dps_12m""]","[""dps_12m""]",False,"[{""insumo"": ""margem"", ""motivo"": ""ebit: valor ausente ou não finito; ebit: período de 12 meses não demonstrado; ebit: moeda da fonte não demonstrada; ebit: base contábil não demonstrada"", ""nome"": ""margem EBIT comparável""}, {""insumo"": ""margem_historica"", ""motivo"": ""pares anuais sem alinhamento/proveniência: 2022, 2023, 2024, 2025"", ""nome"": ""margem EBIT histórica comparável""}]",01af590c38a1766fbcefdd272c772a2f299b3aceec98202a817ab1c2b29da119,https://github.com/arielassayag/MarketSummary/blob/af6eb0c93d7c14efaa49bd658c0a502f4e9aedb9/book/cobertura/2026-10-07/modelos/MX_BAJIO.json,não certificada por este inventário
MX_BANORTE,Grupo Financiero Banorte,MX,Financials,banco,"[{""issuer_id"": ""MX_BANORTE"", ""issuer_name"": ""Grupo Financiero Banorte"", ""country"": ""MX"", ""gics_sector"": ""Financials"", ""line_type"": ""LOCAL"", ""yahoo_ticker"": ""GFNORTEO.MX"", ""exchange"": ""BMV"", ""currency"": ""MXN"", ""adr_ratio"": """", ""primary_line"": ""true"", ""notes"": """"}]",GFNORTEO.MX,MXN,2026-10-07,Neutro,B,True,251.886,"[""rim"", ""pb_justificado"", ""regressao_pb_roe""]",[],[],False,True,MXN,MXN,[],"[""eps_fy1"", ""eps_fy2"", ""dps_12m""]","[""dps_12m""]",False,"[{""insumo"": ""margem"", ""motivo"": ""ebit: valor ausente ou não finito; ebit: período de 12 meses não demonstrado; ebit: moeda da fonte não demonstrada; ebit: base contábil não demonstrada"", ""nome"": ""margem EBIT comparável""}, {""insumo"": ""margem_historica"", ""motivo"": ""pares anuais sem alinhamento/proveniência: 2022, 2023, 2024, 2025"", ""nome"": ""margem EBIT histórica comparável""}]",858e334900ae4f87ffc931f73334b01150138251c215a694be281ea4eee69062,https://github.com/arielassayag/MarketSummary/blob/af6eb0c93d7c14efaa49bd658c0a502f4e9aedb9/book/cobertura/2026-10-07/modelos/MX_BANORTE.json,não certificada por este inventário
MX_BIMBO,Grupo Bimbo,MX,Consumer Staples,corporativo,"[{""issuer_id"": ""MX_BIMBO"", ""issuer_name"": ""Grupo Bimbo"", ""country"": ""MX"", ""gics_sector"": ""Consumer Staples"", ""line_type"": ""LOCAL"", ""yahoo_ticker"": ""BIMBOA.MX"", ""exchange"": ""BMV"", ""currency"": ""MXN"", ""adr_ratio"": """", ""primary_line"": ""true"", ""notes"": """"}]",BIMBOA.MX,MXN,2026-10-07,Neutro,B,True,60.3277,"[""fcff"", ""rim"", ""multiplo_justificado""]",[],[],False,True,MXN,MXN,[],"[""eps_fy1"", ""eps_fy2"", ""dps_12m""]","[""dps_12m""]",False,"[{""insumo"": ""reinvestimento"", ""motivo"": ""FCFF sem identidade observada completa de EBIT, capex, depreciação da DFC, variação do capital de giro operacional e adições de direitos de uso no mesmo período, base contábil e moeda: reinvestimento projetado por g ÷ RONIC, sem substituir ausência por zero"", ""nome"": ""reinvestimento observado""}]",601dd4c677562c8cb4288d9368fb95e8550521ad390df161434a64818c73e1ee,https://github.com/arielassayag/MarketSummary/blob/af6eb0c93d7c14efaa49bd658c0a502f4e9aedb9/book/cobertura/2026-10-07/modelos/MX_BIMBO.json,não certificada por este inventário
MX_BMV,Bolsa Mexicana de Valores,MX,Financials,corporativo,"[{""issuer_id"": ""MX_BMV"", ""issuer_name"": ""Bolsa Mexicana de Valores"", ""country"": ""MX"", ""gics_sector"": ""Financials"", ""line_type"": ""LOCAL"", ""yahoo_ticker"": ""BOLSAA.MX"", ""exchange"": ""BMV"", ""currency"": ""MXN"", ""adr_ratio"": """", ""primary_line"": ""true"", ""notes"": ""ADTV 3m < US$ 5 mi""}]",BOLSAA.MX,MXN,2026-10-07,Neutro,B,True,40.5371,"[""rim"", ""multiplo_justificado""]",[],"[""G15""]",False,True,MXN,MXN,[],"[""eps_fy1"", ""eps_fy2"", ""dps_12m""]","[""dps_12m""]",False,"[{""insumo"": ""defasagem_fluxos"", ""motivo"": ""fluxos de 12 meses até 2025-12-31 contra balanço de 2026-06-30 (181 dias): ROE, ROIC, payout e LPA dos últimos 12 meses com datas-base distintas"", ""nome"": ""data-base dos fluxos""}, {""insumo"": ""metodo.fcff"", ""motivo"": ""fluxo de caixa da firma não se aplica a financeiras"", ""nome"": ""Fluxo de caixa livre da firma (três estágios)""}]",66c395fa116d86bdee4a6f4ca8b88fe693e337435310089d1110c04a115bb7ad,https://github.com/arielassayag/MarketSummary/blob/af6eb0c93d7c14efaa49bd658c0a502f4e9aedb9/book/cobertura/2026-10-07/modelos/MX_BMV.json,não certificada por este inventário
MX_CARSO,Grupo Carso,MX,Industrials,corporativo,"[{""issuer_id"": ""MX_CARSO"", ""issuer_name"": ""Grupo Carso"", ""country"": ""MX"", ""gics_sector"": ""Industrials"", ""line_type"": ""LOCAL"", ""yahoo_ticker"": ""GCARSOA1.MX"", ""exchange"": ""BMV"", ""currency"": ""MXN"", ""adr_ratio"": """", ""primary_line"": ""true"", ""notes"": ""ADTV 3m < US$ 5 mi""}]",GCARSOA1.MX,MXN,2026-10-07,Em revisão,C,False,37.9772,"[""fcff"", ""rim"", ""multiplo_justificado""]","[""G9""]","[""G11""]",False,True,MXN,MXN,[],"[""eps_fy1"", ""eps_fy2"", ""dps_12m""]","[""dps_12m""]",False,"[{""insumo"": ""reinvestimento"", ""motivo"": ""FCFF sem identidade observada completa de EBIT, capex, depreciação da DFC, variação do capital de giro operacional e adições de direitos de uso no mesmo período, base contábil e moeda: reinvestimento projetado por g ÷ RONIC, sem substituir ausência por zero"", ""nome"": ""reinvestimento observado""}]",0da3a02f06ef8556d0d025642bccd557f4a7a1b86ab3c09b885fabf148d1b516,https://github.com/arielassayag/MarketSummary/blob/af6eb0c93d7c14efaa49bd658c0a502f4e9aedb9/book/cobertura/2026-10-07/modelos/MX_CARSO.json,não certificada por este inventário
MX_CEMEX,Cemex,MX,Materials,corporativo,"[{""issuer_id"": ""MX_CEMEX"", ""issuer_name"": ""Cemex"", ""country"": ""MX"", ""gics_sector"": ""Materials"", ""line_type"": ""ADR"", ""yahoo_ticker"": ""CX"", ""exchange"": ""NYSE"", ""currency"": ""USD"", ""adr_ratio"": ""10"", ""primary_line"": ""true"", ""notes"": ""ADS = 10 ações locais | CX = 10 CPO | OK (implicito 9.942, desvio -0.6%, n=20)""}, {""issuer_id"": ""MX_CEMEX"", ""issuer_name"": ""Cemex"", ""country"": ""MX"", ""gics_sector"": ""Materials"", ""line_type"": ""LOCAL"", ""yahoo_ticker"": ""CEMEXCPO.MX"", ""exchange"": ""BMV"", ""currency"": ""MXN"", ""adr_ratio"": """", ""primary_line"": ""false"", ""notes"": ""CX = 10 CPO""}]",CX,USD,2026-10-07,Neutro,B,True,10.1758,"[""fcff"", ""rim"", ""multiplo_justificado""]",[],[],False,True,USD,USD,[],"[""eps_fy1"", ""eps_fy2"", ""dps_12m""]","[""dps_12m""]",False,"[{""insumo"": ""recompras"", ""motivo"": ""item defasado em relação ao último balanço: recompra de ações (2024-12-31)"", ""nome"": ""recompra de ações""}, {""insumo"": ""reinvestimento"", ""motivo"": ""FCFF sem identidade observada completa de EBIT, capex, depreciação da DFC, variação do capital de giro operacional e adições de direitos de uso no mesmo período, base contábil e moeda: reinvestimento projetado por g ÷ RONIC, sem substituir ausência por zero"", ""nome"": ""reinvestimento observado""}]",ee603d6761982c1a9c5a33b19a4a8774a8384882039cb34479ea1f2dc0c5b1ff,https://github.com/arielassayag/MarketSummary/blob/af6eb0c93d7c14efaa49bd658c0a502f4e9aedb9/book/cobertura/2026-10-07/modelos/MX_CEMEX.json,não certificada por este inventário
MX_CHEDRAUI,Grupo Comercial Chedraui,MX,Consumer Staples,corporativo,"[{""issuer_id"": ""MX_CHEDRAUI"", ""issuer_name"": ""Grupo Comercial Chedraui"", ""country"": ""MX"", ""gics_sector"": ""Consumer Staples"", ""line_type"": ""LOCAL"", ""yahoo_ticker"": ""CHDRAUIB.MX"", ""exchange"": ""BMV"", ""currency"": ""MXN"", ""adr_ratio"": """", ""primary_line"": ""true"", ""notes"": ""ADTV 3m < US$ 5 mi""}]",CHDRAUIB.MX,MXN,2026-10-07,Neutro,B,True,94.853,"[""fcff"", ""rim"", ""multiplo_justificado""]",[],[],False,True,MXN,MXN,[],"[""eps_fy1"", ""eps_fy2"", ""dps_12m""]","[""dps_12m""]",False,"[{""insumo"": ""aplicacoes_cp"", ""motivo"": ""item defasado em relação ao último balanço: aplicações financeiras de curto prazo (2025-03-31)"", ""nome"": ""aplicações financeiras de curto prazo""}, {""insumo"": ""reinvestimento"", ""motivo"": ""FCFF sem identidade observada completa de EBIT, capex, depreciação da DFC, variação do capital de giro operacional e adições de direitos de uso no mesmo período, base contábil e moeda: reinvestimento projetado por g ÷ RONIC, sem substituir ausência por zero"", ""nome"": ""reinvestimento observado""}]",49e4056ba6b938fa292cc6a767953f0d23a858f9fc5e8433937e23a317ca45c7,https://github.com/arielassayag/MarketSummary/blob/af6eb0c93d7c14efaa49bd658c0a502f4e9aedb9/book/cobertura/2026-10-07/modelos/MX_CHEDRAUI.json,não certificada por este inventário
MX_ENDEAVOUR,Endeavour Silver,MX,Materials,commodity,"[{""issuer_id"": ""MX_ENDEAVOUR"", ""issuer_name"": ""Endeavour Silver"", ""country"": ""MX"", ""gics_sector"": ""Materials"", ""line_type"": ""US_LISTED"", ""yahoo_ticker"": ""EXK"", ""exchange"": ""NYSE"", ""currency"": ""USD"", ""adr_ratio"": """", ""primary_line"": ""true"", ""notes"": ""Canada; minas no Mexico | SATELLITE: emissor estrangeiro com ativos LatAm (opcional)""}]",EXK,USD,2026-10-07,Venda,B,True,4.95222,"[""fcff_normalizado"", ""rim"", ""regressao_ev_receita""]",[],"[""G18""]",False,True,USD,USD,[],"[""eps_fy1"", ""eps_fy2""]",[],False,"[{""insumo"": ""recompras"", ""motivo"": ""item defasado em relação ao último balanço: recompra de ações (2022-12-31)"", ""nome"": ""recompra de ações""}, {""insumo"": ""arrendamentos"", ""motivo"": ""item defasado em relação ao último balanço: passivos de arrendamento (2023-12-31)"", ""nome"": ""passivos de arrendamento""}, {""insumo"": ""g_receita_historico"", ""motivo"": ""crescimento histórico da receita de 238,8% fora da faixa plausível (provável efeito contábil): não usado"", ""nome"": ""crescimento histórico da receita""}, {""insumo"": ""reinvestimento"", ""motivo"": ""FCFF sem identidade observada completa de EBIT, capex, depreciação da DFC, variação do capital de giro operacional e adições de direitos de uso no mesmo período, base contábil e moeda: reinvestimento projetado por g ÷ RONIC, sem substituir ausência por zero"", ""nome"": ""reinvestimento observado""}]",83bebba154a770d365596ad683fc525e335784e644dad858fae972a9237b1c69,https://github.com/arielassayag/MarketSummary/blob/af6eb0c93d7c14efaa49bd658c0a502f4e9aedb9/book/cobertura/2026-10-07/modelos/MX_ENDEAVOUR.json,não certificada por este inventário
MX_FEMSA,FEMSA,MX,Consumer Staples,corporativo,"[{""issuer_id"": ""MX_FEMSA"", ""issuer_name"": ""FEMSA"", ""country"": ""MX"", ""gics_sector"": ""Consumer Staples"", ""line_type"": ""ADR"", ""yahoo_ticker"": ""FMX"", ""exchange"": ""NYSE"", ""currency"": ""USD"", ""adr_ratio"": ""10"", ""primary_line"": ""true"", ""notes"": ""ADS = 10 ações locais | FMX = 10 units BD | OK (implicito 10.006, desvio +0.1%, n=20)""}, {""issuer_id"": ""MX_FEMSA"", ""issuer_name"": ""FEMSA"", ""country"": ""MX"", ""gics_sector"": ""Consumer Staples"", ""line_type"": ""LOCAL"", ""yahoo_ticker"": ""FEMSAUBD.MX"", ""exchange"": ""BMV"", ""currency"": ""MXN"", ""adr_ratio"": """", ""primary_line"": ""false"", ""notes"": ""FMX = 10 units BD""}]",FEMSAUBD.MX,MXN,2026-10-07,Neutro,C,True,82.3256,"[""fcff"", ""rim"", ""multiplo_justificado""]",[],"[""G11"", ""G13c""]",False,True,MXN,USD,[],"[""eps_fy1"", ""eps_fy2"", ""dps_12m""]","[""dps_12m""]",False,"[{""insumo"": ""reinvestimento"", ""motivo"": ""FCFF sem identidade observada completa de EBIT, capex, depreciação da DFC, variação do capital de giro operacional e adições de direitos de uso no mesmo período, base contábil e moeda: reinvestimento projetado por g ÷ RONIC, sem substituir ausência por zero"", ""nome"": ""reinvestimento observado""}]",4c1b0f960da49b8cfac251c3292c811b1df4daacd2c58b72b764225e1d2c941d,https://github.com/arielassayag/MarketSummary/blob/af6eb0c93d7c14efaa49bd658c0a502f4e9aedb9/book/cobertura/2026-10-07/modelos/MX_FEMSA.json,não certificada por este inventário
MX_FIBRAPL,Fibra Prologis,MX,Real Estate,imobiliario,"[{""issuer_id"": ""MX_FIBRAPL"", ""issuer_name"": ""Fibra Prologis"", ""country"": ""MX"", ""gics_sector"": ""Real Estate"", ""line_type"": ""LOCAL"", ""yahoo_ticker"": ""FIBRAPL14.MX"", ""exchange"": ""BMV"", ""currency"": ""MXN"", ""adr_ratio"": """", ""primary_line"": ""true"", ""notes"": """"}]",FIBRAPL14.MX,MXN,2026-10-07,Compra,B,True,103.737,"[""rim"", ""regressao_pb_roe""]",[],[],False,True,USD,MXN,[],"[""eps_fy1"", ""eps_fy2"", ""dps_12m""]","[""dps_12m""]",True,"[{""insumo"": ""g_receita_historico"", ""motivo"": ""crescimento histórico da receita de 68,9% fora da faixa plausível (provável efeito contábil): não usado"", ""nome"": ""crescimento histórico da receita""}, {""insumo"": ""reinvestimento"", ""motivo"": ""FCFF sem identidade observada completa de EBIT, capex, depreciação da DFC, variação do capital de giro operacional e adições de direitos de uso no mesmo período, base contábil e moeda: reinvestimento projetado por g ÷ RONIC, sem substituir ausência por zero"", ""nome"": ""reinvestimento observado""}]",7ae3254a4ba708a97198625a08601f9edb0050d4f6e2ecd0004c11383cc92d19,https://github.com/arielassayag/MarketSummary/blob/af6eb0c93d7c14efaa49bd658c0a502f4e9aedb9/book/cobertura/2026-10-07/modelos/MX_FIBRAPL.json,não certificada por este inventário
MX_FIRSTMAJ,First Majestic Silver,MX,Materials,commodity,"[{""issuer_id"": ""MX_FIRSTMAJ"", ""issuer_name"": ""First Majestic Silver"", ""country"": ""MX"", ""gics_sector"": ""Materials"", ""line_type"": ""US_LISTED"", ""yahoo_ticker"": ""AG"", ""exchange"": ""NYSE"", ""currency"": ""USD"", ""adr_ratio"": """", ""primary_line"": ""true"", ""notes"": ""Canada; minas no Mexico | SATELLITE: emissor estrangeiro com ativos LatAm (opcional)""}]",AG,USD,2026-10-07,Neutro,C,True,6.71631,"[""fcff_normalizado"", ""rim"", ""regressao_ev_receita""]",[],"[""G11"", ""G18""]",False,True,USD,USD,[],"[""eps_fy1"", ""eps_fy2"", ""dps_12m""]","[""dps_12m""]",False,"[{""insumo"": ""g_receita_historico"", ""motivo"": ""crescimento histórico da receita de 192,7% fora da faixa plausível (provável efeito contábil): não usado"", ""nome"": ""crescimento histórico da receita""}, {""insumo"": ""reinvestimento"", ""motivo"": ""FCFF sem identidade observada completa de EBIT, capex, depreciação da DFC, variação do capital de giro operacional e adições de direitos de uso no mesmo período, base contábil e moeda: reinvestimento projetado por g ÷ RONIC, sem substituir ausência por zero"", ""nome"": ""reinvestimento observado""}]",4268d4c31f35778aa6ed3091f718dcad8dc02db57a7a0b6de4ec714e6a60437c,https://github.com/arielassayag/MarketSummary/blob/af6eb0c93d7c14efaa49bd658c0a502f4e9aedb9/book/cobertura/2026-10-07/modelos/MX_FIRSTMAJ.json,não certificada por este inventário
MX_FMTY,Fibra Mty,MX,Real Estate,imobiliario,"[{""issuer_id"": ""MX_FMTY"", ""issuer_name"": ""Fibra Mty"", ""country"": ""MX"", ""gics_sector"": ""Real Estate"", ""line_type"": ""LOCAL"", ""yahoo_ticker"": ""FMTY14.MX"", ""exchange"": ""BMV"", ""currency"": ""MXN"", ""adr_ratio"": """", ""primary_line"": ""true"", ""notes"": ""ADTV 3m < US$ 5 mi""}]",FMTY14.MX,MXN,2026-10-07,Em revisão,C,False,37.1904,"[""rim"", ""regressao_pb_roe""]","[""G11""]","[""G13c"", ""G20""]",False,True,MXN,MXN,[],"[""eps_fy1"", ""eps_fy2"", ""dps_12m""]","[""dps_12m""]",True,"[{""insumo"": ""lucro_liquido_controladores"", ""motivo"": ""item defasado em relação ao último balanço: lucro líquido dos controladores (2023-12-31)"", ""nome"": ""lucro líquido dos controladores""}, {""insumo"": ""patrimonio_controladores"", ""motivo"": ""item defasado em relação ao último balanço: patrimônio líquido dos controladores (2023-12-31)"", ""nome"": ""patrimônio líquido dos controladores""}, {""insumo"": ""g_receita_historico"", ""motivo"": ""crescimento histórico da receita de 36,7% fora da faixa plausível (provável efeito contábil): não usado"", ""nome"": ""crescimento histórico da receita""}, {""insumo"": ""margem"", ""motivo"": ""ebit: valor ausente ou não finito; ebit: período de 12 meses não demonstrado; ebit: moeda da fonte não demonstrada; ebit: base contábil não demonstrada"", ""nome"": ""margem EBIT comparável""}, {""insumo"": ""margem_historica"", ""motivo"": ""pares anuais sem alinhamento/proveniência: 2021, 2022, 2023, 2024, 2025"", ""nome"": ""margem EBIT histórica comparável""}, {""insumo"": ""reinvestimento"", ""motivo"": ""FCFF sem identidade observada completa de EBIT, capex, depreciação da DFC, variação do capital de giro operacional e adições de direitos de uso no mesmo período, base contábil e moeda: reinvestimento projetado por g ÷ RONIC, sem substituir ausência por zero"", ""nome"": ""reinvestimento observado""}]",793718bf40120f20cd4bc0452c63d340e2b9d9c9a3867669cb1be3d00e273e07,https://github.com/arielassayag/MarketSummary/blob/af6eb0c93d7c14efaa49bd658c0a502f4e9aedb9/book/cobertura/2026-10-07/modelos/MX_FMTY.json,não certificada por este inventário
MX_FUNO,Fibra Uno,MX,Real Estate,imobiliario,"[{""issuer_id"": ""MX_FUNO"", ""issuer_name"": ""Fibra Uno"", ""country"": ""MX"", ""gics_sector"": ""Real Estate"", ""line_type"": ""LOCAL"", ""yahoo_ticker"": ""FUNO11.MX"", ""exchange"": ""BMV"", ""currency"": ""MXN"", ""adr_ratio"": """", ""primary_line"": ""true"", ""notes"": """"}]",FUNO11.MX,MXN,2026-10-07,Em revisão,C,False,69.4159,"[""rim"", ""regressao_pb_roe""]","[""G11""]","[""G20""]",False,True,MXN,MXN,[],"[""eps_fy1"", ""eps_fy2"", ""dps_12m""]","[""dps_12m""]",True,"[{""insumo"": ""capex"", ""motivo"": ""item defasado em relação ao último balanço: investimento em ativo fixo e intangível (capex) (2022-12-31)"", ""nome"": ""investimento em ativo fixo e intangível (capex)""}, {""insumo"": ""fcf"", ""motivo"": ""item defasado em relação ao último balanço: fluxo de caixa livre (2022-12-31)"", ""nome"": ""fluxo de caixa livre""}, {""insumo"": ""dividendos_pagos"", ""motivo"": ""item defasado em relação ao último balanço: dividendos e juros sobre capital pagos (2022-12-31)"", ""nome"": ""dividendos e juros sobre capital pagos""}, {""insumo"": ""recompras"", ""motivo"": ""item defasado em relação ao último balanço: recompra de ações (2024-12-31)"", ""nome"": ""recompra de ações""}, {""insumo"": ""reinvestimento"", ""motivo"": ""FCFF sem identidade observada completa de EBIT, capex, depreciação da DFC, variação do capital de giro operacional e adições de direitos de uso no mesmo período, base contábil e moeda: reinvestimento projetado por g ÷ RONIC, sem substituir ausência por zero"", ""nome"": ""reinvestimento observado""}]",126422ad8780c1ef0192ed278f990be7a6fcbc179455d63749f7381f791f9e11,https://github.com/arielassayag/MarketSummary/blob/af6eb0c93d7c14efaa49bd658c0a502f4e9aedb9/book/cobertura/2026-10-07/modelos/MX_FUNO.json,não certificada por este inventário
MX_GAP,Grupo Aeroportuario del Pacífico,MX,Industrials,concessao,"[{""issuer_id"": ""MX_GAP"", ""issuer_name"": ""Grupo Aeroportuario del Pacifico"", ""country"": ""MX"", ""gics_sector"": ""Industrials"", ""line_type"": ""ADR"", ""yahoo_ticker"": ""PAC"", ""exchange"": ""NYSE"", ""currency"": ""USD"", ""adr_ratio"": ""10"", ""primary_line"": ""true"", ""notes"": ""ADS = 10 ações locais | PAC = 10 B | OK (implicito 9.985, desvio -0.1%, n=20)""}, {""issuer_id"": ""MX_GAP"", ""issuer_name"": ""Grupo Aeroportuario del Pacifico"", ""country"": ""MX"", ""gics_sector"": ""Industrials"", ""line_type"": ""LOCAL"", ""yahoo_ticker"": ""GAPB.MX"", ""exchange"": ""BMV"", ""currency"": ""MXN"", ""adr_ratio"": """", ""primary_line"": ""false"", ""notes"": ""PAC = 10 B""}]",GAPB.MX,MXN,2026-10-07,Em revisão,B,False,140.896,"[""fcff_vida_finita"", ""rim""]","[""G11""]",[],False,True,MXN,MXN,[],"[""fim_concessao"", ""eps_fy1"", ""eps_fy2"", ""dps_12m""]","[""dps_12m""]",False,"[{""insumo"": ""recompras"", ""motivo"": ""item defasado em relação ao último balanço: recompra de ações (2024-12-31)"", ""nome"": ""recompra de ações""}, {""insumo"": ""reinvestimento"", ""motivo"": ""FCFF sem identidade observada completa de EBIT, capex, depreciação da DFC, variação do capital de giro operacional e adições de direitos de uso no mesmo período, base contábil e moeda: reinvestimento projetado por g ÷ RONIC, sem substituir ausência por zero"", ""nome"": ""reinvestimento observado""}]",858ef6975e986cead4072dbacbf4f9afa119065fbb2b7eba0e7258493ab12c88,https://github.com/arielassayag/MarketSummary/blob/af6eb0c93d7c14efaa49bd658c0a502f4e9aedb9/book/cobertura/2026-10-07/modelos/MX_GAP.json,não certificada por este inventário
MX_GCC,GCC,MX,Materials,corporativo,"[{""issuer_id"": ""MX_GCC"", ""issuer_name"": ""GCC"", ""country"": ""MX"", ""gics_sector"": ""Materials"", ""line_type"": ""LOCAL"", ""yahoo_ticker"": ""GCC.MX"", ""exchange"": ""BMV"", ""currency"": ""MXN"", ""adr_ratio"": """", ""primary_line"": ""true"", ""notes"": ""ADTV 3m < US$ 5 mi""}]",GCC.MX,MXN,2026-10-07,Neutro,B,True,195.008,"[""fcff"", ""rim"", ""multiplo_justificado""]",[],[],False,True,USD,USD,[],"[""eps_fy1"", ""eps_fy2"", ""dps_12m""]","[""dps_12m""]",False,"[{""insumo"": ""reinvestimento"", ""motivo"": ""FCFF sem identidade observada completa de EBIT, capex, depreciação da DFC, variação do capital de giro operacional e adições de direitos de uso no mesmo período, base contábil e moeda: reinvestimento projetado por g ÷ RONIC, sem substituir ausência por zero"", ""nome"": ""reinvestimento observado""}]",c7ed5fdbf299003f89df3f0de61a6e1ff25eb00186644f981e4c0c91fb867fa4,https://github.com/arielassayag/MarketSummary/blob/af6eb0c93d7c14efaa49bd658c0a502f4e9aedb9/book/cobertura/2026-10-07/modelos/MX_GCC.json,não certificada por este inventário
MX_GENOMMA,Genomma Lab,MX,Consumer Staples,corporativo,"[{""issuer_id"": ""MX_GENOMMA"", ""issuer_name"": ""Genomma Lab"", ""country"": ""MX"", ""gics_sector"": ""Consumer Staples"", ""line_type"": ""LOCAL"", ""yahoo_ticker"": ""LABB.MX"", ""exchange"": ""BMV"", ""currency"": ""MXN"", ""adr_ratio"": """", ""primary_line"": ""true"", ""notes"": ""ADTV 3m < US$ 5 mi""}]",LABB.MX,MXN,2026-10-07,Neutro,C,True,25.2305,"[""fcff"", ""rim"", ""multiplo_justificado""]",[],"[""G11"", ""G17""]",False,True,MXN,MXN,[],"[""eps_fy1"", ""eps_fy2""]",[],False,"[{""insumo"": ""reinvestimento"", ""motivo"": ""FCFF sem identidade observada completa de EBIT, capex, depreciação da DFC, variação do capital de giro operacional e adições de direitos de uso no mesmo período, base contábil e moeda: reinvestimento projetado por g ÷ RONIC, sem substituir ausência por zero"", ""nome"": ""reinvestimento observado""}]",1b9dd8cbce758eb30c58c39fabb7a649cc984a55453294e52bb9e738b60de2bf,https://github.com/arielassayag/MarketSummary/blob/af6eb0c93d7c14efaa49bd658c0a502f4e9aedb9/book/cobertura/2026-10-07/modelos/MX_GENOMMA.json,não certificada por este inventário
MX_GENTERA,Gentera,MX,Financials,banco,"[{""issuer_id"": ""MX_GENTERA"", ""issuer_name"": ""Gentera"", ""country"": ""MX"", ""gics_sector"": ""Financials"", ""line_type"": ""LOCAL"", ""yahoo_ticker"": ""GENTERA.MX"", ""exchange"": ""BMV"", ""currency"": ""MXN"", ""adr_ratio"": """", ""primary_line"": ""true"", ""notes"": """"}]",GENTERA.MX,MXN,2026-10-07,Compra,B,True,68.9142,"[""rim"", ""pb_justificado"", ""regressao_pb_roe""]",[],[],False,True,MXN,MXN,[],"[""eps_fy1"", ""eps_fy2"", ""dps_12m""]","[""dps_12m""]",False,"[{""insumo"": ""margem"", ""motivo"": ""ebit: valor ausente ou não finito; ebit: período de 12 meses não demonstrado; ebit: moeda da fonte não demonstrada; ebit: base contábil não demonstrada"", ""nome"": ""margem EBIT comparável""}, {""insumo"": ""margem_historica"", ""motivo"": ""pares anuais sem alinhamento/proveniência: 2022, 2023, 2024, 2025"", ""nome"": ""margem EBIT histórica comparável""}]",ac34b7e7977bce20453d8251cf7690a848d70fd8abfb8185b4676faade25129e,https://github.com/arielassayag/MarketSummary/blob/af6eb0c93d7c14efaa49bd658c0a502f4e9aedb9/book/cobertura/2026-10-07/modelos/MX_GENTERA.json,não certificada por este inventário
MX_GMEXICO,Grupo México,MX,Materials,commodity,"[{""issuer_id"": ""MX_GMEXICO"", ""issuer_name"": ""Grupo Mexico"", ""country"": ""MX"", ""gics_sector"": ""Materials"", ""line_type"": ""LOCAL"", ""yahoo_ticker"": ""GMEXICOB.MX"", ""exchange"": ""BMV"", ""currency"": ""MXN"", ""adr_ratio"": """", ""primary_line"": ""true"", ""notes"": """"}]",GMEXICOB.MX,MXN,2026-10-07,Neutro,B,True,171.203,"[""fcff_normalizado"", ""rim"", ""regressao_ev_receita""]",[],[],False,True,USD,USD,[],"[""eps_fy1"", ""eps_fy2"", ""dps_12m""]","[""dps_12m""]",False,"[{""insumo"": ""g_receita_historico"", ""motivo"": ""crescimento histórico da receita de 30,0% fora da faixa plausível (provável efeito contábil): não usado"", ""nome"": ""crescimento histórico da receita""}, {""insumo"": ""reinvestimento"", ""motivo"": ""FCFF sem identidade observada completa de EBIT, capex, depreciação da DFC, variação do capital de giro operacional e adições de direitos de uso no mesmo período, base contábil e moeda: reinvestimento projetado por g ÷ RONIC, sem substituir ausência por zero"", ""nome"": ""reinvestimento observado""}]",8f46f0f7a5c02346573a666cf308f76078b689efaa77a5ff1d113ace1ebf4d5c,https://github.com/arielassayag/MarketSummary/blob/af6eb0c93d7c14efaa49bd658c0a502f4e9aedb9/book/cobertura/2026-10-07/modelos/MX_GMEXICO.json,não certificada por este inventário
MX_GRUMA,Gruma,MX,Consumer Staples,corporativo,"[{""issuer_id"": ""MX_GRUMA"", ""issuer_name"": ""Gruma"", ""country"": ""MX"", ""gics_sector"": ""Consumer Staples"", ""line_type"": ""LOCAL"", ""yahoo_ticker"": ""GRUMAB.MX"", ""exchange"": ""BMV"", ""currency"": ""MXN"", ""adr_ratio"": """", ""primary_line"": ""true"", ""notes"": """"}]",GRUMAB.MX,MXN,2026-10-07,Compra,B,True,426.866,"[""fcff"", ""rim"", ""multiplo_justificado""]",[],[],False,True,USD,MXN,[],"[""eps_fy1"", ""eps_fy2"", ""dps_12m""]","[""dps_12m""]",False,"[{""insumo"": ""reinvestimento"", ""motivo"": ""FCFF sem identidade observada completa de EBIT, capex, depreciação da DFC, variação do capital de giro operacional e adições de direitos de uso no mesmo período, base contábil e moeda: reinvestimento projetado por g ÷ RONIC, sem substituir ausência por zero"", ""nome"": ""reinvestimento observado""}]",28547bc0d75c9a1f0d413ad022ed0177e2b2c6b307b53ada490369141756396a,https://github.com/arielassayag/MarketSummary/blob/af6eb0c93d7c14efaa49bd658c0a502f4e9aedb9/book/cobertura/2026-10-07/modelos/MX_GRUMA.json,não certificada por este inventário
MX_INBURSA,Grupo Financiero Inbursa,MX,Financials,banco,"[{""issuer_id"": ""MX_INBURSA"", ""issuer_name"": ""Grupo Financiero Inbursa"", ""country"": ""MX"", ""gics_sector"": ""Financials"", ""line_type"": ""LOCAL"", ""yahoo_ticker"": ""GFINBURO.MX"", ""exchange"": ""BMV"", ""currency"": ""MXN"", ""adr_ratio"": """", ""primary_line"": ""true"", ""notes"": """"}]",GFINBURO.MX,MXN,2026-10-07,Neutro,B,True,58.4247,"[""rim"", ""pb_justificado"", ""regressao_pb_roe""]",[],[],False,True,MXN,MXN,[],"[""eps_fy1"", ""eps_fy2"", ""dps_12m""]","[""dps_12m""]",False,"[{""insumo"": ""margem"", ""motivo"": ""ebit: valor ausente ou não finito; ebit: período de 12 meses não demonstrado; ebit: moeda da fonte não demonstrada; ebit: base contábil não demonstrada"", ""nome"": ""margem EBIT comparável""}, {""insumo"": ""margem_historica"", ""motivo"": ""pares anuais sem alinhamento/proveniência: 2022, 2023, 2024, 2025"", ""nome"": ""margem EBIT histórica comparável""}]",c440a50cd794376f2a0474df61f57175c3eb1744f902d1157e34e93ecb15a839,https://github.com/arielassayag/MarketSummary/blob/af6eb0c93d7c14efaa49bd658c0a502f4e9aedb9/book/cobertura/2026-10-07/modelos/MX_INBURSA.json,não certificada por este inventário
MX_KIMBER,Kimberly-Clark de México,MX,Consumer Staples,corporativo,"[{""issuer_id"": ""MX_KIMBER"", ""issuer_name"": ""Kimberly-Clark de Mexico"", ""country"": ""MX"", ""gics_sector"": ""Consumer Staples"", ""line_type"": ""LOCAL"", ""yahoo_ticker"": ""KIMBERA.MX"", ""exchange"": ""BMV"", ""currency"": ""MXN"", ""adr_ratio"": """", ""primary_line"": ""true"", ""notes"": """"}]",KIMBERA.MX,MXN,2026-10-07,Compra,B,True,42.7613,"[""fcff"", ""rim"", ""multiplo_justificado""]",[],[],False,True,MXN,MXN,[],"[""eps_fy1"", ""eps_fy2""]",[],False,"[{""insumo"": ""aplicacoes_cp"", ""motivo"": ""item defasado em relação ao último balanço: aplicações financeiras de curto prazo (2024-12-31)"", ""nome"": ""aplicações financeiras de curto prazo""}, {""insumo"": ""reinvestimento"", ""motivo"": ""FCFF sem identidade observada completa de EBIT, capex, depreciação da DFC, variação do capital de giro operacional e adições de direitos de uso no mesmo período, base contábil e moeda: reinvestimento projetado por g ÷ RONIC, sem substituir ausência por zero"", ""nome"": ""reinvestimento observado""}]",b9343b1d70b51a622343fdfc125bfb8f5448022b258c482aeb1491217f705ed5,https://github.com/arielassayag/MarketSummary/blob/af6eb0c93d7c14efaa49bd658c0a502f4e9aedb9/book/cobertura/2026-10-07/modelos/MX_KIMBER.json,não certificada por este inventário
MX_KOF,Coca-Cola FEMSA,MX,Consumer Staples,corporativo,"[{""issuer_id"": ""MX_KOF"", ""issuer_name"": ""Coca-Cola FEMSA"", ""country"": ""MX"", ""gics_sector"": ""Consumer Staples"", ""line_type"": ""ADR"", ""yahoo_ticker"": ""KOF"", ""exchange"": ""NYSE"", ""currency"": ""USD"", ""adr_ratio"": ""10"", ""primary_line"": ""true"", ""notes"": ""ADS = 10 ações locais | KOF = 10 units | OK (implicito 9.995, desvio -0.0%, n=20)""}, {""issuer_id"": ""MX_KOF"", ""issuer_name"": ""Coca-Cola FEMSA"", ""country"": ""MX"", ""gics_sector"": ""Consumer Staples"", ""line_type"": ""LOCAL"", ""yahoo_ticker"": ""KOFUBL.MX"", ""exchange"": ""BMV"", ""currency"": ""MXN"", ""adr_ratio"": """", ""primary_line"": ""false"", ""notes"": ""KOF = 10 units""}]",KOFUBL.MX,MXN,2026-10-07,Neutro,C,True,157.156,"[""fcff"", ""rim"", ""multiplo_justificado""]",[],"[""G13c""]",False,True,MXN,MXN,[],"[""eps_fy1"", ""eps_fy2""]",[],False,"[{""insumo"": ""reinvestimento"", ""motivo"": ""FCFF sem identidade observada completa de EBIT, capex, depreciação da DFC, variação do capital de giro operacional e adições de direitos de uso no mesmo período, base contábil e moeda: reinvestimento projetado por g ÷ RONIC, sem substituir ausência por zero"", ""nome"": ""reinvestimento observado""}]",051b7cbae0d6cbc62b3e42921f4c05ccb81ac01655adee6d4d03476997769197,https://github.com/arielassayag/MarketSummary/blob/af6eb0c93d7c14efaa49bd658c0a502f4e9aedb9/book/cobertura/2026-10-07/modelos/MX_KOF.json,não certificada por este inventário
MX_MEGACABLE,Megacable,MX,Communication Services,corporativo,"[{""issuer_id"": ""MX_MEGACABLE"", ""issuer_name"": ""Megacable"", ""country"": ""MX"", ""gics_sector"": ""Communication Services"", ""line_type"": ""LOCAL"", ""yahoo_ticker"": ""MEGACPO.MX"", ""exchange"": ""BMV"", ""currency"": ""MXN"", ""adr_ratio"": """", ""primary_line"": ""true"", ""notes"": ""ADTV 3m < US$ 5 mi""}]",MEGACPO.MX,MXN,2026-10-07,Neutro,B,True,65.8218,"[""fcff"", ""rim"", ""multiplo_justificado""]",[],[],False,True,MXN,MXN,[],"[""eps_fy1"", ""eps_fy2""]",[],False,"[{""insumo"": ""reinvestimento"", ""motivo"": ""FCFF sem identidade observada completa de EBIT, capex, depreciação da DFC, variação do capital de giro operacional e adições de direitos de uso no mesmo período, base contábil e moeda: reinvestimento projetado por g ÷ RONIC, sem substituir ausência por zero"", ""nome"": ""reinvestimento observado""}]",b54fdebddec14e9637e25e420076792a7b6e00ab7e17cfd01361974b6f36af9e,https://github.com/arielassayag/MarketSummary/blob/af6eb0c93d7c14efaa49bd658c0a502f4e9aedb9/book/cobertura/2026-10-07/modelos/MX_MEGACABLE.json,não certificada por este inventário
MX_OMA,Grupo Aeroportuario Centro Norte,MX,Industrials,concessao,"[{""issuer_id"": ""MX_OMA"", ""issuer_name"": ""Grupo Aeroportuario Centro Norte"", ""country"": ""MX"", ""gics_sector"": ""Industrials"", ""line_type"": ""ADR"", ""yahoo_ticker"": ""OMAB"", ""exchange"": ""NASDAQ"", ""currency"": ""USD"", ""adr_ratio"": ""8"", ""primary_line"": ""true"", ""notes"": ""ADS = 8 ações locais | OMAB = 8 B | OK (implicito 8.002, desvio +0.0%, n=20)""}, {""issuer_id"": ""MX_OMA"", ""issuer_name"": ""Grupo Aeroportuario Centro Norte"", ""country"": ""MX"", ""gics_sector"": ""Industrials"", ""line_type"": ""LOCAL"", ""yahoo_ticker"": ""OMAB.MX"", ""exchange"": ""BMV"", ""currency"": ""MXN"", ""adr_ratio"": """", ""primary_line"": ""false"", ""notes"": ""OMAB = 8 B""}]",OMAB.MX,MXN,2026-10-07,Neutro,C,True,175.199,"[""fcff_vida_finita"", ""rim""]",[],"[""G17""]",False,True,MXN,MXN,[],"[""fim_concessao"", ""eps_fy1"", ""eps_fy2""]",[],False,"[{""insumo"": ""recompras"", ""motivo"": ""item defasado em relação ao último balanço: recompra de ações (2023-12-31)"", ""nome"": ""recompra de ações""}, {""insumo"": ""reinvestimento"", ""motivo"": ""FCFF sem identidade observada completa de EBIT, capex, depreciação da DFC, variação do capital de giro operacional e adições de direitos de uso no mesmo período, base contábil e moeda: reinvestimento projetado por g ÷ RONIC, sem substituir ausência por zero"", ""nome"": ""reinvestimento observado""}]",25272715b4df2af82556b355212a5ee25adb6030e2e565d06fffc49baecd0be0,https://github.com/arielassayag/MarketSummary/blob/af6eb0c93d7c14efaa49bd658c0a502f4e9aedb9/book/cobertura/2026-10-07/modelos/MX_OMA.json,não certificada por este inventário
MX_ORBIA,Orbia,MX,Materials,corporativo,"[{""issuer_id"": ""MX_ORBIA"", ""issuer_name"": ""Orbia"", ""country"": ""MX"", ""gics_sector"": ""Materials"", ""line_type"": ""LOCAL"", ""yahoo_ticker"": ""ORBIA.MX"", ""exchange"": ""BMV"", ""currency"": ""MXN"", ""adr_ratio"": """", ""primary_line"": ""true"", ""notes"": ""ADTV 3m < US$ 5 mi""}]",ORBIA.MX,MXN,2026-10-07,Neutro,C,True,12.2642,"[""rim"", ""multiplo_justificado""]",[],[],False,True,USD,USD,[],"[""eps_fy1"", ""eps_fy2""]",[],False,"[{""insumo"": ""dividendos_pagos"", ""motivo"": ""item defasado em relação ao último balanço: dividendos e juros sobre capital pagos (2024-12-31)"", ""nome"": ""dividendos e juros sobre capital pagos""}, {""insumo"": ""dps_12m"", ""motivo"": ""sem histórico de proventos nem dividendos pagos no DFC"", ""nome"": ""dividendos dos últimos 12 meses""}, {""insumo"": ""reinvestimento"", ""motivo"": ""FCFF sem identidade observada completa de EBIT, capex, depreciação da DFC, variação do capital de giro operacional e adições de direitos de uso no mesmo período, base contábil e moeda: reinvestimento projetado por g ÷ RONIC, sem substituir ausência por zero"", ""nome"": ""reinvestimento observado""}, {""insumo"": ""metodo.fcff"", ""motivo"": ""valor do patrimônio não positivo (dissidência: conta na dispersão como zero)"", ""nome"": ""Fluxo de caixa livre da firma (três estágios)""}]",c237ef374b597340842508137c2c46794b8a71b21332934870bcf2e4c05c2d0f,https://github.com/arielassayag/MarketSummary/blob/af6eb0c93d7c14efaa49bd658c0a502f4e9aedb9/book/cobertura/2026-10-07/modelos/MX_ORBIA.json,não certificada por este inventário
MX_PENOLES,Industrias Peñoles,MX,Materials,commodity,"[{""issuer_id"": ""MX_PENOLES"", ""issuer_name"": ""Industrias Penoles"", ""country"": ""MX"", ""gics_sector"": ""Materials"", ""line_type"": ""LOCAL"", ""yahoo_ticker"": ""PE&OLES.MX"", ""exchange"": ""BMV"", ""currency"": ""MXN"", ""adr_ratio"": """", ""primary_line"": ""true"", ""notes"": """"}]",PE&OLES.MX,MXN,2026-10-07,Neutro,B,True,932.844,"[""fcff_normalizado"", ""rim"", ""regressao_ev_receita""]",[],[],False,True,USD,MXN,[],"[""eps_fy1"", ""eps_fy2""]",[],False,"[{""insumo"": ""g_receita_historico"", ""motivo"": ""crescimento histórico da receita de 66,9% fora da faixa plausível (provável efeito contábil): não usado"", ""nome"": ""crescimento histórico da receita""}, {""insumo"": ""reinvestimento"", ""motivo"": ""FCFF sem identidade observada completa de EBIT, capex, depreciação da DFC, variação do capital de giro operacional e adições de direitos de uso no mesmo período, base contábil e moeda: reinvestimento projetado por g ÷ RONIC, sem substituir ausência por zero"", ""nome"": ""reinvestimento observado""}]",12309c8b47e5a9a4274c4af619e5f06ce2ffd8555b8b967276da7c79a80aea8a,https://github.com/arielassayag/MarketSummary/blob/af6eb0c93d7c14efaa49bd658c0a502f4e9aedb9/book/cobertura/2026-10-07/modelos/MX_PENOLES.json,não certificada por este inventário
MX_PINFRA,Pinfra,MX,Industrials,concessao,"[{""issuer_id"": ""MX_PINFRA"", ""issuer_name"": ""Pinfra"", ""country"": ""MX"", ""gics_sector"": ""Industrials"", ""line_type"": ""LOCAL"", ""yahoo_ticker"": ""PINFRA.MX"", ""exchange"": ""BMV"", ""currency"": ""MXN"", ""adr_ratio"": """", ""primary_line"": ""true"", ""notes"": ""ADTV 3m < US$ 5 mi""}]",PINFRA.MX,MXN,2026-10-07,Compra,B,True,393.542,"[""fcff_vida_finita"", ""rim""]",[],[],False,True,MXN,MXN,[],"[""eps_fy1"", ""eps_fy2""]",[],False,"[{""insumo"": ""reinvestimento"", ""motivo"": ""FCFF sem identidade observada completa de EBIT, capex, depreciação da DFC, variação do capital de giro operacional e adições de direitos de uso no mesmo período, base contábil e moeda: reinvestimento projetado por g ÷ RONIC, sem substituir ausência por zero"", ""nome"": ""reinvestimento observado""}]",310701a2ab4809e380047e4d8f8a323eba8292f153b31364c0b5bbc6339970c6,https://github.com/arielassayag/MarketSummary/blob/af6eb0c93d7c14efaa49bd658c0a502f4e9aedb9/book/cobertura/2026-10-07/modelos/MX_PINFRA.json,não certificada por este inventário
MX_QUALITAS,Quálitas,MX,Financials,seguradora,"[{""issuer_id"": ""MX_QUALITAS"", ""issuer_name"": ""Qualitas"", ""country"": ""MX"", ""gics_sector"": ""Financials"", ""line_type"": ""LOCAL"", ""yahoo_ticker"": ""Q.MX"", ""exchange"": ""BMV"", ""currency"": ""MXN"", ""adr_ratio"": """", ""primary_line"": ""true"", ""notes"": """"}]",Q.MX,MXN,2026-10-07,Neutro,B,True,175.857,"[""ddm"", ""rim""]",[],[],False,True,MXN,MXN,[],"[""eps_fy1"", ""eps_fy2""]",[],False,"[{""insumo"": ""margem"", ""motivo"": ""ebit: valor ausente ou não finito; ebit: período de 12 meses não demonstrado; ebit: moeda da fonte não demonstrada; ebit: base contábil não demonstrada"", ""nome"": ""margem EBIT comparável""}, {""insumo"": ""margem_historica"", ""motivo"": ""pares anuais sem alinhamento/proveniência: 2022, 2023, 2024, 2025"", ""nome"": ""margem EBIT histórica comparável""}, {""insumo"": ""metodo.regressao_pl"", ""motivo"": ""regressão transversal indisponível (R² de 0,18 abaixo do mínimo de 0,25)"", ""nome"": ""P/L de regressão transversal (crescimento, payout, β)""}]",4e5e18cdf79747dfa11554d0aa99dce51d4a0a2205e2b3d97130d2849767d47a,https://github.com/arielassayag/MarketSummary/blob/af6eb0c93d7c14efaa49bd658c0a502f4e9aedb9/book/cobertura/2026-10-07/modelos/MX_QUALITAS.json,não certificada por este inventário
MX_REGIONAL,Regional (Banregio),MX,Financials,banco,"[{""issuer_id"": ""MX_REGIONAL"", ""issuer_name"": ""Regional (Banregio)"", ""country"": ""MX"", ""gics_sector"": ""Financials"", ""line_type"": ""LOCAL"", ""yahoo_ticker"": ""RA.MX"", ""exchange"": ""BMV"", ""currency"": ""MXN"", ""adr_ratio"": """", ""primary_line"": ""true"", ""notes"": ""ADTV 3m < US$ 5 mi""}]",RA.MX,MXN,2026-10-07,Compra,B,True,252.538,"[""rim"", ""pb_justificado"", ""regressao_pb_roe""]",[],[],False,True,MXN,MXN,[],"[""eps_fy1"", ""eps_fy2""]",[],False,"[{""insumo"": ""margem"", ""motivo"": ""ebit: valor ausente ou não finito; ebit: período de 12 meses não demonstrado; ebit: moeda da fonte não demonstrada; ebit: base contábil não demonstrada"", ""nome"": ""margem EBIT comparável""}, {""insumo"": ""margem_historica"", ""motivo"": ""pares anuais sem alinhamento/proveniência: 2022, 2023, 2024, 2025"", ""nome"": ""margem EBIT histórica comparável""}]",0d361679203c4703d68bdaf61563daca1440ed736ed2340d0ecc2988073d1083,https://github.com/arielassayag/MarketSummary/blob/af6eb0c93d7c14efaa49bd658c0a502f4e9aedb9/book/cobertura/2026-10-07/modelos/MX_REGIONAL.json,não certificada por este inventário
MX_SIGMA,Sigma Foods (ex-Alfa),MX,Consumer Staples,corporativo,"[{""issuer_id"": ""MX_SIGMA"", ""issuer_name"": ""Sigma Foods (ex-Alfa)"", ""country"": ""MX"", ""gics_sector"": ""Consumer Staples"", ""line_type"": ""LOCAL"", ""yahoo_ticker"": ""SIGMAFA.MX"", ""exchange"": ""BMV"", ""currency"": ""MXN"", ""adr_ratio"": """", ""primary_line"": ""true"", ""notes"": ""ALFAA->SIGMAFA (12/2025) apos spin-off da Alpek (04/2025)""}]",SIGMAFA.MX,MXN,2026-10-07,Neutro,B,True,13.7348,"[""fcff"", ""rim"", ""multiplo_justificado""]",[],[],False,True,MXN,MXN,[],"[""eps_fy1"", ""eps_fy2""]",[],False,"[{""insumo"": ""reinvestimento"", ""motivo"": ""FCFF sem identidade observada completa de EBIT, capex, depreciação da DFC, variação do capital de giro operacional e adições de direitos de uso no mesmo período, base contábil e moeda: reinvestimento projetado por g ÷ RONIC, sem substituir ausência por zero"", ""nome"": ""reinvestimento observado""}]",b792eebec0e4deea1403af060492ac39f2e75d63e6b2d5df4b5352aa743fb7bd,https://github.com/arielassayag/MarketSummary/blob/af6eb0c93d7c14efaa49bd658c0a502f4e9aedb9/book/cobertura/2026-10-07/modelos/MX_SIGMA.json,não certificada por este inventário
MX_TELEVISA,Grupo Televisa,MX,Communication Services,corporativo,"[{""issuer_id"": ""MX_TELEVISA"", ""issuer_name"": ""Grupo Televisa"", ""country"": ""MX"", ""gics_sector"": ""Communication Services"", ""line_type"": ""LOCAL"", ""yahoo_ticker"": ""TLEVISACPO.MX"", ""exchange"": ""BMV"", ""currency"": ""MXN"", ""adr_ratio"": """", ""primary_line"": ""true"", ""notes"": ""TV = 5 CPO | ADTV 3m < US$ 5 mi""}, {""issuer_id"": ""MX_TELEVISA"", ""issuer_name"": ""Grupo Televisa"", ""country"": ""MX"", ""gics_sector"": ""Communication Services"", ""line_type"": ""ADR"", ""yahoo_ticker"": ""TV"", ""exchange"": ""NYSE"", ""currency"": ""USD"", ""adr_ratio"": ""5"", ""primary_line"": ""false"", ""notes"": ""ADS = 5 ações locais | TV = 5 CPO | OK (implicito 5.017, desvio +0.3%, n=20) | ADTV 3m < US$ 5 mi""}]",TLEVISACPO.MX,MXN,2026-10-07,Neutro,C,True,9.05112,"[""rim"", ""multiplo_justificado""]",[],[],False,True,MXN,MXN,[],"[""eps_fy1"", ""eps_fy2""]",[],False,"[{""insumo"": ""reinvestimento"", ""motivo"": ""FCFF sem identidade observada completa de EBIT, capex, depreciação da DFC, variação do capital de giro operacional e adições de direitos de uso no mesmo período, base contábil e moeda: reinvestimento projetado por g ÷ RONIC, sem substituir ausência por zero"", ""nome"": ""reinvestimento observado""}, {""insumo"": ""metodo.fcff"", ""motivo"": ""valor do patrimônio não positivo (dissidência: conta na dispersão como zero)"", ""nome"": ""Fluxo de caixa livre da firma (três estágios)""}]",28b20ef86c710a5b353f9b2281b6f64a16d26d262fe598dc71ccb6ca4b0eef8d,https://github.com/arielassayag/MarketSummary/blob/af6eb0c93d7c14efaa49bd658c0a502f4e9aedb9/book/cobertura/2026-10-07/modelos/MX_TELEVISA.json,não certificada por este inventário
MX_TERNIUM,Ternium,MX,Materials,commodity,"[{""issuer_id"": ""MX_TERNIUM"", ""issuer_name"": ""Ternium"", ""country"": ""MX"", ""gics_sector"": ""Materials"", ""line_type"": ""ADR"", ""yahoo_ticker"": ""TX"", ""exchange"": ""NYSE"", ""currency"": ""USD"", ""adr_ratio"": ""10"", ""primary_line"": ""true"", ""notes"": ""ADS = 10 ações locais | Luxemburgo; Mexico/Argentina/Brasil; TX = 10 acoes | NAO_VERIFICAVEL (sem linha local liquida/serie)""}]",TX,USD,2026-10-07,Neutro,B,True,54.9234,"[""fcff_normalizado"", ""rim"", ""regressao_ev_receita""]",[],[],False,True,USD,USD,[],"[""eps_fy1"", ""eps_fy2""]",[],False,"[{""insumo"": ""reinvestimento"", ""motivo"": ""FCFF sem identidade observada completa de EBIT, capex, depreciação da DFC, variação do capital de giro operacional e adições de direitos de uso no mesmo período, base contábil e moeda: reinvestimento projetado por g ÷ RONIC, sem substituir ausência por zero"", ""nome"": ""reinvestimento observado""}]",14140f4ecb23bac6b8c6989887b3741d8c42981aa584ac69642b95d647c75cdd,https://github.com/arielassayag/MarketSummary/blob/af6eb0c93d7c14efaa49bd658c0a502f4e9aedb9/book/cobertura/2026-10-07/modelos/MX_TERNIUM.json,não certificada por este inventário
MX_VESTA,Corporación Inmobiliaria Vesta,MX,Real Estate,imobiliario,"[{""issuer_id"": ""MX_VESTA"", ""issuer_name"": ""Corporacion Inmobiliaria Vesta"", ""country"": ""MX"", ""gics_sector"": ""Real Estate"", ""line_type"": ""LOCAL"", ""yahoo_ticker"": ""VESTA.MX"", ""exchange"": ""BMV"", ""currency"": ""MXN"", ""adr_ratio"": """", ""primary_line"": ""true"", ""notes"": ""VTMX = 10 acoes""}, {""issuer_id"": ""MX_VESTA"", ""issuer_name"": ""Corporacion Inmobiliaria Vesta"", ""country"": ""MX"", ""gics_sector"": ""Real Estate"", ""line_type"": ""ADR"", ""yahoo_ticker"": ""VTMX"", ""exchange"": ""NYSE"", ""currency"": ""USD"", ""adr_ratio"": ""10"", ""primary_line"": ""false"", ""notes"": ""ADS = 10 ações locais | VTMX = 10 acoes | OK (implicito 9.971, desvio -0.3%, n=20) | ADTV 3m < US$ 5 mi""}]",VTMX,USD,2026-10-07,Neutro,C,True,43.9163,"[""rim"", ""regressao_pb_roe""]",[],[],False,True,USD,MXN,[],"[""eps_fy1"", ""eps_fy2""]",[],True,"[{""insumo"": ""aplicacoes_cp"", ""motivo"": ""item defasado em relação ao último balanço: aplicações financeiras de curto prazo (2022-12-31)"", ""nome"": ""aplicações financeiras de curto prazo""}, {""insumo"": ""reinvestimento"", ""motivo"": ""FCFF sem identidade observada completa de EBIT, capex, depreciação da DFC, variação do capital de giro operacional e adições de direitos de uso no mesmo período, base contábil e moeda: reinvestimento projetado por g ÷ RONIC, sem substituir ausência por zero"", ""nome"": ""reinvestimento observado""}]",0a999c2823c4e3171d06ce8d52d64791ea93d40afcc2e6b173dcc67e53a4f4be,https://github.com/arielassayag/MarketSummary/blob/af6eb0c93d7c14efaa49bd658c0a502f4e9aedb9/book/cobertura/2026-10-07/modelos/MX_VESTA.json,não certificada por este inventário
MX_VISTA,Vista Energy,AR,Energy,commodity,"[{""issuer_id"": ""MX_VISTA"", ""issuer_name"": ""Vista Energy"", ""country"": ""AR"", ""gics_sector"": ""Energy"", ""line_type"": ""ADR"", ""yahoo_ticker"": ""VIST"", ""exchange"": ""NYSE"", ""currency"": ""USD"", ""adr_ratio"": ""1"", ""primary_line"": ""true"", ""notes"": ""ADS = 1 ações locais | Domicilio Mexico (BMV), operacao Vaca Muerta; VIST = 1 serie A | OK (implicito 0.996, desvio -0.4%, n=20)""}]",VIST,USD,2026-10-07,Neutro,C,True,69.9172,"[""fcff_normalizado"", ""rim"", ""regressao_ev_receita""]",[],[],False,True,USD,MXN,[],"[""eps_fy1"", ""eps_fy2""]",[],False,"[{""insumo"": ""g_receita_historico"", ""motivo"": ""crescimento histórico da receita de 113,9% fora da faixa plausível (provável efeito contábil): não usado"", ""nome"": ""crescimento histórico da receita""}, {""insumo"": ""reinvestimento"", ""motivo"": ""FCFF sem identidade observada completa de EBIT, capex, depreciação da DFC, variação do capital de giro operacional e adições de direitos de uso no mesmo período, base contábil e moeda: reinvestimento projetado por g ÷ RONIC, sem substituir ausência por zero"", ""nome"": ""reinvestimento observado""}]",40c190811fdd1a329194f74a2dfaf9fbd906bdd479ea0636249c947c9adbdad8,https://github.com/arielassayag/MarketSummary/blob/af6eb0c93d7c14efaa49bd658c0a502f4e9aedb9/book/cobertura/2026-10-07/modelos/MX_VISTA.json,não certificada por este inventário
MX_VOLARIS,Volaris,MX,Industrials,corporativo,"[{""issuer_id"": ""MX_VOLARIS"", ""issuer_name"": ""Volaris"", ""country"": ""MX"", ""gics_sector"": ""Industrials"", ""line_type"": ""ADR"", ""yahoo_ticker"": ""VLRS"", ""exchange"": ""NYSE"", ""currency"": ""USD"", ""adr_ratio"": ""10"", ""primary_line"": ""true"", ""notes"": ""ADS = 10 ações locais | VLRS = 10 A | OK (implicito 9.907, desvio -0.9%, n=20) | ADTV 3m < US$ 5 mi""}]",VLRS,USD,2026-10-07,Sem preço-alvo,Insuficiente,False,,[],"[""G3""]",[],False,True,USD,USD,[],"[""eps_fy1"", ""eps_fy2""]",[],,"[{""insumo"": ""reinvestimento"", ""motivo"": ""FCFF sem identidade observada completa de EBIT, capex, depreciação da DFC, variação do capital de giro operacional e adições de direitos de uso no mesmo período, base contábil e moeda: reinvestimento projetado por g ÷ RONIC, sem substituir ausência por zero"", ""nome"": ""reinvestimento observado""}, {""insumo"": ""metodo.fcff"", ""motivo"": ""valor do patrimônio não positivo (dissidência: conta na dispersão como zero)"", ""nome"": ""Fluxo de caixa livre da firma (três estágios)""}, {""insumo"": ""metodo.rim"", ""motivo"": ""LPA, payout ou ROE de convergência indisponível"", ""nome"": ""Lucro residual (GLS)""}, {""insumo"": ""metodo.multiplo_justificado"", ""motivo"": ""LPA positivo ou ROE sustentável indisponível"", ""nome"": ""P/L justificado pelos fundamentos""}]",834f91ecf0cc156ddc9426945dda0414c3df47d53451a3feb485cc41aa43b2d2,https://github.com/arielassayag/MarketSummary/blob/af6eb0c93d7c14efaa49bd658c0a502f4e9aedb9/book/cobertura/2026-10-07/modelos/MX_VOLARIS.json,não certificada por este inventário
MX_WALMEX,Walmart de México,MX,Consumer Staples,corporativo,"[{""issuer_id"": ""MX_WALMEX"", ""issuer_name"": ""Walmart de Mexico"", ""country"": ""MX"", ""gics_sector"": ""Consumer Staples"", ""line_type"": ""LOCAL"", ""yahoo_ticker"": ""WALMEX.MX"", ""exchange"": ""BMV"", ""currency"": ""MXN"", ""adr_ratio"": """", ""primary_line"": ""true"", ""notes"": """"}]",WALMEX.MX,MXN,2026-10-07,Neutro,B,True,39.2029,"[""fcff"", ""rim"", ""multiplo_justificado""]",[],[],False,True,MXN,MXN,[],"[""eps_fy1"", ""eps_fy2""]",[],False,"[{""insumo"": ""reinvestimento"", ""motivo"": ""FCFF sem identidade observada completa de EBIT, capex, depreciação da DFC, variação do capital de giro operacional e adições de direitos de uso no mesmo período, base contábil e moeda: reinvestimento projetado por g ÷ RONIC, sem substituir ausência por zero"", ""nome"": ""reinvestimento observado""}]",d9011b649102705a4dfd7e03d36ccfd810dbb3521c9c235acd57d41c7e778732,https://github.com/arielassayag/MarketSummary/blob/af6eb0c93d7c14efaa49bd658c0a502f4e9aedb9/book/cobertura/2026-10-07/modelos/MX_WALMEX.json,não certificada por este inventário
PE_BVN,Buenaventura,PE,Materials,commodity,"[{""issuer_id"": ""PE_BVN"", ""issuer_name"": ""Buenaventura"", ""country"": ""PE"", ""gics_sector"": ""Materials"", ""line_type"": ""ADR"", ""yahoo_ticker"": ""BVN"", ""exchange"": ""NYSE"", ""currency"": ""USD"", ""adr_ratio"": ""1"", ""primary_line"": ""true"", ""notes"": ""ADS = 1 ações locais | BVN = 1 acao comum | OK (implicito 0.931, desvio -6.9%, n=20)""}]",BVN,USD,2026-10-07,Neutro,C,True,16.9612,"[""fcff_normalizado"", ""rim""]",[],"[""G20""]",False,True,USD,USD,[],"[""eps_fy1"", ""eps_fy2"", ""dps_12m""]","[""dps_12m""]",False,"[{""insumo"": ""cfo"", ""motivo"": ""item defasado em relação ao último balanço: fluxo de caixa das operações (2023-12-31)"", ""nome"": ""fluxo de caixa das operações""}, {""insumo"": ""fcf"", ""motivo"": ""item defasado em relação ao último balanço: fluxo de caixa livre (2023-12-31)"", ""nome"": ""fluxo de caixa livre""}, {""insumo"": ""dividendos_pagos"", ""motivo"": ""item defasado em relação ao último balanço: dividendos e juros sobre capital pagos (2023-12-31)"", ""nome"": ""dividendos e juros sobre capital pagos""}, {""insumo"": ""g_receita_historico"", ""motivo"": ""crescimento histórico da receita de 77,4% fora da faixa plausível (provável efeito contábil): não usado"", ""nome"": ""crescimento histórico da receita""}, {""insumo"": ""reinvestimento"", ""motivo"": ""FCFF sem identidade observada completa de EBIT, capex, depreciação da DFC, variação do capital de giro operacional e adições de direitos de uso no mesmo período, base contábil e moeda: reinvestimento projetado por g ÷ RONIC, sem substituir ausência por zero"", ""nome"": ""reinvestimento observado""}, {""insumo"": ""metodo.regressao_ev_receita"", ""motivo"": ""fundamentos do emissor incompletos para a regressão"", ""nome"": ""EV/Receita de regressão transversal (margem, crescimento, alavancagem)""}]",a2203ee1d96c4865df5677a1709b78fc053cd2a1b98ce97f9c961e7489188221,https://github.com/arielassayag/MarketSummary/blob/af6eb0c93d7c14efaa49bd658c0a502f4e9aedb9/book/cobertura/2026-10-07/modelos/PE_BVN.json,não certificada por este inventário
PE_CREDICORP,Credicorp,PE,Financials,banco,"[{""issuer_id"": ""PE_CREDICORP"", ""issuer_name"": ""Credicorp"", ""country"": ""PE"", ""gics_sector"": ""Financials"", ""line_type"": ""US_LISTED"", ""yahoo_ticker"": ""BAP"", ""exchange"": ""NYSE"", ""currency"": ""USD"", ""adr_ratio"": """", ""primary_line"": ""true"", ""notes"": ""Bermudas; acoes ordinarias na NYSE e BVL""}]",BAP,USD,2026-10-07,Neutro,B,True,424.866,"[""rim"", ""pb_justificado"", ""regressao_pb_roe""]",[],[],False,True,PEN,USD,[],"[""eps_fy1"", ""eps_fy2"", ""dps_12m""]","[""dps_12m""]",False,"[{""insumo"": ""margem"", ""motivo"": ""ebit: valor ausente ou não finito; ebit: período de 12 meses não demonstrado; ebit: moeda da fonte não demonstrada; ebit: base contábil não demonstrada"", ""nome"": ""margem EBIT comparável""}, {""insumo"": ""margem_historica"", ""motivo"": ""pares anuais sem alinhamento/proveniência: 2022, 2023, 2024, 2025"", ""nome"": ""margem EBIT histórica comparável""}]",75382e324cf38f8901b895e0b59ecbe823230946d3c85ee0fd1bb9c2c076ad5a,https://github.com/arielassayag/MarketSummary/blob/af6eb0c93d7c14efaa49bd658c0a502f4e9aedb9/book/cobertura/2026-10-07/modelos/PE_CREDICORP.json,não certificada por este inventário
PE_HUDBAY,Hudbay Minerals,PE,Materials,commodity,"[{""issuer_id"": ""PE_HUDBAY"", ""issuer_name"": ""Hudbay Minerals"", ""country"": ""PE"", ""gics_sector"": ""Materials"", ""line_type"": ""US_LISTED"", ""yahoo_ticker"": ""HBM"", ""exchange"": ""NYSE"", ""currency"": ""USD"", ""adr_ratio"": """", ""primary_line"": ""true"", ""notes"": ""Canada; Peru (Constancia) + Canada/EUA | SATELLITE: emissor estrangeiro com ativos LatAm (opcional)""}]",HBM,USD,2026-10-07,Venda,B,True,14.8795,"[""fcff_normalizado"", ""rim"", ""regressao_ev_receita""]",[],[],False,True,USD,USD,[],"[""eps_fy1"", ""eps_fy2""]",[],False,"[{""insumo"": ""reinvestimento"", ""motivo"": ""FCFF sem identidade observada completa de EBIT, capex, depreciação da DFC, variação do capital de giro operacional e adições de direitos de uso no mesmo período, base contábil e moeda: reinvestimento projetado por g ÷ RONIC, sem substituir ausência por zero"", ""nome"": ""reinvestimento observado""}]",439add76f530e4b2642b329c560ddd908eb204eae64b6f76d2598bd69cae9eb8,https://github.com/arielassayag/MarketSummary/blob/af6eb0c93d7c14efaa49bd658c0a502f4e9aedb9/book/cobertura/2026-10-07/modelos/PE_HUDBAY.json,não certificada por este inventário
PE_IFS,Intercorp Financial Services,PE,Financials,banco,"[{""issuer_id"": ""PE_IFS"", ""issuer_name"": ""Intercorp Financial Services"", ""country"": ""PE"", ""gics_sector"": ""Financials"", ""line_type"": ""US_LISTED"", ""yahoo_ticker"": ""IFS"", ""exchange"": ""NYSE"", ""currency"": ""USD"", ""adr_ratio"": """", ""primary_line"": ""true"", ""notes"": """"}]",IFS,USD,2026-10-07,Compra,B,True,85.6896,"[""rim"", ""pb_justificado"", ""regressao_pb_roe""]",[],[],False,True,PEN,PEN,[],"[""eps_fy1"", ""eps_fy2""]",[],False,"[{""insumo"": ""margem"", ""motivo"": ""ebit: valor ausente ou não finito; ebit: período de 12 meses não demonstrado; ebit: moeda da fonte não demonstrada; ebit: base contábil não demonstrada"", ""nome"": ""margem EBIT comparável""}, {""insumo"": ""margem_historica"", ""motivo"": ""pares anuais sem alinhamento/proveniência: 2022, 2023, 2024, 2025"", ""nome"": ""margem EBIT histórica comparável""}]",4dc9d8681e173b444840d37eeed6b57b634679a5285396b21424a93f9511567a,https://github.com/arielassayag/MarketSummary/blob/af6eb0c93d7c14efaa49bd658c0a502f4e9aedb9/book/cobertura/2026-10-07/modelos/PE_IFS.json,não certificada por este inventário
PE_NEXA,Nexa Resources,PE,Materials,commodity,"[{""issuer_id"": ""PE_NEXA"", ""issuer_name"": ""Nexa Resources"", ""country"": ""PE"", ""gics_sector"": ""Materials"", ""line_type"": ""US_LISTED"", ""yahoo_ticker"": ""NEXA"", ""exchange"": ""NYSE"", ""currency"": ""USD"", ""adr_ratio"": """", ""primary_line"": ""true"", ""notes"": ""Luxemburgo; Peru/Brasil (Votorantim)""}]",NEXA,USD,2026-10-07,Neutro,C,True,32.3311,"[""fcff_normalizado"", ""rim"", ""regressao_ev_receita""]",[],"[""G11""]",False,True,USD,USD,[],"[""eps_fy1"", ""eps_fy2""]",[],False,"[{""insumo"": ""reinvestimento"", ""motivo"": ""FCFF sem identidade observada completa de EBIT, capex, depreciação da DFC, variação do capital de giro operacional e adições de direitos de uso no mesmo período, base contábil e moeda: reinvestimento projetado por g ÷ RONIC, sem substituir ausência por zero"", ""nome"": ""reinvestimento observado""}]",a50edc951def0dc09e7e0c9090226e8bf0cc8f5fd4270780c1615446981783ea,https://github.com/arielassayag/MarketSummary/blob/af6eb0c93d7c14efaa49bd658c0a502f4e9aedb9/book/cobertura/2026-10-07/modelos/PE_NEXA.json,não certificada por este inventário
PE_SCCO,Southern Copper,PE,Materials,commodity,"[{""issuer_id"": ""PE_SCCO"", ""issuer_name"": ""Southern Copper"", ""country"": ""PE"", ""gics_sector"": ""Materials"", ""line_type"": ""US_LISTED"", ""yahoo_ticker"": ""SCCO"", ""exchange"": ""NYSE"", ""currency"": ""USD"", ""adr_ratio"": """", ""primary_line"": ""true"", ""notes"": ""Delaware; minas no Peru e Mexico; controlada pelo Grupo Mexico""}]",SCCO,USD,2026-10-07,Em revisão,C,False,87.2782,"[""rim""]","[""G11""]","[""G20""]",False,True,USD,USD,[],"[""eps_fy1"", ""eps_fy2""]",[],True,"[{""insumo"": ""divida_bruta"", ""motivo"": ""item defasado em relação ao último balanço: dívida bruta (2024-12-31)"", ""nome"": ""dívida bruta""}, {""insumo"": ""divida_liquida"", ""motivo"": ""item defasado em relação ao último balanço: dívida líquida (2024-12-31)"", ""nome"": ""dívida líquida""}, {""insumo"": ""divida_liquida"", ""motivo"": ""dívida bruta ou caixa indisponível"", ""nome"": ""dívida líquida""}, {""insumo"": ""g_receita_historico"", ""motivo"": ""crescimento histórico da receita de 38,1% fora da faixa plausível (provável efeito contábil): não usado"", ""nome"": ""crescimento histórico da receita""}, {""insumo"": ""reinvestimento"", ""motivo"": ""FCFF sem identidade observada completa de EBIT, capex, depreciação da DFC, variação do capital de giro operacional e adições de direitos de uso no mesmo período, base contábil e moeda: reinvestimento projetado por g ÷ RONIC, sem substituir ausência por zero"", ""nome"": ""reinvestimento observado""}, {""insumo"": ""metodo.fcff_normalizado"", ""motivo"": ""indisponível: dívida líquida, WACC"", ""nome"": ""Fluxo de caixa livre com margem ao longo do ciclo""}, {""insumo"": ""metodo.regressao_ev_receita"", ""motivo"": ""fundamentos do emissor incompletos para a regressão"", ""nome"": ""EV/Receita de regressão transversal (margem, crescimento, alavancagem)""}]",aaff41f1de877404181ecd7d7b3d017ff053e77ae1579c805702b97b2b873190,https://github.com/arielassayag/MarketSummary/blob/af6eb0c93d7c14efaa49bd658c0a502f4e9aedb9/book/cobertura/2026-10-07/modelos/PE_SCCO.json,não certificada por este inventário
